CodemixedText,HateorNot,text_length,matched_words,has_profanity,total_severity,Rule_Hate
knowing ki vikas kitna samjhata hai priyanka aur itch guard luv ko usne bola tha ben wali baat me ab sallu ne bhi agree kiya,0,124,[],0,0,0
i am muhajir aur mere lye sab se pehly pakistan he agr lakh altaf jese leaders bh is zameen ki behurmati kren un sbko sar e aam phansi deni chahye proud to be a and,0,164,[],0,0,0
doctor sab sahi me ke phd in hate politics wale bhai padhe likhe ho fir kyu ye sab baate karte ho tum bas bowling khelo aur maje lo pictwittercomfkqubqstw,0,154,[],0,0,0
poore desh me patel obc me aate hain sirf gujrat ko chor kar may be ye manuwadiyon bramanwadi kabhi aapko aarackchan nahi denge ye to jis obc ko mila hai usse bhi nafrat karte hain ye khoon aur chamdi ka frak karne waale bharmhanwadi kisi ke sage nahi hain,0,256,[],0,0,0
sarkar banne ke bad hindu hit me ek bhi faisla jo bjp ke dwara liya gaya hobjp ko gaygobarmandirmasjid aur nafrat faila kar vot chahiye,1,135,[],0,0,0
hate it jab test ata ho phr bh acha na ho,1,41,[],0,0,0
ek dil ek jaan akal ke imitihaan kal kp ke rape aur sawing between two legs after rape honge justified due to cinematic liberty aaj toh rajput ki ho gayi shaan urdu ki gulaam,0,174,[],0,0,0
aise logo se sakht nafrat karta hu jo caste ko naam ke sath jod ke chaude hote h but real me vo piddu hote h,1,108,[],0,0,0
sir jyada sentimental mat ho jao peene ke baadjiss desh ki buniyad sirf hindu hatred pe hui ho woh kabhi nahi sudrega aap pok de do yaa phir kabootar udao jawab sirf goliyon se milega,1,183,[],0,0,0
i am very sorry to say saaf dil shilpa ke fans hiten ke dil mein kya hai woh bhi samjhte hain hadh hoti hai nafrat ki bhi,0,121,[],0,0,0
madambahut sochsamajhkr mai ess tarq pe pureymahino mei pahucha hoon k asli wajah muslim hatredhai jo kabipartitionramtemplegaumatabharatmaatakijai vandematram raastragan pak premigaddaarbachche jyada bibiyabachche k safar tai karte huey tajmahal p jake atka hai,0,262,[],0,0,0
i hate sapna yaar coz khud ko toh chalana aati nae aur hum agar tez chalaenge toh tokna shru dheere se chalao,1,109,[],0,0,0
ha rem emoji i hate this emoji mujhe nagini ki hi yaad aati hai,0,63,[],0,0,0
hate heena too much irritating n bat karne ka tamiz nhi hai unmesab ko insult karna ati hai unkobas aur kuch nhi ati haibohot insecure hai wo ladki,1,147,[],0,0,0
sir apki fav kon hai iss seasn mai,0,34,[],0,0,0
mehanat to school me copy karke likhne me b lagti hai fir illegal kyu atanki ko b lagti hai fir nafrat kyu paise lekar ghar ki aurato ka smman bech doge kya paise aur mehanat ke liye aap,0,186,[],0,0,0
ladla wo hay jo fard jurm kay bad bhi girftar nahi hota money trail nahi deta aur saza nahi milti murder karta hay aur phansi nahi lagti,0,136,[],0,0,0
aur ye barun ka comeback show tha koi q nahi dekhna chahega lekin fir b nahi dekh paye mai shivani ko q hate karu muze uski acting nahi achchi lagi jo muze laga wo maine kaha wo mera opinion hai,0,194,[],0,0,0
sir ji ab ye possible nahi hai bahut nafrat hai dono or ab ek hi rasta hai sarhad ke lakir ko mita kar hi ye khatam ho sakta hai jinna sahab to mar gaye or neharu ji bhi ab fir se ek kartay hai dono mulk ko akhand bharat ek bharat,0,230,[],0,0,0
code phatta hai toh phatne do mujhe project se nafrat ho gayi hai mujhe development team se hatne do,1,100,[],0,0,0
arsi bahar jani chahiye i hate arsi khan,1,40,[],0,0,0
achha bta diya hum n show hi nhi dekha tha khbri krta kuch ni sirf maa bnta h kr hina ko hate,0,93,[],0,0,0
karachi say agencies panjabi pathano ko qatal kerkay onki lashain gaoon bhaijti hain takey mohajiro kaykhilaf nafrat paida ho,1,125,[],0,0,0
kaahe ke hindu bhamhanwadi se nafrat hai bus,0,44,[],0,0,0
aj arshi ne jo laat eske pichwade mei mari thi wo photo twit kro bhai juldi se,0,78,[],0,0,0
ar tag kro ki konkon esh hyena ko munh mei haddi dalna chahta h ya laat marna arshi ki trh,0,90,[],0,0,0
gf khoon peene k liye hoti hai aur apne babu ko thana thilane k liye bas,0,72,[],0,0,0
haa bhai ye chutiye log ki hatred apni liye milan ki bela ban k aayi hai lets screw this haters,1,95,[],0,0,0
abe bigg boss show me baki contestants bhi hai un se related news deta nhisirf sari updates hina se related deta haiwo bhi hate walikhabari hai bakri chabar chabar karta rehta hina k bare me,0,190,[],0,0,0
stone miracle of hazrat imam hussain ra wo pathar jis se abhi tak khoon behta hai via,0,85,[],0,0,0
pappu ka ye saja phansi se kam nahi,0,35,[],0,0,0
sir phansi nahi sirf looted money wapas chaiya,0,46,[],0,0,0
bhai ye log honour killing mein vishwas rakhne walo me se hain khud dusri ki beheno ko din raat chedege kisine inki behen pe tippani bhi kardi toh murder vegere ki dhamki dete hain,1,180,[],0,0,0
aap log kabhi america ki dalali karto kabhi nafrat,0,50,[],0,0,0
agar isse love kehte toh hum jo karte usse kya hate,0,51,[],0,0,0
bc pehli baar kisne hail hitler kaha hai nahi toh ko sab sadakchaap wala gaaliyan dete hai,0,90,['bc'],1,10,1
modi u r a hopeless pm apne garib ko maar daala i hate u sirf aap bol bacchan dete ho karte kuch bhi nhi u r fake person,1,120,[],0,0,0
provinces or banana to achi baat hay magar pakistani bun jana to fakhar ki baat hui na baat baat p nafrat achi nahi,0,115,[],0,0,0
acha tou un per quota system laga ya unko punjab say baher nikala jaisay mohajiron ko nikala intr sindh say unki industry nationalise hoi unko punjabion nay nafrat say pukra jaisay sindhi pukarty thy punjab ny unko qabool kia lakin sindhi ny hum ko nahi qabol kia,0,263,[],0,0,0
bhutto sb juke nahi phansi char gayeniazi se kaho mafi nama wapis le kar phansi char jaye phir maanoo or gande message bi chorne pare ge,0,136,[],0,0,0
pervez musharraf nawaz shareef ki tarhan haramkhoor choor aur awan ka paisa lotnay wala nahe tha atleast haramkhoor nawaz shareef ko phansi do moto gang k sath,0,159,[],0,0,0
jis country me sab se kam rape hote hn wahan ka qanoon laagu hona chahiye india me tabhi in darindo ka kuch ilaaj ho sakta hai,0,126,[],0,0,0
dont hate you nanhi si jaan aur ek tu woh b,0,43,[],0,0,0
mujhe to dono se hi nafrat he par bjp se mujhe itni nafrat he zindagi me ise vote nhi dunga kyonki ye party vote ke laayak hi nhi he,1,132,[],0,0,0
ye shocked h kya lat padi h ise arshi se jabardastor khana khayegi n zillat ke laddu salman ne bhijwa diye,0,106,[],0,0,0
haha farzi hatred spreading moron blocked me,0,44,[],0,0,0
ye vidya salman se bhut bdi celebrity h,0,39,[],0,0,0
ajkaal to usse achcha kaha jata hai jo dr ahmed ya tarek fatah jaise mahapurusoko dil wo jaan se mante haiye nafrat pahelane log apke guru ho sakte mera nahimere liye vivekanand jaise sakshiat jo kahete the hindu ya muslim her indians are my brother,0,249,[],0,0,0
as a akshra i hate hina khan but jaise hi usne is ghar m apne aap ko dikhaya hai i respct her bhai kitna bhi galti karlo bandi apne aapko sahi proof kar deti hai waah or jinko footage chaea wo hina hina karte rahte hai hina kis kis ko palegi show mapni image banao sab,1,268,[],0,0,0
salman bahut bda chutiya h sirf shilpa ka side leta h kaaaminaaaaphone pe bhe shilpa se baat kia chutiya i hate this biased show abe dhang se host kr isbar unfair,1,162,"['chutiya', 'chutiya']",1,10,1
aayega jab take alia ki shaadi age pass aayegi kyuki alia said ki hoote hi won shaadi kargi varun bhi kitna kutta hai natasha ka shaadi ka spna this alia ke saath shaadi ki baat paaki kar ki hate varun alia sid please career pe focus karo aue alia ke banner se film mat karo,1,274,['kutta'],1,2,0
mahajiron se kisi ko bhe nafrat nahe haimostly log mohajiron ki tragedy ko samjhte hainaur but altaf husain ne qatal o gharatkar ke mohajir cause ko badnaam kar dia hai,0,168,[],0,0,0
haan hm tilak dekr chhod dete hain jalate nahin hain orton ko ya kisi baba ko rape krne ke liye nahin dete hain,0,111,[],0,0,0
pata nahi log kyun rape karte he farziwal ke sarkar me har km par spa khula he aap bhi add kar do rape kam hi jayenge,0,117,[],0,0,0
ye kasisi sacchai hai rss wale bomb banate hai aur media raafiya naaz ko lekar muslmano ke khilaf zaher ugalta hai kub tak aisa chalega,1,135,[],0,0,0
apne personal hatred k liye srk ka nam badnam kr rhe hai chutiyebhakts ko support kaise kr sakta hai koi lolll,0,110,[],0,0,0
red sy kyunky red tumhe meray khoon ki yaad dilay ga,0,52,[],0,0,0
is ghar main apko jis insan se nafrat ho samjh lo wo insan nafrat ke layak nahi hai balki izzat ke layak hai or jisko dekhke izzat ka dil kare samjh lo wo bahrupiya hai ye is ghar ki khasiyat hai people are realsapna akash or hinabaki sab fake or banwti hai,0,257,[],0,0,0
ek ara ke bjp ke jila mahamantri shdhirendra singh se sare aam road chaap leader surendra singh or uske bodyguard rinku singh murder karne ke udeshye se aa kar maarvkar chala jata hai or hamari bjp ke karya karta aise hi baithe haikal ye ghatna aap or hum,0,255,[],0,0,0
pichle month se jio ka net ks se jyada jata bhi nahi hai kuch bhi online dekhe to buffering ke bina sambhav hi nahi hai,0,119,[],0,0,0
g bolkar g ka speed mil raha hai ye sara sar dokha hai i hate jio,1,65,[],0,0,0
tujhe murder kar dungi main,1,27,[],0,0,0
i hate weddings ye madrchod log ghante se ghar k niche dhol baja rhe h,1,70,[],0,0,0
haan khuch log to twtr se v murder kr shakte hain apni ghatiya tweets se aayi,0,77,[],0,0,0
humidity ka kam tu mat kar rape hua he bhi ki ni case jhut hote he fashion ban gaya he ye fasal mota kamao tum chutya media ki vajah se,0,135,[],0,0,0
hina apni galti manane ko tayar hi nahi hotiwo hai kya ki usko itna ghamand haisabko bolti hai ye mera class nahifake ladyarshi bahut acchi hai is heena sei hate her,1,165,[],0,0,0
jis par nitiyo he wahi janta he ye media bhenchod rape rape chillata he sach kutch or hota he isiliyearopi ladki jhute fasa deti he forg,1,136,[],0,0,0
chatukarta ke baare me to maine suna hai bjp ne ab tak ke saare record tor diye lab ke ab to pehchaan hi yahi hai doosri buri zubaan gaaliyan aur sachchayee imaandaari aur aqal se nafrat,0,186,[],0,0,0
saheb salkyabhutta bun rahe tha or kabhi cort nahi gaye ho pahle pata karo rape ke case forge hote he tum jaise media kanon banwaya,0,131,[],0,0,0
lol true kuy ki uski jo awwam haina jo is duniya se bhaar jaha se jaadu aaya tha vha ke log aise krte hai aur khud buddhi hai aur dusro ko bolti kitna makeup krti hai khud asli pic dekh legi na jiss deen khud se nafrat krne lagi arshi,1,234,[],0,0,0
mere aria me jio ka speed ks se jyada milta hi nahi hai aisa sambhav hi nahi hai ki bina buffering ka koi video online dekh le,0,126,[],0,0,0
g ke naam par g mil raha kai,0,28,[],0,0,0
aisa hi raha to recharge samapt hone ke baad jio chor kar kisi aur me chale jayege,0,82,[],0,0,0
sanitary napkin bhi sasti ho gayi pahan le bahut khoon fek raha tum logo ki dukan se,0,84,[],0,0,0
aaj to salman bhi chupke se bol gaye k i hate hina and agree with fir bhi hina k andhe bhakto ko dhik nhi raha,0,110,[],0,0,0
sabhi jagah to media wale nafrat or jhgde to faila hi rhe hai ab logo k ghar me v suru ho gye,0,93,[],0,0,0
saal punjab ki awam ka khoon choosnay walay sharif brothers aaj tak saverage ka nizam theak nai kar sakay,0,105,[],0,0,0
ko main dekhna or soonna pasand nahi karta i hate,1,49,[],0,0,0
tujhe nafrat hoti hai na pando se tu bhi pandi hi hai ek kaam kr ek baap ki aulaad hai to ek dalit se shadi krio dekhte hain ki tujhe sirf yahan publicity chahiye ya tu sacchi h mai ek dalit se pyar krta hu aur shadi bhi krunga usise,1,233,[],0,0,0
whats wrong with sapna samjhti kya hai after hina i hate her kitna attitude hai karna kuch nahi hai bas bakwas karni hai,1,120,[],0,0,0
har election ke pahiley janta ke samne kuch tukde fenk diye hate hain,0,69,[],0,0,0
mera khoon khaula tha q ki wo movie boycott khan ki wajah se hui thi aur ye rajpoot ki wajah se,1,95,[],0,0,0
i hate this sapna so much itna ghamand kisliye bhai,1,51,[],0,0,0
bhai ji aap ko kya karna hai birthday manaye ya nhi manayeaap apna kaam theek se toh karna sheekhojhut or jumlaa aap k khoon mai hai,0,132,[],0,0,0
hina ne shilpa ji ko kitna acha bola hai ki humare profession main makeup lagana padta hai aapki aadat chhoot gayi hogi,0,119,[],0,0,0
padmavati ka dusra khoon sunkar kano se khoon nikalne waala aur deepika ko dekhte hi vomiting koi itni ugly kesi dikh sakti hai bhai,0,132,[],0,0,0
arshe jaisii gandi tho nahi hai hinawe love hina we hate arshi n akash,1,70,['gandi'],1,3,0
punjabion ne punjabion ko maara isliye nahi jataya aap ne kisi ne nahin kaha tha apne hi zaat paat muhallay ki aurton ka rape karo kisi ne nahin kaha tha aik doosre ke talwaaron se shaheed kar do ab is main koi aur kia kare jo punjabion ne khud aik doosre ke saath kia,0,268,[],0,0,0
bhai wo hate story ki stages hoti hn,0,36,[],0,0,0
bohat hi fazool college se sakht nafrat hai mujhe th ki chuttiyan wapis la do,1,77,[],0,0,0
ne srk ko attitude dikhaya tha,0,30,[],0,0,0
better hai sab milke kuch accha socho acchi sarkar yuva sarkar banao kuch progress karo milke jisse desh ki taraqqi ho,0,118,[],0,0,0
bhai movie nai dekhi par sanjay leela ko jaante hai aapko agar pata hota kei ye saab raajput se nafrat kyu krte hai or ek baar nai ye apni kai filmo me raajput o ko nicha dikhane ka koi moka nai chodte to aap ye bakwaas nai krte,0,228,[],0,0,0
lol maine pura thread kiya tha wo dekha nai karma is real,0,57,[],0,0,0
lekin tum sab log personal hate ki wajah se chutiyapa karte ho,0,62,['chutiyapa'],1,8,1
se cancer k mareez k elaj karwane lahor jane wale mutadid sheri panjab poliec k hate chad gai,0,93,[],0,0,0
mai bahut respect kar tha ko dilwale k phele tak jab usne ka tweet dala tabse aj tak hate h hate krta hun aur karta rahunga kismat badi kutti cheez hai saali kabhi bhi palat jaati hai kabhi nhi bholunga jab tak h jan,0,216,['kutti'],1,2,0
ye deekho ek aur farzi rashtravadi isko muslims ka cencus yaad hoga aur pure world ka history bata dega islam majority terrorism non secular yahi samjayega hindu bachao yahi chilayega hahaha,0,190,[],0,0,0
koii school ka imtihaan nhi,0,27,[],0,0,0
fir bhi hindu terrorism secular logonko najar ata hai aur yoga me communalism safronisation unka yoga virodh hindu virodh nahi secularism shanti sandesh samazna chahiye,0,168,[],0,0,0
ravish sachcha suchcha journalist hai aur bjp ko sachche imaandaari aur budhdhijeevi intelligent aur achhe logon se nafrat hai extra ordinary loud voice aur zehreele shabd istemaal karengehar waqt gussie me rahengeye kya sanskaarlarisa culture haibure log buri soc,0,264,[],0,0,0
oooo hello jo bhi serial dekhke hina ke fan the wo sab log aaj hina ho hate karne lage he log ab samaj lo tum hin salmanji ne bhi aaj hina ki bajai lagta he dekha nahi he kutti he hina,0,184,['kutti'],1,2,0
tum ne dekha ho ga k kanta lagny per log phool ko b phenk dety hain love u,0,74,[],0,0,0
ham likhte hi aisa hai ki khoon garam ho jaae khikhikhi khair yah bas mera imagination hai as a writer baaki om raut ne apna likha hoga kuch alag,0,145,[],0,0,0
bhai isko idhar chod aur nikaliska movie aane detab dekhta hoo iskosaale sab milke hate trend karre haigod bless them,1,117,['chod'],1,7,1
ram ko kalpanik bolne wala aur ye kehne wala ki jo mandir jaate hai wo ladkiya chedte hai aisa kutta ab temple run khel raha hai,0,128,['kutta'],1,2,0
ye to hinduo se nafrat karta hai nafir mandir k dhakke kyuisse astha se koi mtlb nahi elections se hai,0,102,[],0,0,0
achchha indian hindu n achchha indian muslim kabhi bhi ekdusre ke liye dil me nafrat nahi rakhtasir aap aise comments ko ignore karein pls,0,138,[],0,0,0
hina such a diplomatic drama queenkhud aag lagati hai baad me dusro ka naam leti haihate u,1,90,[],0,0,0
koi tiger ka khoon kar do humari nhi to kisi ki nahi,0,52,[],0,0,0
jiska khoon ek movie free mein dekhne ke liye ufaan maare wo rajput,0,67,[],0,0,0
jo bina zyaada load liye movie dekhne jaae wo moviegoer,0,55,[],0,0,0
jo twitter pe support boycott ka trend kare wo chutiye,0,54,[],0,0,0
hina khan ek murder bhi kar degi toh bolegi maine use jaan lene ke liye nahi maara aise hi goli chalakar dekh rahi thi uspe,0,123,[],0,0,0
sir humare rajput bhai ka khoon,0,31,[],0,0,0
sir humare rajput bhai ka khoon ufaan maar raha hai kuch ho sakta hai kya pictwittercomwfsqwnuh,0,95,[],0,0,0
ise dekh kar jiska khoon na khole or wo cheepikians ko support kare to wo chutiya,0,81,['chutiya'],1,5,1
india wale sab arshi ko hate karte h,0,36,[],0,0,0
dil sambhal ja zara phir mohabbat karne chala hai tu murder,0,59,[],0,0,0
hate them sare marks yahin jate hain bc kisi ko kuch nahi ata,0,61,['bc'],1,10,1
yaar i hate bigg boss par aaj maine kapil sir ke liye bigg boss dekha per kapil sir to aaye hi nahi,1,99,[],0,0,0
hate ya na hate abdullah india me hoke v pok pakistan ka batate hai aur tere jese kodi ki congi chudail wahi kahegi jo congress karti ayi hai tujhe v lagta hai halala ki aadat pad gyi hai islie esa bol rhi hai,0,209,[],0,0,0
koi rape kar raha ho aur tum dekhte raho toh tum bhi gunhegar ho,0,64,[],0,0,0
to bhai muhabbat konsa dsp lagwa deti ha,0,40,[],0,0,0
i hate ppl wen dey call him bhai jabki vo feeling hoti hi nahi hai,0,66,[],0,0,0
desh me kitna hatred felaoge sir ji,0,35,[],0,0,0
mulle sirf terrorism ko invent karne ke liye jeet sakte hai,0,59,[],0,0,0
is mc ko bharat mein la kar phansi dena hai kya kar rhi bjp sarkar parliament mein phle pakistan ko atankwadi desh to ghosit kare e,0,131,"['mc', 'atankwadi']",1,14,1
suadie kings apne badshat bachane k liye kisi ko be ne chora,0,60,[],0,0,0
muslamno ko mecca aur madina k nam pe cash karwata raha,0,55,[],0,0,0
aajkal thodi bahut nafrat si ho gai hai aapse d way u blacked heena khan,1,72,[],0,0,0
hatred for all mendosti hai dushmani to nahin,0,45,[],0,0,0
i also hate her mc bhut ghamandi hai srk ko thanks tak ni bola,1,62,['mc'],1,10,1
varun khan ulti ganga hate speech,0,33,[],0,0,0
bhakts hamesha srk ko target krte hai,0,37,[],0,0,0
hate deepika k liye hai,0,23,[],0,0,0
tag block bhakt ka real srk haters,0,34,[],0,0,0
btw movie apne ko dekhna nhi hai,0,32,[],0,0,0
badi ummide lagaye bethe hai apni maa ke murder ke khulase kahamare ander bhay hai thana fatehpur sikri ke imlaoda gaon ki daqeti murder ka,0,139,[],0,0,0
toilet ghotala sri jan ghotala bandh ghotala aur murder ka aarop wah re tera surya paltua ko sharm bhi aata hai ki nahi,0,119,[],0,0,0
ma khata ho article ka tahat is bat pa muzamil abbas tara ko bar phansi ke saza honi chayegali gali ma shooor ha aia sara chorrrr ha,0,132,[],0,0,0
thank you gud nightmere kaan se khoon nikal raha hai,0,52,[],0,0,0
islamic terror faila rakha ha india me inhone,0,45,[],0,0,0
muje kabhi yaqin nahi asakta tumhari baat pe k u like puneeshisliye kyun karun nafrat jb tum keh hi jhoot rahi ho,0,113,[],0,0,0
tumre yaha aise khule aamm murder hote hai kya,0,46,[],0,0,0
kisi kay baap ka yeh pakistan thori hay,0,39,[],0,0,0
are iski baat ur gadhe ki laat ek jesi h roj palti marti hiska koi bharosa nhii hate her to much roj gand nikalti h shilpa k liyeise bas hina pasand h,1,150,[],0,0,0
kabhi nahi jhoot sunn kar kaan may se khoon nikla vote for shilpa,0,65,[],0,0,0
yeh talent main b hota hai,0,26,[],0,0,0
chalo koi toh hai jo sacchai dekh sakta haiwarna baqi toh andhe ho chuke hai nafrat mekoi hater galat video bana k bhej raha hai aur yeh log pura such jane bagair uchal rahe hain pagal log,0,188,[],0,0,0
bandagi k aankhu se khun k aansu kya aankh phod k khun hi nikal do i hate this bitch,1,84,[],0,0,0
ek chehra dil ke kareeb melodious song lata garam khoon vinod khanna sulakshana pandit,0,86,[],0,0,0
i hate shilpaye jo dikhti hain na woo nahi hainevery time simpathi leti hain salman khan se,1,91,[],0,0,0
sir lekin jo log rajput nahin hain to unka khoon dhanda hota hai,0,64,[],0,0,0
tu jaha mai waha starring vinod khanna sulakshana pandit movie garam khoon,0,74,[],0,0,0
yaar hadd ho gayi karan bua ki iski subah saam hina ke comments pe hoti hai aur baat kaisi karta hai hina ko koi fark nahi padta aur tu apna khoon jalan raha hai aur aam janta see gaali bhi khaa raha hai hadd hai,0,212,[],0,0,0
jab pappu khan saffron terrorism bolta hai tab hinduoo ka apman nahi hota hai chee papu khan kay pidi,0,101,[],0,0,0
ghatiya gandagi gairgujri gulchharrey udaney walo hatred pungi,0,62,[],0,0,0
good job magar dindharai rape murder jo ho raha hai bihar mai usko bhee dhayan rakhai aap twitter par pheknai sai kuch na hoga saheb crimes par control karai,0,157,[],0,0,0
ek khooni liberal ki ek buhat baray leader say moaddabana guzarish aap liberals pe toh baras paray magar aap ke khoon kay piasay khadim rizvi aur afzal qadri say aap nay kufr kay fatway kay dar say is saal kay shoro main maafi maangli thi,0,238,[],0,0,0
isse kehte hain aandh bhakti hate for shilpa shindey,0,52,[],0,0,0
jo dharam ko chhupaye vo socho kya bhala kr skta h kisi katbhi m socha ye saffron terror kyon kah rha h aaj itna pyar saffron se gandhi nhi gndi nali ki paidaish h,0,163,[],0,0,0
thank you so much for this hater ka aur kio kaam nahin hain hina ke liye itna hate hain ke aankhen band kar ke dekhte hain,0,122,[],0,0,0
tum logo ko dete hunge paise tum logo ko humare mulk k baato me kyu itna interest hai ohh samajh gaya tum logo k mulk me ab kuch baat karne reh he nahi gaya hoga sab kuch terrorism se he shuru aur nahi khatm,0,207,[],0,0,0
why you guy have so me hate rate for someone kuch din ka biggboss hai khatam ho jaiga pr ap logo k dil me apni jaga mat khoiye or hina jo bhi or jaha se bhi aye hai pr ap kon ho,0,177,[],0,0,0
yukh hate atay jaisay chitti larki,0,34,[],0,0,0
arshi khan ko add q nai kia apni hatred mai,0,43,[],0,0,0
is conversation mai wo bi ti,0,28,[],0,0,0
sub kai apnay point of view,0,27,[],0,0,0
but haters bicharay andhay,0,26,[],0,0,0
toh vikas ke samne when someone said kali where is he vikas bhi boht galt hai kuch chizo mein aur shilpa ka bhi ab woh pehle wala roop nikal raha hai because uske arshi aur akash ne darar dikh rahi hai aaj na shilpa gandagi aur puneesh mein se nafrat contin,0,257,['kali'],1,5,1
gale dena achi bat nahi agar ye sab khatam karna hai to ko vot karo ye sab khud ba khud khatam ho jayega,0,104,[],0,0,0
mam apne aaj bola sahi bola but vikas bhi maze le raha tha waise toh ladki ko moti bola usko bada problem ho raha tha aur sab gandagi ne kiya hai but shilpa ne bhi uski bhadas nikali hai sabpe uska hatred aur uske sath jo bahr hua hai that has made shilpa,0,255,[],0,0,0
aaj ka ep dekh k sahi me itna he khoon khol rha thajis tarah se janwaro ki trh punish ne trimmer chalaya luv ko luckily khoon ni ayahina n akash k sath jo kia insaniyat h he ni kya shilpa punish vikas bandagi me,0,211,[],0,0,0
bad politics ek hindu bhai dusre hindu bhai ka khoon pene k liye taiyar hogaya he,0,81,[],0,0,0
abhi bhe time he sab sudar jao,0,30,[],0,0,0
aapke paas koi kaam nahi he pura din yahi sochte ho ki hina k against kya tweet karu aaj aap kisi mitti k bane ho insaaniyat bhi nahi he aapme really muje regret hota he ki me kabhi aapka fan tha now i hate u karan aap to patel kahne k laayak bhi nahi,1,251,[],0,0,0
bda chhuparustam nikla re rahul baba ise kahte h deeye niche andhera desh ko dhoka aankho me dhul jhonk rha thha aaj pta chla ye saffron terror kyon kahta firta h dhokhebaj h aaul baba,0,184,[],0,0,0
khan muje regret hota he ki mene season me aapke liye votes kiye the aur aapka fan tha but ab to aapne saari ijjat gava di ki ek hina k piche padi rehti ho aapke paas koi kaam nahi he kya pura dina hina k against tweet k bareme hi sochta ho i hate u gauhar,1,256,[],0,0,0
hate u arshi khan hindustan ki awam dekh rahi hai dushman se dosti tumhariye game hai ya pyar,1,93,[],0,0,0
gauahar k fb pe hina se kam followers hain sahi toh hai logo sach batana achha lagta hai sun na nahi koi gali toh nahi di na kuchh bewkoof aise react kar rahe hain jaise murder kar diya ho agar hina inki chaplusi karti toh achha bolte,0,234,[],0,0,0
i hate u kamya muje regret hota he ki me kabhi aapka fan tha aapko insaaniyat naam ki koi chij hi nahi he aapne i hate u kamya,1,126,[],0,0,0
rishta likhenge hum naya chotti thakurains chakarvyuh earns ratans hatred,0,73,[],0,0,0
aaj kal khoon rare aata hai due to unhealthy diet,0,49,[],0,0,0
jish movie ki story rape viktim girl ki hokya ek viktim ko sexy bolna shi haiye log simple name rakh skte the,0,109,[],0,0,0
but inko aise naam rakh kar controversy create kark film ki free publicity karwana tha,0,86,[],0,0,0
vivad hone pr freedom of speech khatre mein aa jata hai,0,55,[],0,0,0
we are showing we really kya baat kar rahe ho aanshu aagaye yaar koi itna hatred kaise laa sakta hai,0,100,[],0,0,0
main kon se sachye sa baagi app ek pic laga k khud tabsra ker rahy ho main ki koi laga doon ore khoon tum ya ker rahy thy hahahah lol kia mazaq ha pictwittercomlwjknxrktq,0,170,[],0,0,0
ajj mujhe puneesh aur bandgi ko dekha kar itna zadya gussa aa rha tha ki kaise log hai yeh mujhe iss season k sabse worst constants mil gye,0,139,[],0,0,0
wese bhi ye sanghi hijde shadi se zyada rape main vishwas rakhte to teri maa ki sari khol kar dekh khaki chadhhi pehni hogi lol hijde chakke,0,140,[],0,0,0
kal uski behn bati rape hogi,0,28,[],0,0,0
tab bhi love jihad avivyakti ki azadi ban jana chache,0,53,[],0,0,0
to khul ke bole pyar hai nafrat nhi game kiu khel raha hai,0,58,[],0,0,0
logon ko phansi lag jae to corruption khatam hojae gi sheikh rasheed,0,68,[],0,0,0
kaun h vo log jo hina akash or luv ko vote kr rhe hdil khi kho diya kya nafrat bdi cheez h,0,90,[],0,0,0
ek bar fair hokr vote ni kr skte insaniyat ki hade par ho gai aaj,0,65,[],0,0,0
madam aap ka chinta karna bilkul jayaj h aap ke pati ek bahdur or nidar insan h biswas rakhiye sir to bahut door ki baat h koi haat bhi nhi laga sakta h phir aap bhi to ek hindu viragna ho rani laxmibai rani durgabatti inka or aap ka khoon ek hi haap apne pati ki sakti ho,0,272,[],0,0,0
hate u sooooooooooooo muuuuuuuuuuchhhhhh big boss gandgi faila rkhi h bndgi punish ne unhe kuchh nhi khoge hina pr chd jaoge,1,124,[],0,0,0
kamya english sikha rahi hate failane k sath sath,0,49,[],0,0,0
i hate heen khaan ye video maine abhi dekha kuch galat nahi bolla usne kun itna bada issue bana rahe ho sab sach baat bol rahi hai wo jo hum aur aap bhi bolte hai heena ke hater hone ka matlab ye nahi ki kisi bhi baat ka issue banao,1,232,[],0,0,0
pm ki post ki izzat krte hai isliye gaali nhi di mgr jo pm ki post pr hai wo khoon choos raja hai desh ka or ap jese log uska sath de rahe hai,0,142,['choos'],1,5,1
hina ki team aisi hi hai kewal nafrat hi rakhti haimanu bhai,0,60,[],0,0,0
aaj hina ki baari aayi to apne time pe rone lgi public se appl karne lgi,0,72,[],0,0,0
puri fake hai,0,13,[],0,0,0
i hate pungi for doing what they did with luv and akash but hina ne ankhon main mirch daali hai and usne baal bhi kaate hai,1,123,[],0,0,0
poora india yahi soch raha hai bro ki jhooti ko tv industry se laye hai ki dusre planet se hate her,1,99,[],0,0,0
akash aur luv ke saath to boht galat kiya but hina ke saath wohi kiya jo usne kiya the thats why i hate pungi,1,109,[],0,0,0
hina khan chalak aur dhokebaaj lomdi hai mai aaj ke task mein hoti toh uska ka nak katke use shurpanakha banati i just hate her,1,127,[],0,0,0
she hate punish and bandagi iss liye aur madam bolati h unbiased hu,0,67,[],0,0,0
zillat ki jeet se behtar izzat ki haar hai vikas gupta ka kahna hai ke shilpa se sakht nafrat karte hai lekin aankh band kar ke support karte hai bhayya ye konsi nafrat hai,1,172,[],0,0,0
hina ne khud shilpa ke baal kate ajj apni trun toh india dekh raha hai ek ladki dusri ladki ke baal cut kar rahi hai hate hina nd love shilp,0,140,[],0,0,0
yeah thats why i hate salman pichli baar bhi salman ne bahut bola tha gaurav chopra ko aur side manveer manu ki leta rehta tha,1,126,[],0,0,0
bahot gande log hai yaar ye and disgusting,0,42,[],0,0,0
punish ki life me do hi cheeze chalti hai bandagi gandagi,0,57,[],0,0,0
i hate it jab samny rakhi cheez na milay matlab abhi tou men ny yahan rakhi thi zameen kha gae kya,1,98,[],0,0,0
chill yaar shilpaawo nahi samjhegi apna khoon math jala gulab k pichewo bas akash pe taras kharahi aur kuch naicalm down,0,120,[],0,0,0
acha hua k aap bahar aa gyi wrna hmari ankho s to khoon ki nadiyaan bah rhi thi u were not played well ben apne ghar m gandgi felai hai hina khan or priyank k sath milkr,0,169,[],0,0,0
ha kamyaji ye aapne sahi dekha hai esi hai wotabhi to sabhi use etna hate karte hai in se to swami om bhi achhe the yaar hina khan haak thooooooooook,1,149,[],0,0,0
adnan jeelani super hit dramas wafa bewafa se humare ghar mein mohabbat nafrat se aatish pictwittercomtmpwddbkn,0,111,[],0,0,0
tu unhi kinajyaz aulaad hoga teri amma ka rape karkar chod diya hoga warna hume to yahi confirm chakke hain hijde hain aur han gandu bhi he,0,139,"['chod', 'gandu']",1,15,1
kisi producer ne isko agar show diya to unki bohot bari galti hogi bcoz isne logo ka itna nafrat gain kiya hai ki trp zero ho jayega uss show ka,0,144,[],0,0,0
tumne half dekha hai pura dekho,0,31,[],0,0,0
hina ne fb fan following ke baare me kaha jo sach hai h gauhar ke followers kam h fb pe,0,87,[],0,0,0
sanjeeda vala vikas ne bhi agree kiya ki gore log screen pe itne acche nahi dikhte,0,82,[],0,0,0
hate karne ka reason laao,0,25,[],0,0,0
apne family ko khoon ke aansoo rulane wali bathroom ja ja ke khud mirchi lagnese khoon ke aansoo nikalne lagi,0,109,[],0,0,0
wah wah kya baat he par viyapam ghotale ki jaaz me se jyada murder ho gaye he apne tou world record bana diya saab badhai ho apko,0,129,[],0,0,0
fake hina besaram arshi ki sakal se hi nafrat ho gyi hme,1,56,[],0,0,0
are nahi tag line was main khoon ke aansu royi hu kal khud ki galti or khud hi chilla rahi thi,0,94,[],0,0,0
hate speech cases sirf mojahiro pe banty hae,0,44,[],0,0,0
hai jaise hitlermusolinistalinbagdadi aye the or sab khatm ho gye vaise ye daur bhi history ho jayega,0,101,[],0,0,0
haan shilpa ne kya kiya aaj humne dekh liya akash k saath jo kiya usne uske baad se i really hate that woman,1,108,[],0,0,0
haleem beef hota hai sharma ji modi ke sau khoon maaf hai bhaiyya chamche paalna modi ji se sekhe koi,0,101,[],0,0,0
sanchalk the to tum kese bol sakte ho kisiko uth za bol k aaj tumari vzase hari hey hina ki team i hate you vikas and shilpa,1,124,[],0,0,0
abhi tk to main kisiko vote nahi kr rha tha par ab zarur larunga luv ko aur jitne baal uske kate h gandagi aur peeley daat n kasam itni nafrat ho chuki h na agr unhone itni limit tk jana tha toh saalo ko pehle hi ganja kr dete kyun hina n apne baal kate,1,253,[],0,0,0
jiss tarhan woh hina ka stuff phanek rahi thi,0,45,[],0,0,0
rightly saidpurane episode ki baat karni aaj to bichara rok rha tha and kuch galt b ni kiyafir bhikha se laate h itni hate,0,122,[],0,0,0
bhai karan in terrorist logo se bat mat kar apna hi bura hai ye kisi ke sage nahi hote inka alien mohammad khud kehta hai terrorism failao bhai mat bat kar is jihadan se,0,169,[],0,0,0
yaha jo stupid haters log barking kar rhe are stupid log tum to kehto ho tum hina ke hater ho lekin mujhe jaha tak pta bai hum kiso ko hate karte hai to usske bare mai baat bhi karna pasand nhi karte lekin tumlog to hina ke barre mai baat karte ho no matter hate comments,0,271,[],0,0,0
agar puneesh aur bandagi kalkothri m jate hai toh murder ban jayegi bigboss k ghar m,0,84,[],0,0,0
ekdam ekdam sahi bolakehe nahi sakte shilpa or punish ka defend krte krte khud hi na shahid ho jayaao shilpa maa mujhse bhi khoon kardo plzz,0,140,[],0,0,0
kal gujaratiyo ke khoon se apna haath rang ne wala haiwan ask apne aapko gujarat ka beta keh raha hai,0,101,[],0,0,0
kya hoga ya bhai itna hatred,0,28,[],0,0,0
hahaha hina fare ki baat tum mat kro duniya ki sabse fake tum ho or ye arshi badha hina hina kar rahi hai do din mai juta khyegi hina se but shilpa ji plz ab arshi ko kabhi accept maaf na krna we hate her usne bht ghatiya kiya apke sat h,1,237,[],0,0,0
nhi jayenge aur rahi baat tyagi ki uski to vaat lagni wali hai always hate u,1,76,[],0,0,0
dharna dalwanay ka lya jis judge na mumtaz qadri ko phansi ki saza di us ko kuch nahin or galian kis ko,0,103,[],0,0,0
hina se hate itni hai ki bandagi ki gandagi bhi sahi lag rai hai tumko,1,70,[],0,0,0
tune kion ladai ki ji se tu bahut fake hai vikas gupta ne there like kya kya nhi kiya tune us vikas gupta ko bura bola u fake person loser hate u,1,145,[],0,0,0
hina ke against me jo hi hoga vo sahi hoga i hate hinakhan,1,58,[],0,0,0
hina se hate inka itna badh chuka hai ke sahi galat aur insaniyat ki tameez kho bethe hai,1,89,[],0,0,0
gawd is k season ne dusre celebs k bhi asli chehre dikha diye shocking,0,70,[],0,0,0
i hate heena too par bhai gali mat do,0,37,[],0,0,0
punishi ko to baher k jail me dalo waqei sufaid chudail kala rakshaswe all hate pungi gandagi ki dukan dono arshi ko shilpa se lada k nomination se bachna chahte hain ye kutte kutyakide paden pungi ko,1,200,['kutte'],1,2,0
thank you geeta maam insaan nafrat me sahi aur galat hi bhool jata,0,66,[],0,0,0
hiten is my fev but wo entertain nhi h,0,38,[],0,0,0
or vo bakri ka rape nhi karte hai vo unki begam hi hoti hai,0,59,[],0,0,0
do one thing yr sabse pehle n ko tag karo n dikhao unhe k kisi ko hate krne me itna andha hona achha nai hkam se kam sach jaan k zahar uglo inko khudka n arshi b us convo me the wo to inko dikhega nai bas hina hina kra lo inse,0,226,[],0,0,0
shilpa ko jese show se nikal ke faka hai wese he bb se bhi nikal ke fake do kuch deserve nahe karte wo i hate shilpa shinde,1,123,[],0,0,0
dikhta h kon loser h kal dekhna tumhaari bandagi and puneesh jaayenge jail then majja aayega shilpa bhi khoon ke aasu royegi stay strong,0,136,[],0,0,0
hina ne bandagi ko darane ke liye khudke thode kaate but bandagi ne uske bahot saare kaate hain its not a fact just blind hate lol agar tumko lagta hai wo sahi tha to i have nothing to say,0,188,[],0,0,0
akash ki kya halat ki h aur wo bitch bandagi baar baar khoon k ansu khoon k ansu kr rahi h dikhe to nhi aansukisi k mirchi ankh mei jae to wo ankh nhi khol paegabt wo thodi der mei khadi thi task mei waooo,0,205,[],0,0,0
vote for luv tyagi aaj jo hua uske baad he deserves to stay in bb house such cruel punish and bandagi is waqt vikas ne trimmer q nhi chhinna uske haath se i hate punish bandagi vikas shilpa,1,189,[],0,0,0
hate trigger wahi karti hai uske show me bhi chubti thi or yaha bhi,1,67,[],0,0,0
marne ke liye sirf public hai ye dono haramkhor ganje bhaion ko is liye roka gaya taa ke hamara mazeed khoon choos saken,0,120,['choos'],1,5,1
ji hona chahiye against,0,23,[],0,0,0
ye hai desh ki police ke haal,0,29,[],0,0,0
murder karne waale ko aachaarsahita ki wajha se action se dur kiya hua haihar,0,77,[],0,0,0
ppp corupt zardari mafya bun chukisindi awam unse sakht nafrat kartaab sindi ki umidgareeb mazloom ka bhadr sathi,1,113,[],0,0,0
zyada hogya hai rape se aagay nikal gayi hai aj kahani,0,54,[],0,0,0
kisse bol rahe ho bhakt ko bol kar hi laya gaya ye bhadwa kadyani take hatred fela sake but d q y d ppl go to dis show,0,118,[],0,0,0
listen to aj phir tum pe piyaar aya hai hate story arijit singh by awais jalil on,0,81,[],0,0,0
hehe wo writing ki wjase arhi thi apni writing ko chukandar anaar aur kajar khilao take uska khoon bane,0,103,[],0,0,0
riasati loug he hy nah jo phir aam worker k rape k baad qatal hone pr mulzimon ki pusht pnahi krte,0,98,[],0,0,0
party to girls kar rahi hai wo to bechara rape hone gaya hai lagta hai,0,70,[],0,0,0
people are more important than their mistakes nafrat karna nahi aata hota hi nahi yaar aur apno se toh bilkul nahi,0,114,[],0,0,0
ek bar phir s ki tarah fauj ke hath khol ke dekho india kya duniya se terrorism khatam kar degi,0,95,[],0,0,0
ek bar phir s ki tarah fauj ke hath khol ke dekho india kya duniya se terrorism khatam kar degi,0,95,[],0,0,0
ayesha aur muhammad ka rape hi kaladhan hai,0,43,[],0,0,0
magar ye media walay to jaan boojh ker paise ke liye sab karrahe hain,0,69,[],0,0,0
karachi k baad lahore mei bhi rangers operation hona chahyay,0,60,[],0,0,0
logic taa k lahore b political terrorism sy nijat paaye,0,55,[],0,0,0
i hate you so much aaaleee tum chor kar mujhe so kaise gaye,1,59,[],0,0,0
haan congress ke rajya mein hota hi kya tha sirf ghotale scam rape mehangayi,0,76,[],0,0,0
mujhe bilkul bhi pasand nahi k sm fans of urs uss stupid ko bhabhi kahen khoon jalta hai mera,0,93,[],0,0,0
jab rape ho rahe hote hai tab nhi aate yai nautanki karne tilak lagake mera bharat mahan,0,88,[],0,0,0
mujhe bhii hate it,1,18,[],0,0,0
ye q rohan k sath hai i hate yr ajeb c hai,1,42,[],0,0,0
bejoy bose ka murder thodi na kiya tha,0,38,[],0,0,0
tum log bhi acha kro yahan terrorism krwane jin raw walon ko bhjte ho tum log woh pakre jate hain,0,97,[],0,0,0
kabhi nafrat to kabhi dilo ka mail hai,0,38,[],0,0,0
be dosti hi yaha not for sale hai pictwittercomkcgceoswb,0,56,[],0,0,0
in hindi there is song pak establishment tayyab ali pyaar ka dushman hai hai hai pak love to hate,0,97,[],0,0,0
juth muje bhi pasnd nai i hate it jo bat samne bolna hai bolo acha lagta h,1,74,[],0,0,0
aur trust kabhi na kabhi aise waise tut jata h,0,46,[],0,0,0
isi wale muhammad aur allah ki ayesha ka rape kr rhe ayesha bachao bacho kr rhi,0,79,[],0,0,0
aap is bhagode ko muaaf karden isme mardon ka khoon nahi hai jo debate kare,0,75,[],0,0,0
jo debate kare,0,14,[],0,0,0
mrmukesh ambanee madarchaod terre betee nisha ushkee gaand kisee aur se marayee air baolee mai rape,0,99,['gaand'],1,9,1
teree police ki mss chaodoon,0,28,[],0,0,0
hakumat khud dahshatgard hai agents ko pala hua hai lootmaar crime murder se maal banarahe hain,0,95,[],0,0,0
one faadu question,0,18,[],0,0,0
ye nafrat bhara programme band karo ye islam ko badnam karne ki kodhish hay,0,75,[],0,0,0
bewakoof banakar khaayi me fek dete hai use gaali dete hai use judge karte hai use hate karte hai toh woh bacha bohat sadme me din,0,130,[],0,0,0
waise hi ho ga jaisa har rapist aap ki party se hota hai aur aap phir bhi rape party ko support karti hai,0,105,[],0,0,0
pehle se pata tha but aaj confirm ho gaya apna kuch nhi jaata but still i hate them,1,83,[],0,0,0
kya bat karte ho sir,0,20,[],0,0,0
tum aaj ptaa chaala hai main smart hu,0,37,[],0,0,0
i dont hate let them love apna kya jaata hai,0,44,[],0,0,0
inke pas license hai khoon kharaba karne ka,0,43,[],0,0,0
i love you kahne par bhi or i hate you kahne par bhi bura maan jate haiv,0,72,[],0,0,0
es army ka maine bohat sath diya lekin lahore attack k baad mujhe es khusri army se nafrat ho gayi hai enkay pas atom nhi,1,121,[],0,0,0
kabhi kabhi logon ki nafrat hi insan ki strength ka reason hota ha,0,66,[],0,0,0
bhagwa atankiyon ne bhi rape kiye hain,0,38,[],0,0,0
i hate cigeratte lekin kbhi kbhar dil chahta hai k pe he lu,1,59,[],0,0,0
zee news pe fatah ka fatwa ban hona chahiye ye yahan hindu aur musalamanon men nafrat faila raha hai,0,100,[],0,0,0
frustration hatred bhai bhai,0,28,[],0,0,0
aur to baar baar indian agency par lapet raha hai islamic terrorism koi indian ka phenomena to nahi,0,99,[],0,0,0
aby randi ke bachy rape ke kaam india main hote hain rapistan india ko bolte hain,0,81,['randi'],1,8,1
sir hukmaranon ko to kya kehna army ko bhee ab recharge k liey khoon chahiye ziada aur ziada,0,92,[],0,0,0
dec nirbhaya rape case ke baad se aaj se delhi mahilaao ke liye kitni surakshit hui hai,0,87,[],0,0,0
ye dekho prashant ko terror ka religion para chal gaya sharam karo,0,66,[],0,0,0
aap is bhagode ko muaaf karden isme mardon ka khoon nahi hai jo debate kare,0,75,[],0,0,0
dil to chahta ha hitler ki tarha tamam hods ko sammandar main lajakar kashti bumb maar da army,0,94,[],0,0,0
aaj ek question z news pr pucha gaya dec nirbhaya rape case ke baad se aaj se delhi mahilaao ke liye kitni surakshit hui hai,0,124,[],0,0,0
aap hi ja k supreme court k judges ka kaam kar leejiye na kabhi to bhai samjhdaari ki baat kr liya kro sir ji,0,109,[],0,0,0
aaj he dna me dikhaa raha tha ke aap ne dilli ke gaand maar rakhi hai daily rape ho rahe hai,0,92,['gaand'],1,9,1
agar terrorism ka end chty hain to apny ass pas k garebon ka khyal rakha krain kyon k go b khud ko bomb se urata hai woh gareb hi hota hai,0,138,[],0,0,0
abe ganje tu batting karta rah ka because of hate th march,0,58,[],0,0,0
mohabbat ky pardy mai karty ho nafrat,0,37,[],0,0,0
bacche kabhi kabhi rape karlete hai bechare,0,43,[],0,0,0
i hate girls bolne vale londe vohi hote hai jo sale youtube par jaakr how to impress girls jaisi bakchod videos dekhte hai,0,122,[],0,0,0
ha ha education salo tumne education ke naam par orto ko nanga kar rakha he or rape badhte ja rahe sirf or sirf isliye,0,118,[],0,0,0
ek gang ke crime se terrorism prove nahi hota agar hota to un ne ban lagaya hota,0,80,[],0,0,0
waise to shia sunni apas me ladate rahate hain iraq iran me lekin wah terrorism nahi kaha gaya,0,94,[],0,0,0
aur us ek gang ke upar bhee ilzam hai ilzam politically motivated ho saka haiislamic terrorism worldwide hai,0,108,[],0,0,0
akhilesh se rape ka sawal pochne pe apko bahut bura lag raha hai jaise up crime free hai aur log yu hi sawal kar rahe hain,0,122,[],0,0,0
islamic terrorism puri duia me ek bada problem hai aur sab jagah muslims utpat macha rahe hain,0,94,[],0,0,0
lekin ek gang aur kuch logon ke hone se koi hindu terrorism prove nahi hota,0,75,[],0,0,0
choti si pradesh gujurat me satadhari party ke sevak lok jab aurato ko rape karte he black mail kar rahe he to kanun bebadta thika he,0,133,[],0,0,0
reject karna tha to seedha bol deti murder karwane ki kya jarurat thi,0,69,[],0,0,0
islamic terrorism ek worldwide phenomena hai aur labbhag har desh ke muslims isame shamil hain,0,94,[],0,0,0
rakesh ji apne aakaon ko samjhao wo apne knowledge ko desh ki unity progress ke liye use karen kab take minority se nafrat karoge,0,129,[],0,0,0
ek kisi gang ke hone se terrorism ka hona sidh nahi hota unlogon ka koi terrorist network nahi,0,94,[],0,0,0
abe dhakan islam sirf saal purana haitum sab ko rape karkemarke conversion karke mulla banaya,0,93,[],0,0,0
aur islamic terrorism worldwide phenomena hai tu ats ke peeche laga hai jaise ats hee sab kuch hai,0,98,[],0,0,0
terrorism ka koi dharm nehi hota aur tere hai sasti rand k bachcho ka koi name nehi hota,0,88,[],0,0,0
tuk to gaya na jo ruk gaya to woh terrorism kaise hua aur jo ruk gaya usako tu ghont kyon raha hai,0,98,[],0,0,0
baleegh ur rehman ka rape chal raha hai hamir mir k show mai,0,60,[],0,0,0
logon se terrorism nahi hoti you dumb haan ek gang ban skata hai,0,64,[],0,0,0
to karekarey sahab ka naam kyoun na lun jis ne hindu terrorism ka parda faash kiya,0,82,[],0,0,0
haan hum to bhakt hai terrorist thode hain tumhari taraha terrorism to tumhari khoon me hai,0,91,[],0,0,0
islamic terrorism ka to roj pardafash hota hai to rukana chahiye tha,0,68,[],0,0,0
mere jism ka khoon ka akhiro qatra quraban ho rasool pe aur tumhara pura body ganga nadi pe hahaha,0,98,[],0,0,0
up ke law n order ki to le ke rakhi hai,0,39,[],0,0,0
gundagardi murder rape,0,22,[],0,0,0
aaye din terrorists attack ho rahe hain wahan se islamic terrorism ka pata hota hai mere kahane se nahi,0,103,[],0,0,0
hadd toh tab hogayi jab uski frnd ne bola ki annika ka murder kyu nahi hojata hadi wadi bolte the usse,0,102,[],0,0,0
tumhare certificate ki zaroorat nahi,0,36,[],0,0,0
muje seasat se bhot nafrat hai phans gaya account bana k jab open karun account hazer imran nawaz humza sub ki he post aa jati hai,1,130,[],0,0,0
kyonkti tu woh bola raha hai jo hai nahi muslims terrorism worldwide hai aur tu thop raha hai dusaron par,0,105,[],0,0,0
mujhe v mann karta hai murder kar du,0,36,[],0,0,0
islamic terrorism puri dunia me hai aur hazaron lakhon mulsims isame involved hain kewal kuch group nahi,0,104,[],0,0,0
ek do ghatna se terrorism ka hona proof nahi hota terrorism ek continuous phenomenoa hai aur organized,0,102,[],0,0,0
aaj ke din me islamic terrorism ke alava koi aur terrorism nahi hai agar hai to tu bata sakta hai kidhara hai,0,109,[],0,0,0
madarson ko terrorism se jorhne wala khud terrorist hai,0,55,[],0,0,0
tamam indians chaahte hen khum piyaar muhabbat se rahen or tum nafrat ke beej bo rahe ho shame on u,0,99,['beej'],1,6,1
woh suna hai tumhare faujion ko unke senior rape karte hain,0,59,[],0,0,0
niazi haramkhor pakistan ko terrorism mai dhkail raha hai,0,57,[],0,0,0
is dor ka sab se begerat chainal zee news hai jis ne tarikh fatha ko bula kr nafrat phela rha hai,0,97,[],0,0,0
is ko hamare sanvidhan aur desh ki fikr hoti to aaj ye zeenews pe beth ke nafrat ka bazaar na faila raha hota,0,109,[],0,0,0
wait karte raho sir ek din hate story bhi aayegi,0,48,[],0,0,0
hamare yaha red balloons bechne walay jail pohanch jatay hain lekn khoon bahanay walay sarko par ghoomtay hain,0,110,[],0,0,0
ye love hai to kya hum hate hain,0,32,[],0,0,0
bc terrorism ko kis se compare kr rha h,0,39,['bc'],1,10,1
kiu kuch log chehre pr dohra chehra lekr ghumte h jese h wese kiu nhi dikhte sabke samne kuch or alag m kuch not i just hate them,1,129,[],0,0,0
tumere did may hate laggakor deko garv zoorur milaga,0,52,[],0,0,0
tweetr pe murder ki planning padh li to ghar aake utha lenge muje,0,65,[],0,0,0
tumhara program sirf nafrat phailata hai,0,40,[],0,0,0
hate monger hy apni hate speech ki wajeh se arrest bhi ho chuka hy,0,66,[],0,0,0
i hate it when people do aray aap lein na aray nae nae aap lein on dining table lao bhai mujhey bhook lag rahi hai pehley mujhey de dou,1,135,[],0,0,0
nafrat phailane wala ye propaganda band hona chahiye,0,52,[],0,0,0
ab itni bhi kya nafrat hai yaar when is this trend going to stop convicted hogayi bas qissa khatm kro,0,101,[],0,0,0
twitter par hum bhi saal se hai kyun suspend nahi huwe hatred aur fake videos or news post karoge to suspend to honge hi,0,120,[],0,0,0
njab hindu terrorism ki khabar aaye to ankh awr kaan band kar lena jayse bharat mata k log pakistan mata ki,0,107,[],0,0,0
jin ka eman bik chuka ho un ko blasts se kya faraq parta hai in ko sb pata hota hai lekin phr b khamosh,0,103,[],0,0,0
saal ki bachi ka rape kar k naalay me phenk dete hain log us pr emaan nahi jaagta but okay valentines day is,0,108,[],0,0,0
tarik fateh agar aap sahi job karte to hindu muslim ke same same tweet hotetweet hi se lagta hai ke aap nafrat phela rahe ho,0,124,[],0,0,0
innovation unake khoon kae katrae katrae mein hain,0,50,[],0,0,0
hone do bhai suspend dono side se kachra khtm hoga bht hi jyada hate spread kr rkhi in chutiyon se logo k bech,0,110,[],0,0,0
sahi kaha rohit bemulaakhlakh dadri nirbhaya rape victim k inam jnu support to afajal premi ye sabhi pap ki nadi par ki,0,119,[],0,0,0
valentine day mananay aur terrorism karne wali intahaie hein aur en dono mein itidal acha,0,89,[],0,0,0
a beghairat jiski waja se hum singles ka khoon khoulta hai,0,58,[],0,0,0
aur jo muslim rulers ne hinhus ki hatya hindu ladies se rape kiye the uska hisab tere baap dega,0,95,[],0,0,0
agar terrorism khatam karna chahte ho to nawaz zardari iltaf asfandiyar ko khatam karna hoga pir mulk ka nizam teak ho jaega,0,124,[],0,0,0
wahi to sir ji kanoon to andha hota hae ho sakta hae mla ne murder karwaya ho aur ho sakta hae k mla ko phasane k liye kisi ne,0,126,[],0,0,0
samajwadi party ka naam badlkr sharmindgi wali party rkh deni chahiye jahn aye din roj ldkiyo se rape hoti h,0,108,[],0,0,0
ye to galat ho gya kisi ek taraf reho ni to bajrangdal wale tumhare hath se inka murder na kerwa de,0,99,[],0,0,0
ab yeh toh khoon karne se pehle sochna chahiye tha na earth shakes when a big tree falls bhi bol dala,0,101,[],0,0,0
nahi lekin pyare miyan ko insaf mill jaye ga uss ki ammi ke rape aur uss ke natije maen pyare miyan ki paidaish ka,0,114,[],0,0,0
beharhaal phansi ho usi tarha jis tarha usne zainab ko strangulate kiya hai voh saza bhi kam hai bohat kambohat kam,0,115,[],0,0,0
pyar nasha hai video song hate story neha kakkar tony kakkar karan wahi via,0,75,[],0,0,0
mohabbat nasha hai video song hate story neha kakkar tony kakkar karan wahi t series via,0,88,[],0,0,0
han tu v hoja fir mai uske saath tera bhi murder karne aungi,0,60,[],0,0,0
bhai tumahare yaha bhi to rape hote hai abhi ka rape hua tha puri duniya ne dekha tha ki pakistan womens ke liye kitna safe hai,0,127,[],0,0,0
masoom zainab k sath rape or murder case ka mawazina shahrukh jatoi k case sy heran kun hy buhat bari debate hosakti hy,0,119,[],0,0,0
hume bhi waisa hi laga tha jab shriman rajyasabha na bheje jaane par vidhwa vilaap kar rahe the i hate u kejru,1,110,[],0,0,0
sale mc mere desh ka pm modi imandar hai ye hum sab jante hain baki modi kya hai usse huko koi matlab nahi desh me kai aise kejriwal honge jo murder kiye honge toh tujhe hum murderer samjhe kya haram ke pille,0,208,['mc'],1,10,1
this shows tolerance limit of gujju gujjuo ko badnaam din raat karta hai or abhi tak ya zinda kaisa hai kamaal ka thanda khoon hai gujjus ka,0,140,[],0,0,0
woow woow woow aj say almost years pehly jadugarni ki tajposhi howe thi isbeal nam ki us k b kartot kalay thay same like baji mariyam aur us aurat ko usi ki public mai say kisi nay murder her,0,191,[],0,0,0
aapne sirf inke liye twitter khol rakha hai na bas sirf inko nahi bhoolte aap kabhi bhi aap bhi mujh jaise se hate kerte ho love them and love to block me aapko bhi sirf inki hi baate achchi lagti hai,0,200,[],0,0,0
agr aap sab shilpa ko hate krte ho and uske against tweet krte toh means aap sirf shilpa hater ho,0,97,[],0,0,0
agr aap sab hina ke fans ho toh pls sirf aur sirf ke baare mein hi tweets kro,0,77,[],0,0,0
kya timepass kar rahi haisadak pe kisi se bhi poochoge to bolega hi ki rape rokois this a selfie campaign,0,105,[],0,0,0
ja be tujhse baat hi kaun kr rha h i just hate tera ro sir aur baki mujhe kisise problem nhi h tu mujhe hate kr ya na kr main tujhe hate nhi karungi kyunki main sirf uss chashme wale tom cruise ki hater hoon aur kisiki nhi aur uska reason wo tweet tha jo usne luv k liye kia tha,0,278,[],0,0,0
woh bhi bhaag k arhay jinhein janti bhi nhi lol,0,47,[],0,0,0
who does katiyar think he is rahat indore ji rightly saidkirayedar hain kisi ka zayati makaan thodi haisabhi ka khoon hai shamil is mitti meinhindumuslimsikhisaayihindustan kisi ke baap ka thodi hai,0,198,[],0,0,0
ramji ne ayodhya pahle bhi vanwaas le liya that bjp rss ko kyu aag laga kar wahi mandir ke name par khoon bahana hai,0,116,[],0,0,0
haha kulbushan aur kashmir singh jaison ko mat bheja kro terrorism khatam hojai ga,1,82,[],0,0,0
farooq bhaijitne bi beiman log haierrashid jaise un sabko yahan pe tag karounke ankhe kholocant believehizbul ne hurriyat ka rape kia,0,133,[],0,0,0
to tu poor kat ko ata hate list se,1,34,[],0,0,0
had those shorts hate them because zoyanyuka ungazibhaqa uhamba ze,0,66,[],0,0,0
hagney gayi hogi kisi ney rape tu nahi kardiya,0,46,[],0,0,0
agar dandy bhaiya jaisi akal om ko hoti to story aage kaise bhadti hate love story se hi story lambi hoti hai na yar,1,116,[],0,0,0
tum saale porn film dekh kar kashmiriyo ka rape karte ho,1,56,[],0,0,0
aunty lecture bad ma pehlay jisko chamba house ma rape k bad qatal kara uska kon hisab daigaayesha ahad ko kon insaf dilaigahai koi jawab,0,137,[],0,0,0
rahul ko khud hi lgta i hate him helpful hai achi baatein krta flirt krta hai boht kuch kuch hota hai rahul tum ni samjhoge,1,123,[],0,0,0
aor jo apni hi parlimentarian ko rape kar k murder karwa deaor dosron ki biviyon ko talaq dilwa k khud shadi ker leuske suporetr ky hein,1,136,[],0,0,0
main taan kuch boliya nahin tusi odo kee kardey jado gurmeher kaur nu rape diya dhamkiya ditiya tuhadey kuttey abvp tey rss dey kuttey ney,0,138,[],0,0,0
maine kab hate kiya rona band kro,0,33,[],0,0,0
bhai jada apekha mat karo ye log india ke liye jada kuch karte nahi agar karte to pakistan ko aid ke nam par terrorism ke liye paisa na dete,0,140,[],0,0,0
inki party ki auraton ka to rape kiya jata hai,0,46,[],0,0,0
kya qusoor hai amala ka after evanvirajsuveer sunny to rape amala,0,65,[],0,0,0
idk pata nhi kyun hate kiye jaa rahe hain,0,41,[],0,0,0
kya qusoor hai amala ka after evanvirajsuveer sunny to rape amala,0,65,[],0,0,0
are wo hamesha bolti bolne do crow he caaaw caaaw nhi karegi to fotaage kaise melega abhi arya hate romance enjoy karo,0,118,[],0,0,0
aik insaan shadiyaan ke hain ab yeah kisse kay rape karnay apna gussa share nahin kersakta hai kiyoon usnay khud shaadiyan ke hain,0,130,[],0,0,0
usss mai yai likha tha k rabia anum ka rape bhi imran khan nai kiya,0,67,[],0,0,0
n pedomuhammed kya hai be saal ki aisha ka rape karne wala pedophile cum rapist aaj zinda hota to saale rapist ko lynch kar deti junta,1,134,[],0,0,0
tumne harneet mam ka iv nahi pada wahi bola tha jab ipkknd band horaha tha tab harneet mam ne hate mail kiya tha gul mam ko,0,123,[],0,0,0
ke time gulmam ko hate mail kiya tha na aap karo tho sahi hum karke tho galat,0,77,[],0,0,0
nopes nahin hai fans hate it and haters hate it pata chal jaaega ki public ko kaise lag rahi hai,1,96,[],0,0,0
i hate saajunkya dikha rahe hai ye log,1,38,[],0,0,0
i hate u aap fanse ke saath esa kyon kr rahe ho batao na agr me accha ss ni de sakte to fir start karo,1,102,[],0,0,0
same i hate him tookamina abhi zameen se nikla nhi hai puri tarah aur harkate,1,77,[],0,0,0
ye lo yrkkh ka ek aur promo de diya star plus ne matlab iss show ka har week promo aur ib ka ek bhi nahi really hate star plus,1,126,[],0,0,0
socho tableeli ki kb tak hum bhutto k name pe muhtrma k name pe vote dete rahe gaiy aor ye choor loog hmare khoon passinay ki kamai khate ha,0,140,[],0,0,0
tum hate kaise kr liye,0,22,[],0,0,0
tmne kaha hai baki log bhi manein ge us pe kaha hai wese bhi i hate naeem ul haq acha hai is se tou jan chutay gi,1,113,[],0,0,0
tere jaise chutyo ki wajah se srk ko hate krte sab badha le hater,0,65,[],0,0,0
koi kuchh kare ham nahi maante e v m kuchh lochcha hai yadi e vm hate nahi to desh jal jaayega,0,94,[],0,0,0
mere marnay ki ya hate deni ki,0,30,[],0,0,0
agr watan se har kism ka jurmterrorism khatm krna hai or taraki dilani hai to watan se sare beeman lutere siyasatdano ka khatma zaruri hai,0,138,[],0,0,0
bhai ye log ye nara apni bahano ka rape karne me istemal karte h bas,0,68,[],0,0,0
bhaiya jalore say paani chla gaya ab kyu jaa rahe ho ppl hate you there,1,71,[],0,0,0
lodu sale terrorism kya hota h pakistan sari duniys ki dikha rha h band kar bhopadi ke saeed ke pille,0,101,[],0,0,0
kon rape aur aurton ko bech raha hai,0,36,[],0,0,0
i hate them jeon seokjin,0,24,[],0,0,0
hate hate babari dhamkakagana in via,1,36,[],0,0,0
chavhanke toh roz rajnath se milta hainahi milega fir rape case reopen ho jayega,0,80,[],0,0,0
jwahar khan isliye hate karta tha shree subhash chandra bosh se pictwittercomyndpnevnf,1,86,[],0,0,0
ye wo ladkiyan hai jo badi asani se rape case laga deti hai,0,59,[],0,0,0
bhai tum apna sambhal lo hum apne ka ker lete hain kuj maen kitnay rape hoye mumbai maen,0,88,[],0,0,0
kat ke badh anu hogi tere hate list main,0,40,[],0,0,0
barabar ho raha he actress ke sath rape bhi hona chahiye actress ke satha sale bibhats sinc dete samay sochna chahiye,0,117,[],0,0,0
hahah i hate this yaar garlic ki tou smell hi nahi jati hai,0,59,[],0,0,0
pti walayuchal rahay hain aik tweet prr dusri taraf noon walay apni party membr ka rape kar k mar dethay hain aur koee poochtha nahi,0,132,[],0,0,0
india pak ka hamesha rape karta hai,0,35,[],0,0,0
sukanya ka fir rape hogawoh to hote he rahte hain pictwittercomagngayf,0,70,[],0,0,0
iska bhaiya rape kar ke bhag gaya hai isko kuch mila nahi isliye kafa hai,0,73,[],0,0,0
is it okay to hate someone who is dead,0,38,[],0,0,0
i hate you nawaz shareef dhoka dey dya tumny bhi aakhirsab corrupt mene party badal li am with ik now,1,101,[],0,0,0
usne toh sirf party badli tere khandaan ne toh wahi dharm apnaya jis dharm ke sainiko tere khandaan ka murder aur rape kiya,0,123,[],0,0,0
guest house me rape ho kr qatal hui hn,0,38,[],0,0,0
lucky you i can bet vo mujhe kabhi bhi follow nhi karenge qki mein ca hu jinko vo hate karte hain bahi ko sahi karne waale samajhdar h,1,134,[],0,0,0
hate ko ghas khe la ne gay a hai,0,32,[],0,0,0
enhi fans ne sabhi ko srk se hate karne pe majboor kar diya,1,59,[],0,0,0
banda ek baar soch le ki chal khud ko indian man lun lekin yaar yeh lynching rape gau mutr is sab ka bhoja kaun uthayega,0,120,['banda'],1,7,1
jis tarha quaideazam par larrki nay jhota rape ka case banaya tha train mainaj ausi darmay ko colourful adakaron pe shoot keya gaya,0,131,[],0,0,0
bhai sab thik haintum srk ko hate karte ho thik haibut krk ko sir bol rahe howtfusli fake followers hain,1,104,[],0,0,0
madhav ji pakkis tarah ki bhasha samajta hai aap to acchi tarah se jante hainjab tak pak rahega cross boarder terrorism khatm nhi hoga,0,134,[],0,0,0
abbi abhi khabar aye hai bada inkishaf hua hai ke imran khan ke khilaf jhuta propaganda krne pr twitter ne hamid mir ka rape kr diya,0,132,[],0,0,0
iska gang rape ho gaya,0,22,[],0,0,0
ab raat ho gayi hai ghar sai bahar mat ana warna rape ho jai gi chal bhag bhosdiki,0,82,[],0,0,0
kia wo rape sy barh kr hai,0,26,[],0,0,0
i hate her yaar har koi issi ka name diye jaa raha ha,1,53,[],0,0,0
jesa khan begerat he wese hi hon ge in pojne wale i hate niazi pasha no,1,71,[],0,0,0
mere jaan i hate geobut hamid mirik ka bht allaaw frend haidear koi girl media pay awen e ni atiimran farsihta niinsan hai,1,122,[],0,0,0
now i hate aap or kejri ye chhal kinrajniti h,1,45,[],0,0,0
pehlay tu yeh bata teri bhai ne teri bhen ka rape kiya tu usme se to nahisalay chutiya log kaunsa zamanay mein rehtay hain kali gand,0,132,"['chutiya', 'kali']",1,10,1
padho tumhari terrorism padhyi ham to desh bhakt hi thik hai,0,60,[],0,0,0
tu jakar apni bakriyon ki our gadho ki our apni panchayto ko rok jo jo ek kadki ka rape karwatebhai pure gaav ke saamne,0,119,[],0,0,0
arya fan par arjun kyu hate list me aate ja rhe homaya k liye socha ki usko kaisa laga hoga bachpan me baap ab tum sab dhoke baaz,0,129,[],0,0,0
we hate naam sethi,1,18,[],0,0,0
bhai nuksan pain izzat to sirf ek ladki ke he gyi jisne rape kiya uska to kuch bhi nhai gya,0,91,[],0,0,0
aisa kuch nahi i hate it,1,24,[],0,0,0
tumche gambhirya disale amhala mahad durghtnechya veli shame on prakash mehtawe hate corruption mind it guilty asal tar sodnar nahi,1,131,[],0,0,0
bhai tum log pehle apne mulk ko sudharo phir pakistan mein dekho india mein har din rape hote hain googel pe yeh bhi zara dekho janab,0,133,[],0,0,0
bhati sab ek foji ne asma jahngir ki sath rape kia tha air ek bacha hoa so adalat gye insaf ni mila tu ab wo media ko be na bteye had ha,0,136,[],0,0,0
lolzzz is pagal rundistani k twitter pe kisne account banadiya chosde ka apni gav mata ko bacha aur apni beti ko gang rape sechal phut,0,134,[],0,0,0
i hate shopping not i go for it bas kabhi zbrdsti bhyi kya main khawateen k dabbay sy kharij hun,1,96,[],0,0,0
same same neha mujhe bhi thand bohat lagti hai ñd i hate winter i wait summer but abhi toh mahine thand mein jeena hai,1,118,[],0,0,0
gau rakshak kahan hai unki maata ka rape hogaya hai,0,51,[],0,0,0
o jhandu balm aaj mera ek fauzi bhai shaheed hua jk me islamic terrorism ki goli se tu chutiya aaj tweet nhi krega jhantu,0,121,['chutiya'],1,5,1
kitni shiddat se u hate pyar,0,28,[],0,0,0
party bana bhi loge to bahut jaldi pm ban jaoge neta ji modi hate me pagal ho gaye ho nitish ko akl aa gayee mahine me,1,118,[],0,0,0
kasi haters gonnaa hate hate hate hate,0,38,[],0,0,0
bharat k musalmano ne har terrorism ko nakar diyaaj har din ap mobe bana kar nirdosh musalmano ki hatya kar rahe phir bhi muslim silent,0,135,[],0,0,0
jab apka sabse acha friend he apka mazak bana ne lage to sumjh lo dosti naam ki koi chez nahi hote i hate u aap ko to maine apna,1,128,[],0,0,0
pushpa i hate tamatar re bahut mahnge hai,1,41,[],0,0,0
peshawar ki clock idhar kyu dhika rahe ho suna ki pak me sirf aur sirf bakri ko rape kar jata he,0,96,[],0,0,0
dekh tere sansar ki halat kya hogai bhagwan k bachiye ko rape krha musalman pictwittercomafntgxuig,0,98,[],0,0,0
pushpa i hate tinde ki sabzi re,1,31,[],0,0,0
isko allah ne aadesh diya hoga ya kuran mai likha hoga ya khuda ye tera kesa dhrm h jo tu spne mai aake rape krne ko khta h,0,123,[],0,0,0
aurat ny pore twitter ko ganda kar diya koi aysha ko batye rape hota hia tu medical bhi hota hia ilzam lagya hai tu sabot bhi dy,0,128,[],0,0,0
mujhe ludo se sirf rt khani haii hate ludo,1,42,[],0,0,0
agar allah na karen imran y kisi aur ki behan pe esa ilzam hota kya saboot istarah mange hate kuch khuda ka khof karen,1,118,[],0,0,0
school me jbran islam kabul karvane par chup aur vabdematarm pe jaise kisi ka rape ho gaya ho vaise behaviour karte hai,0,119,['chup'],1,1,0
school me ya kahi vandemataram bolne pe pure bharat me jaise kisi kom par rape ho gaya ho vaise behaviour karte hepar school me islam kabul,0,139,[],0,0,0
asaram bapu ji per case banata hi nhi hai fir me rape ka ullek nhi hai dr swamy,0,79,[],0,0,0
vipaksh ko jab koi kaam nahi tha toh woh in ladkiyon ka huq cheen liyab up was rapemolestation capital crime ki duniya ka badshah tha,0,133,[],0,0,0
pmln itni beghert party hai k ye kal ko bhi imran khan par rape ka ilzam lagany k lye bhol sakti hai be sharm nawaz ganja,0,121,[],0,0,0
irony gaumata ke naam per terrorism khud phela rakhey hai half chaddi aur half knowledge dangouras hai islam duniya banne se lekar aaj tak,0,138,[],0,0,0
bibi ko hate pasand hai,0,23,[],0,0,0
yad hate hi honke pictwittercomakpeqxqh,0,39,[],0,0,0
dekho bhai very simple jab kise bhi lady ka rape hoga to mera dost public place main zahir hai nai hoga kise soonsan jaga phir he hoga,0,134,[],0,0,0
the nation hate gulalai gulalai ne apna aur apne saare khandan ka sar sharam se jhuka dia lekin sharam se to wo nawaqif hein,1,124,[],0,0,0
n we hate u tereko log bas gaali dene ke liye follow karte haitu kabhi apne comments khol ke padta hailog kitni gaaliya dete h tujhe,1,132,[],0,0,0
mullah fatwa nikala jai shree ram bolnepe idhar to sasura bachdeka rape kardia bolo un katuwa loganko fatwa nikale,0,114,[],0,0,0
gula lai ko choro ye batao aysha ahad ka kiya bana jiska rape kia tha hamza shahbaz nay kiya ameer muqam nay usay cal q nahen ki,0,128,[],0,0,0
jaipur main muslims ne jain shadi shuda aurat ka rape karke iska ghar lut gaye kiya hua,0,87,[],0,0,0
fir to apme or congress me farak nahi me koi option dekhege dono muslim support karte ha vote bank ke liye i hate namo,1,118,[],0,0,0
sirf rape hi nahi kiya hrgay komanipulation karwake izzat ki dhachiya tak uda diyakaam tak nahi mielga ab hrgay kocareer over hogaya,0,132,[],0,0,0
jetnay aap akhlaaq say ghir gaye ho hosakta hai aap agli baari keh day kay ik nay meri bewi ka rape kar leya thaa,0,113,[],0,0,0
hindu to rape karne ke baad bhi rehta hai ek criminalwhat is ur point,0,69,[],0,0,0
yup and this is most disturbing part of this yaani yaar rape ho jaey us larki ka koi na poochy k aagy uski life kysi guzray gi,0,126,[],0,0,0
drmms saal tho chup rahe aur barbaadi ke ore leke gaye hindustan ko hindu terrorism ko staapit karne koshish kiya ab kyon bol rahe ho,0,133,['chup'],1,1,0
asaram bapu ji per case banata hi nhi hai fir me rape ka ullekh nhi hai dr swamy,0,80,[],0,0,0
arjun uska sath de raha h jisne uski wife ka rape krne ki kosish ki thi aur bache ko tak mar deta bahaut shi ja raha h,0,118,[],0,0,0
iss tarrah na ahli nahin no sakti haan kisi pr rape ka ilzaam lagwa do tu shayd,0,79,[],0,0,0
rutvik ji aap chale jaiye na border par bolna bhot aasan hota hai sir ji congress ki vajah se hi terrorism bada hai,0,115,[],0,0,0
kaun hai eh bhai logo iska bhi rape kardo na bahut bechen hai eh mahila shayed peechlee janam ki esi icchaa hai iskibjp k time do it,0,132,[],0,0,0
geeta ye nahi bolti ki ladkiyo ka rape kro kisi jeev ki hatya kro sayad aapne geeta to padhi lekin geeta ka arth nahi samjha,0,124,[],0,0,0
kaun rapper acha gaata hai bhai i hate all bas music ka kachara karne aaye hai sab,1,82,[],0,0,0
we pakhtoon hate,1,16,[],0,0,0
celeb ban jaon phr kr lena hate,1,31,[],0,0,0
aparte aaggg hate this,1,22,[],0,0,0
bhai kisne hate kia,0,19,[],0,0,0
india ki news chor pakistan ki news padh panchayat ne rape ke badle rape ka ailaan kiya tha,0,91,[],0,0,0
aur tum kheen ya na kh do k shahbaz sherf ny mera rape kya ha,0,61,[],0,0,0
ye tu woi bat ho gai key kal sunnly leon bhi rape ka ilzam lagana start kar dey,0,79,[],0,0,0
annaji aapne kejriwalji ko kyu promote kiya i now hate every person with anna in name,1,85,[],0,0,0
fazol tweet ki ha apne aqaawo ko khush krnewarna rape b ho jaye to tests sy pata chal jata ha wo evidence k tawar use hota ha,0,125,[],0,0,0
admi acha kaam kare to b bhakto k chati pe saanp lotne lagte k ye acha kyun karra bhakto ko padwaoo to ye hate mongring lies chor dege,1,134,[],0,0,0
shaheed e hindustan ki shahadat zaya nahi jayegi towards end of terrorism in,0,76,[],0,0,0
ha di mei bhi shadi ki baad hi kerahata shadi ki baad hate story bilkul pasand nahi hai muje weve seen once na y again hate story aft shadi,1,139,[],0,0,0
tum to saale bakri aur bhes ka rape kr dete hon hme sikha rhe ho saale khud ki saghi bheno ko chodte ho saale sewer ki aulad,0,124,[],0,0,0
alisha ahmad k rape aur phir os waqat kaha tha tera andar mbin qasim,0,68,[],0,0,0
we do appreciate bhai but kabhi kabhi achi filmo ko bhi aap rape kar dalte ho,0,77,[],0,0,0
matlab ke ab agar beef nahi kha sakte to cow ka hi rape kar daalo,0,65,[],0,0,0
yaar i hate this weather barish krwao ajati hun,1,47,[],0,0,0
baapuji ne khud kaha tha ki tihaar jail jaane ka man ho raha hai chalo tihaar na sahi jail toh gayehe has serious charges of rape,0,129,[],0,0,0
haha sahi ho k twitter vari hate dekhda achammai vaisake,1,56,[],0,0,0
north hate north gatee,0,22,[],0,0,0
fawad ch wo bhai hai jiski behen ka rape hu raha ho tu boley ga behna mein ne tu bola tha sleeveless na phena aj woh bhi pink lanat,0,131,[],0,0,0
ye hmari gairatmand qoum haiinhy kch mat kahay plz warna ye kabba m bethi hawa pay jism faroshi ka ilzam laga kar uska rape bhi karday gy,0,137,[],0,0,0
gayathiri raisa julie enna aarav ku security ah oviya rape pannama irukka,0,73,[],0,0,0
but mujhe hate q karte ho,1,25,[],0,0,0
wo gandagi khud krte hain but jab rape hojaye to wo b apni jahalat dikhate hain,0,79,[],0,0,0
abhi tou keh rhy thy pyar hy ab hate you kya ye khula tazad ni hy,1,65,[],0,0,0
tumhare yahan to bakri se bhi gadhe se bhi rape hota hai,0,56,[],0,0,0
or jo madical rape date hain wo kidhar chorti ho,0,48,[],0,0,0
tu ny gandi shakal banaie hoti rape victims ki tarhan ki,0,56,['gandi'],1,3,0
ek patni pr usko pr ye samaj ki kt putli hein jb chahe ladki ko maar diya jb chahe rape kr diya aur india,0,105,[],0,0,0
aj ai nijum raate mone pore she fale asha din gulo kotha mone pore she sobuj a path mathe tmr hat dore hate chola din golo,0,122,[],0,0,0
viv ko ek din ms dikha hai nd day bhool jati hai hate this,1,58,[],0,0,0
aryan chaudhary par rape ke case chal rahe hain,0,47,[],0,0,0
nahikoun bolai hate him,1,23,[],0,0,0
kahi tu b unki yalgaaro ky natijy me paida howa hoga rape kar kay jafi pushti start howi jogi,0,93,[],0,0,0
yaha pe log apne fvrts ko support kam bani ko hate karne mei zyada zor laga thi hai,1,83,[],0,0,0
ki jo maggi ji se hate karte hain wo muslim hi hote hain,1,56,[],0,0,0
vo pta chalra h modiji ko jis vajah se hate kr re ho tum,1,56,[],0,0,0
imaam ke imaan ka rape ho gaya satak gaya hai gandu imaam ko open challenge hai aa jaa maidaan mein par naha ke aa,0,114,['gandu'],1,8,1
bhaiindian bhulakkar hote hesan bhul hate henotebandhhikya hua,1,62,[],0,0,0
pagal ko kya hua aaj u hate emoji na,1,36,[],0,0,0
sirf mannu manveer jaisi chugli wali aunty ko lana or last tak le kr jana what d hell i hate mannu manveer,1,106,[],0,0,0
karna bhai hate kar mujhe bhi kar taras raha hu tere hatred ke liye,1,67,[],0,0,0
congress ki sarkar gai usko saal ho gaye par kuch bikau media aaj bhi wo nhi bhul paye chattichgadh mahlia par rape huwa waha chup,0,130,['chup'],1,1,0
ab hate karain ya love phunsay parray hain maanna tu parrega sardi nikli ja rahi hay,0,84,[],0,0,0
i hate that frdship bani is selfish woh kise ki frd nahi bna sakta din tak bani ko nitibha nahi dekh kya,1,104,[],0,0,0
hahhaah i hate girls who call bhai abby bhaee bhai sirf apna sagaa zaati huta hai hr rah chalta bhai ni hta jisko bhai banake bth jti hen,1,137,[],0,0,0
kitny logon say chudai karwai hay kuty ki auladsari raat apna rape kara ka dosrun par bhonkti hu,0,96,['chudai'],1,7,1
saudi arab wale rules laao fr baat banegi rape ki saja me bechara usse hi hath dho baithega,0,91,[],0,0,0
i dnt hate anyone jo sach hay wohi bolrahihoon,1,46,[],0,0,0
allergy kafi sahi word hai hate it,0,34,[],0,0,0
haan aur aap ke neta to ration card dene ki evaz mein rape kar rahe hain,0,72,[],0,0,0
kani fan koi bhi dikh jaye iske dramas se bttr hai i hate such negative peeps,1,77,[],0,0,0
mery ankon me tum saf nazar hate o,0,34,[],0,0,0
veer ji upa govt woman security ke liye alag se woman bank khol rahi thi jaise bank me rape hote ho,0,99,[],0,0,0
he he he i hate him so much na ke dil se nikalta hai,1,52,[],0,0,0
jo bhi hindu ya muslims ka shabd bhi use kare woh ache nahi ho sakta he plays divide and hate politics,1,102,[],0,0,0
ye kis taraaki jel hai kabhi keadi bhag hate hai to kabhi keadi ke ayse mamle same date hai,0,91,[],0,0,0
ghusa teesri shadi k baad thanda hoga i hate insafians and love u miyaa sahib,1,77,[],0,0,0
log music me rap karte hain aur ye bhai music ka rape krte hain,0,63,[],0,0,0
anna ntr ki krishna ki jarigina rape tho polchukunte adhi pedha gang rape,0,73,[],0,0,0
woh nishant ki wajah se akkian ad ko troll karte hai incl medm me humari grp me yahi baat hoti hai nishant hate faila raha,1,122,[],0,0,0
ami ekjon soldier hoye oo police khuv hate kori,1,47,[],0,0,0
errip thanani ki anthe leda ila anukune palakollu lo lady chethi lo rape ki guri ayyadu,0,87,[],0,0,0
agar dum hai toh kuch ayese politican hai jinpe rape chargers hai unko jaake boalo na unpe mardani kyu nahi dekhate,0,115,['dum'],1,2,0
agar ye sab serious hote to ab tak nirbhaya rape case k dosio ko phansi ki saza ho chuki hoti aur aise logoe k dil me kanoon ka dar baithata,0,140,[],0,0,0
aki hii ni hate speech twittercomlagwwncdw,1,42,[],0,0,0
maro anankvadi imamo ko talwar se kat dena chahiye hindustani hijre ho gaye hai jitne imam hai wohi terrorism ko paida karte hai,0,128,[],0,0,0
aur shanghi bhajpiye tab jaagte hain jab dange karna ho ya rape ya loot machana ho ya bomb banana ho,0,100,[],0,0,0
aur shanghi bhajpiye kewal tab jaagte hain jab danga karna ho rape karna ho loot machana ho ya bomb banana ho,0,109,[],0,0,0
ami jani amake onek manush onek hate kore ami kintoo tader ke oneek oneek bhalobashi allah malik knows my,0,105,[],0,0,0
bhai sir aapko spelling mistake me taklif hai woman ko rape karne me nahina hi ek bhi tweet,0,91,[],0,0,0
wo sala to baba hai asha ram ki tarha tabhi to us par bhi rape case laga hua hai kutte sirf bhaukte hi hai,0,106,['kutte'],1,2,0
i hate nikolai,1,14,[],0,0,0
sheru meri jaan apne shakal dikha mujhe dekna hain tere ma ka rape ka outcome kya tha,0,85,[],0,0,0
kbhi india walo ki soch liya kro jo ladkiyon ke rape ho rhe h usse to rok nhi skte aap aur baat krte h,0,102,[],0,0,0
ab koi or dhund raha hai jo kuch time k liye tary sath theek ho or phir tujy hate krny lagy,1,91,[],0,0,0
and i hate girls jo larkon k abuse karne k bawajood un se bat karti hain,1,72,[],0,0,0
aur kapil sir ka show dekh kar to sare gum door ho hate hai,1,59,[],0,0,0
maam ye apne ek dum sahi kha hai logo ko smajhne ki zarurat hai rape netao ke nai ho rhe h bharat ki nanhi pario k ho rh h,0,122,['dum'],1,2,0
i hate this word ek waqt tha jab mai is word ko sunne ke liye trash rahi thi but ab ghin aati hai is word se,0,108,[],0,0,0
kyu be chakke rape ho gaya na kalwe ka pictwittercomjmpohqjlv,0,61,[],0,0,0
english bolne nahi aati toh uska rape toh mat karo,0,50,[],0,0,0
aatak baadi tabhi hate gha jab ham aam public jokna rhe unpe kari nazar rakhe to aatak khtm ho jaaye gha,1,104,[],0,0,0
madam aaj meri bahan ka rape kya gaya ha wo saal ki mentally and physically challenged hai mujhe aap ke mdt ki jarurat,0,118,[],0,0,0
himesh i hate him kya mike laga ke rakha hai kya gale mein,1,58,[],0,0,0
eakdam sahi kha pta nahi kab hate ghi aesa soch,0,47,[],0,0,0
bhai hate ni pyar phailata ha or jo pyar se nhi manta na wo usme itne ched karta ha ki wo confused ho jata ha ki sans kaha se le aur,0,132,['ched'],1,8,1
punjab me terrorism ki jimmebar to bjp ki dost log he jhooth ki bhi ek had hoti he,0,82,[],0,0,0
pakistan me rape nahi hotey kya rape ek mard karta he phir chahe kisi bhi mazhab ka ho,0,86,[],0,0,0
chiiiii hate himmrgupta,1,23,[],0,0,0
hamare yahan yeh crime hai tumhari tarah mard ka hak nahi hai isliye hum ise rape kehtey hain aur report kartey hain,0,116,[],0,0,0
muslim kafiron sa phir bhi lakh guna achy ha tumhary hindu india main her jaga rape kar rahy hai un per bat karo,0,112,[],0,0,0
aur koi arguement kar lo reh gaya hai tou saara din kis ka ser khaati ho bestie hate you yeh bhi tweet ker rahi hain,1,116,[],0,0,0
pm apna vada nebhae bename sampatte rakhnewalon ko paker ker unke sampatte rajsat kare peche na hate,1,100,[],0,0,0
sir meri chhoti bahan ka rape aaj hua hai,0,41,[],0,0,0
,0,0,[],0,0,0
sir mere behan ka rape hua hai aaj mere gaon mein gav ke hi ek aadmi ne rape kiya hai please meri mdt kare,0,106,[],0,0,0
taagi padipoyina amayini cheste rape e avuddi,0,45,[],0,0,0
sasti lokpriyeta ke liye chote sale modi ji per galat salatjhuta mudda it hate rahta hai,1,88,[],0,0,0
lolwa hate toh mai bhi nahi kartalekin ainvey hi,0,48,[],0,0,0
madam ji hate krne k lie phle seats le aao loksabha m,0,53,[],0,0,0
ghaaaad pashagitun jud daw ug rape,0,34,[],0,0,0
haan sach mein to bilkul modi ji andhe ban gye tribals ke rape par waha to polity ka natak nahi hoga sayda,0,106,[],0,0,0
vo bhi rape k maze le rhi hai,0,29,[],0,0,0
tum laave ho maulana tumhara rape kissi aur se nai hota dekh sakta main khud kerna parta hai,0,92,[],0,0,0
i hate bani nafrat krta hu mai tujse tune bhai se attitude se bt ki i hate uuuuu bani kuttiya,1,93,[],0,0,0
agar third eye insan dare to rape case zero ho jaye n sare imandar hojaye,0,73,[],0,0,0
pehle ashram mai jo rape kar rahe hai baba log larkiyon ka unhe to bacha le,0,75,[],0,0,0
sir mai purnea bihar ka hu yaha hindu ke sath muslim ne rape kr ke mar dala postmartam report v change kera diya gya haikoi kuch nhi kr raha,1,140,[],0,0,0
abe gaddar tu sirf hindu k khilaf hi qu bolta h dum h to muslim logo ne kashmir girls ka rape kiya tha uspar b bol,0,114,['dum'],1,2,0
jyada nhi degree se niche nhi jata i hate it abhi degree hai btao i was temp in minus,1,85,[],0,0,0
meri tl pe shadeed mohabbat ka virus phelta hua dikhai de raha tha to main ne unfollow kr diya mohabbat k thekedaar apna karobaar kisi aur ki tl pe chamkaen i hate love,1,168,[],0,0,0
aur madarse me maulvi rape karte hain to owaisi aur tere jaise log un maulviyon ke support me aate hain hai na,1,110,[],0,0,0
pakistan bhi khareed lena jab aukaat itni hojae magar pehley in paison se toilets banwao or larkiyon ko kapre pehnao poori tarhan taky rape km hon or gandagi bhi,0,161,[],0,0,0
are aisa kuch nahi hai bhai mai abhi bhi srk ka hi fan hoon or rahunga but ab akki ko bhi respect krta hoon kyuki hate krne ka koi reason hai hi nahi,0,149,[],0,0,0
ab allhaa jane pakistan ka kya hoga majhab or peson ke liye terrorism felane bale jab desh ke politics aa rahe hain a sa lag raha he ke jese suraj west se nikla hey chor ke haat mein tijori dene jesi bat ho gayi ya phir kehelo ki billi ko machhli ki rakhbali karne ko,1,267,[],0,0,0
religion ab peace se jyada hate failane ke liye use hota hai,0,60,[],0,0,0
jitni drama hai utni hi ghatiya kud dry fruits bed me chupakar khati ho aur vikash ka khana dekhti ho uske chalne ka majak banaya vikash ne video dekha fir v issue nahi banaya aur tumhari chal se lagta hai ki delivery k bad aunty aa rahi hai i hate you,1,252,[],0,0,0
mai india se chode gaye k pakistanis army men se puchna bina rape ke liye rape kaise hota hai,0,93,['chode'],1,6,1
ashram me rape karna sikhya jata hai sabko malum hai,0,52,[],0,0,0
bhai ko koi kese hate kr skta,0,29,[],0,0,0
aisa koi baat nai haiaise logo ka mai suport nai kartaaise rapist ko kutte ki maut dena chahiye sirf yeh bolke nai jo rape karta hai usko,1,137,['kutte'],1,2,0
u know aise gatiya fanz ki bagah se shilpa ko bahot log hate karta hai jab dekho bina baat ki gali dena n unrespect karna hadh hai brainless ppl,1,144,[],0,0,0
to bhi dhiyan rakh kahin teri izat na lut jy tera rape na ho jayhaha,0,68,[],0,0,0
khud kisi ko hate krte ho to apne aap ko ya apne perception badal paate ho,0,74,[],0,0,0
itni nafrat to kya to pakistan ke atankwadio mein dekhe ko milte h ya aap mein sirji jis thali mein khate ho usi mein ched karne ka plan h kya lag raha h iski gaddari par chhabuk chala h jo itna tilmila rahe h,1,209,['ched'],1,8,1
shweta mamitni izat denay walay rape nhe krty bharvay,0,53,[],0,0,0
padmavati pr film banaoge zinda jala denge naak kat denge aashram mai rape karo acid attack kro koi nahi,1,104,[],0,0,0
saal phle koi peg wala amber ek saal ki ladki ka rape kia ab kisi ka khoon khol rha hain kya,1,92,[],0,0,0
tu madras chaap jahil ki baat krega khud ki ammi khala behen ka rape karta hai halala karta allah chillane wala aatanki hota hain aur tu hain woh aatanki samjha bete,1,165,"['aatanki', 'aatanki']",1,8,1
didi hate toh bhi karte hain unpe kuch comment karoge,0,53,[],0,0,0
in behencdo ke ghar pe hi adhe rape hote hai jo report nahi hote honge aur ye dusro ke ghar pe jhakte he chaman c,1,113,[],0,0,0
bina deepika kabhi c nahi dekhe chadarmod ne tiger ne hakle ke career ka rape kar diya din me aur tu atg ka moot pee raha tere star ko bol ek clean hit deke dikhaye chakke,0,171,[],0,0,0
modi ne kon sa promise poora kiyaab tak kitne sainik mare kitni ladki ka rape hua kitne log vaise he maar diye gaye note banddi me log maare gaye in sab pe white paper tera chacha nikaalega,1,189,[],0,0,0
yasss power of hina fans proud to be one of them churan patliya darr gaya aukat nahi hai uski ki itne fans ho uske infct uske fans hi usko ab hate kar rahe hai unhone b zillat k laddu khilaye hai,0,195,[],0,0,0
ek hota he hate or ek hota he lovelove ki nazar to he shilpa ji,0,63,[],0,0,0
bki hate howo hate wala nazar kiske lya he yea samajh ne k lya app kafi samajhdar he,0,84,[],0,0,0
chup kar kya kuch nhi boli shilpa se uski baad v woh chup rahi thi aur tumhe khana di thihate u never want to see u again,1,121,"['chup', 'chup']",1,2,0
ye terrorism toh band karoge lekin ye feminist ke aatank se kaise bachoge,0,73,[],0,0,0
pyaar sai hate kertay hain na,1,29,[],0,0,0
international media ne sahi survey kiya ha k bharat me hr mint me ak auret ka rape hota ha so ap k baat or wording se yaqeen ho gea k kia respect deity or kis trah se female k sath ap log baat krty ha choro abi ki baat kro kl kis ne dekha hm abi invite kre ha ajao,1,264,[],0,0,0
iska to rape bhi hona chahye tha dehli mai,1,42,[],0,0,0
yaar ye heena ro ko bula rahi hai lekin awaz se poori dunia ke kaan band krwa rahi hai kaisi pagal hai yaar ye i hate her bhot jyada gandi gali aa rahi hai is pagal ko dekhkr,0,174,['gandi'],1,3,0
apko sirf glass shield itni takleef de rahi hy us terrorism ka kya jo ne pak me kiya un maaon aur biviun ka kya shame on u,0,122,[],0,0,0
tu karwa suwar ki aulad hai suwar ne rape kiya tha teri ammi ka apni soch gandu allahchodi,1,90,['gandu'],1,8,1
kulbhushan jadhav ji ki family ko lautate waqt wait karna padha coz jo service k liye appointed tha vo of k mai gaya hoga,0,121,[],0,0,0
sheed huwe too mar gairaye gee dostbut piche nhi hate ge pakistan ka baap hai india aur ushko ek din jhukna hoga,0,112,[],0,0,0
aur dosri baat kulbushan jadhev ajmal qassab hai ajmal qassab tak india ne access di oska tu yebi nahi pata tha pakistani hai ya indian hindu hai ya muslim kulbashan terrorist ne tu khod bol diya me terrorism k liye kaam karta tha,0,230,[],0,0,0
arshi out hoke shirf nagative hi bole rahi hainow i hate her,1,60,[],0,0,0
aisi aurtain hoti hain jo jaan boojh k rape waalay ilaqe main jaati hain pakistan milgaya toh rape kaise hoga aapka,0,115,[],0,0,0
gayo jogi to gayo waise bhi yeh bahana ban jayega par who likes modi or jogi say dey hate them,0,94,[],0,0,0
mi tu kisiko hate nhi karti kya bigaada hi apna,0,47,[],0,0,0
haha so so so true aise hi nhi i say ppl aadhe hina karan show dekhte hai chahe hate hi krte hoadhe hina karan shows mei jare hai jinko kutta bhi nhi puchta aur mu fer ke chla jata haihina is fab,0,195,['kutta'],1,2,0
hindutva ko to inka baap bhi nahi rok sakta aur terrorism ko to ye useful idiots khud badhava dete hain,0,103,[],0,0,0
milawat tumhare hui hai invaders ke rape ke dwara,0,49,[],0,0,0
she is just sabji me dhaniya i just hate dhaniyan i boycott that sabji too,1,74,[],0,0,0
haa tumhe toh bakriyo ka aur murgiyo ka rape sikhaya jata hai isiliye tumhare yahan sirf bakriyo ke hi hospital hai baaki sab toh bimar paki india se bhik mangte hai visa ke liye taaki apna ilaaz yaha aakar kara sake ye le tere liye gifts aur inka rape karle,1,258,[],0,0,0
humare yaha insaan rape hota hain aur waha bakri gadha kutte deadbodies khusre sab kuch rape hote hain dunia haasti hain in par aur yeh tweeter pe aate hain fake jihad karne are iss fake jihad se bakri nahi milegi phat ke nikal ke pictwittercomptokzdbyhd,0,254,"['gadha', 'kutte']",1,3,0
christmas wish karna haram hai dance haram hai music haram hai chess haram hai painting haram hai biwi ke saath photo dalna haram hai par terrorism halal hai kaffiro ki aurato ka rape karna halal hai gareeb logo se zabardasti islam qabool karana halal hai,1,255,[],0,0,0
is dehati peerzada the begger of america ko bulate kyu he show me lehaz nahi he baat karne ki pakistani o se aur ummid v kya kar sakte he ye log to terrorism ke liye apne maa baap biwi bacche ko v bech sakte he,1,210,[],0,0,0
haha ek din baad main azaad hone wala mulk ab rooti kaa tanna mary ga ooo bhai thek ha tmre haan roti ha khate ho nahi time ki pet hagne k liye urto ka kuch kro ghr mn bahar ja k rape krwa k aa jati hain bechrikhane ko chor hagne ka soch beta,0,242,[],0,0,0
saal kia hai bhai tere ram bhagwan ne to sal ki sita ka rape kia tha ramayana ka aranneya khund kabhi padh lena,1,111,[],0,0,0
logic chutti apni jagah hai or hate apni,0,40,[],0,0,0
puneesh is really very bad person insaniyat hain hi nahi usmei vikas ne usko yaha tak laya varna vo kab ka eliminate ho jata hiten ke jage voh jata hate him,0,156,[],0,0,0
rape toh tum janti ho sab se jada porkistan mein hota hai baap apni beti ka beta ami ka and yeh sab allowed hai tum khud janti ho tum kitni baar so chukie ho abba ke sath porki ho yaa rape yaa terrorism aur kuch hai karne ko tumhare neech desh mein,1,248,['neech'],1,7,1
toh tu mahabharat q padh raha hain quran padh allah chilla aur maar de hum logo ko aur rapist jesa sal ki ladkiyo se rape kar,1,125,[],0,0,0
u might wanna die coz porki cant even get well porki pana aur terrorism tumhare core mein hai tum log har jaga innocent ko kill kar rahe ho so plz marjaao aur apne abu ko bhi mardo take aur dhadewali na peda kare,1,212,[],0,0,0
yeh gana kyu end nahi ho raha i may hate these songs like moh moh,0,65,[],0,0,0
shadi main nachay na nachay lekin tum logon say behtar hai wo kia kehtay hain tumhare desh ko rapistan where rape is allowed hahahhaha,0,134,[],0,0,0
i agree whn said ab agar mujhe maa kaha toh tum apni maa ko galli dogi i hate tat arshi filth khan,1,98,[],0,0,0
bhai nakli sardana abba ni wo khala hai terrorism or ye kathmulle haalala ki nazayaz aulaad pakistan waale dogis,0,112,[],0,0,0
news reporter valo ko baat karna nhi ata jab bhi vo honest prime minister shree narendra modiji ke baare me baat karte hai to vo log sirf modi kahke baat karte hai i hate this type log khaskar aajtak vale,1,204,[],0,0,0
hindu babao duwara apni hi bahan betiyon ke rape ko hamare desh ke dharam ke thekedaar konse jihad ke naam se pukarege mahila kalyan jihad ya samaj kalyan jihad pleas answer,0,173,[],0,0,0
tera abba ketly ka bola tha bhool gya ki rape ek chhoti ghatna hai bhool gya kya,0,80,[],0,0,0
amish is maulana ko batao k kanoon kisi bhi faisley ko lagoo karne k liye zaruri hai apradh to rape bhi hai par apradhi ko sazaa dene k liye hai kanoon,0,151,[],0,0,0
hahaha rape to tera hua tha muglo ne kia tha tab jake tu mulli bni aur rahi batt rape ki to,0,91,[],0,0,0
aspke udher to rape ke sasth bachcha baazi bahut popular hai pictwittercomapubtpqx,0,82,[],0,0,0
aap intehaii taasub pasand aadmi hain kabhi south k naray maar k hate phelatay hain kabhi aisay targets koi jawab nahi,1,118,[],0,0,0
bhai srk ko koi hate kare to tumhe maza aata hai kya,0,52,[],0,0,0
yah subidha ganv me nahi mil raha hai ye sab bakwas ki hate hai,0,63,[],0,0,0
aur rhi bat safe hone k na to uspe kisi ne koi favor nhi kia smjh aaya wo jo h khud se h hina k trh do pets le knhi chli poore season me na hi do muh ki bni kl to hina bda priyank ko hate uh hate uh kri bt akhade me priyank ko cheer kri ab unhi pets ko nominate,0,261,[],0,0,0
abay loray jab tumhe apni he maa bheno ka rape kar k sharam nahi aa rozz bc kam hone k bajai gunnah zayda ho rahe hain,1,118,['bc'],1,10,1
arshi kitna bhi galt bole shilpa k liye hum sb ko pata h wo kaisi h i hate u arshi khan,1,87,[],0,0,0
tumhare to terrorism failane aate hain indian army hooron se mila deti unko,1,75,[],0,0,0
gujarat election ki therk se ginti karvao to evm hate ga hamare chief election commissioner shri dhritrashtr joti ji ko aaj ke vifur chahiye jo unka marg darshan kar sakke yeh modi bhakti unko le dubi hai,0,204,[],0,0,0
arshi ne hi paysa dia hoga ko or colours kokhud to ghar me shilpaji ki izzat utarte rehe ab sayad pyse deke bahar vi wohi jari rakkha henehayat hi ghatea larkihate her,1,167,[],0,0,0
bhai jab tk aap modi ji se hate krenge,0,38,[],0,0,0
aap ki bhai ne bahut sanskri he na jo bihar me rape nehi kiya aur bihar cabinet se nikal gyei he na sir kuch bolne se pahele apne aap ko jhank lo sir ji,1,152,[],0,0,0
agar aap ko lagta hai ki party mai aap ka satkar nahi ho raha hai to aap party se alag kaheko nahi ho hate ho tum gaddar ho,0,123,[],0,0,0
tum care karte hote toh samaj jate ke porkistan kitna zalil hai coz tum andhe bangaye ho tumhe dikhta nahi ke porkio ke vaje se har jaga terrorism phel gaya hai anpad log aur hijada desh,1,186,[],0,0,0
din ba din rape barh hain tumhari india mein sirf toilets na hone ki waja seagar paise nahin hain tou human batao hum chanda ikatha ker k bhaij dete hain suna hai tumhare mulk mein ghurbat bohat haibhooki nangi qouminka gandhi nanga raha kapre naseeb hai hoye bhenchod ko,0,271,[],0,0,0
isko sahe nikala ghar se iscey ki awam ne india hate arshi khan,1,63,[],0,0,0
bhai dimag bilkul satka hua he sale harami ka language to dekho mulla ko sex elawa aur kuchh nehin dikhta sale ek to abhi abhi arrest hua he murgi ko rape karte hue,0,164,[],0,0,0
bhai kaya choice h wha india hate arshi khan i can bet jutte na parre iscey kahe bahar jakee,1,92,[],0,0,0
i hate kejriwal desh ki rajniti k liye thik nahi h,1,50,[],0,0,0
ha tere waha to bakri aur murgo ka rape hota h,0,46,[],0,0,0
investigation ke naam per legal terrorism aur legal extortion ka business chal raha hai,1,87,[],0,0,0
nafrat km aur pyar badhate rahomerry xmas,0,41,[],0,0,0
apne national anthem ko change karo and yeh line add karo chutiyeh zammen shaban terristo ka yeh jahan terrorism itna phela hai ke koi company porkistan mei aatie nahi sirf terrorist aate hai osama jaise,1,203,[],0,0,0
priyank ki mom ko bhej nai sakte yaar hate dis show biased they r heartless pri ki mom ko bhejte yaar gandagi kyu,1,113,[],0,0,0
pakistan sirf terrorism hi failana janta h usko rishto ki ehmiyat nahi samaj aati he isliye ek maa ko bete se gale nahi milne diya,0,130,[],0,0,0
muze bhi lgta haiachha hua yr yehi dono huei hate these both,1,60,[],0,0,0
haha yahi toh hai tum log jhoot ke sahare zinda ho anpad desh terrorism phela raha hai jake porki kha ke porki,1,110,[],0,0,0
or tab maza ayega and priyank ko bhi sabak milega dosti mei gahdari ka priyank must be out for sure hate you priyank sharma and vikas tu bhi jayega,0,147,[],0,0,0
jo sitam uthakar bhi pichhe nahi hate wahi lokpriye neta hai,0,60,[],0,0,0
le dekh kon krta hai rape pictwittercomikxqdaqh,0,47,[],0,0,0
kute apni asli zaat dikhane lage gujarat jit gaye hae hindustan ki ladkio sambhal k rehna in logo k jitne guru h rape murder cases mae shamil h to chelo ka kya guru jail mae chele guruo k kaam ko nahi chodege k chodege bus yehi hoga,1,232,['kute'],1,2,0
abe hat sali jhut bol bolkr ki dil saf h shilpa ka use kiya khud flip hui bitch shilpa ki ek adat esko pasand nahi ayi hogi hume tu puri pasand nahi ayi entertaining kha se lagti thi tujail ja sali teri jagah hi wo h dusro pr kichad uchala tu khud hai we hate you arshi khan,1,274,[],0,0,0
aap ne hate ki suruat ki har insan mein bhar chuka h,0,52,[],0,0,0
haha bhai jaane de sirf hand shake karna inke liye creepy hai par ration card ke naam par molestation karna aur nirbhaya ke rapist ko reward dena sanskar hai inn jihadiyo ke muh na lago rapehalala yahi inka culture hai karne do jitni marzi utni spamming,0,253,[],0,0,0
are ha musharraf ka kya hal hai suna hai uski gaand fat gayi hai isliye khule aam wo pakistani terrorism ko support kar raha hai hahahaha,0,137,['gaand'],1,9,1
ugud peopleare sharam karo itna dam hai to sare up se sare rapust ko pakro or ek bhi rape hone se roko magar nahi tumhe soft target chahie,1,138,[],0,0,0
koi zarurat aaj bhi vahi king hai salman ki har movie bakwas hoti ilike him but hate his movies,1,95,[],0,0,0
baat to aise kar raha hai jaise rape pe case nai hua aur rapist ko tumlog ke tarha muhammad aur allah bana diya wah,0,115,[],0,0,0
i am like u too sab hi use hate karte ha apna captain ha,0,56,[],0,0,0
vayapam ghotala karte waqt lazza nahi ayi ab nirlazta dikha rahe desh ke har meghavi chatr ke sath balatkar hai vayapam ghotala you should be booked for rape,1,157,[],0,0,0
jo hina ko hate karega vo to bichara vese hi game k bahar hai lol,0,65,[],0,0,0
vote for luv priyank ka hogaya safar bahut kheliya he hates hina na so we hate him,0,82,[],0,0,0
acha chal betichod tujhe kisi aur site ka link de deeta hoon saza gai bhaar main yahi banda bahir aa k aur bachiyoon ka rape kare ka yahi hota hai tere bharat mahan main,1,169,"['betichod', 'banda']",1,16,1
mahoday ramesh harijan bindu sharma ke sath rape kiya tha jiska court se faisala aana hai ramesh harijan ne ulta bindu ke bhai par case kiya hai ki mere ladki ko cheda hai mahrajganj police bhi ramesh se mili hai jisk uchit jach karai pictwittercomgigmkcdlp,0,257,[],0,0,0
aha pakistan ein police bhi rape kar ti hai,0,43,[],0,0,0
salman dont hate hina he likes her tabhi too hina ke bina ek bhi episode pura nhi hota,0,86,[],0,0,0
loray sab report hota hai yaha yeh india nahi hai k rape karo aur maar k gaar do yaha bc hum bachi char takk nahi sakte warna police hamara rape kar dete hain loray,1,164,['bc'],1,10,1
but i hate you arshi madam priyank ne aapke baare me kitna kuch bola but use apna frnd bana liya aur baaki ne utna to kuch nahi kiya to use latka diya,1,150,[],0,0,0
ab tu bata ke na mard pakistanio ko janwar aur aur chote bacche itne kuu pasand hai pakistan mein hi nahi balki uk and saudi mein bhi animal rape kiya hahaha,0,157,[],0,0,0
abay apne indian media say bahir aaa betichod lanaat hai aisay fir pay jis k bad bhi har saal hazaroon rape ho jate hain india main,1,131,['betichod'],1,9,1
bhosdi k yeh india nahi hai jo chodo aur rupay de k chhoot hai agar waha police ki koi auqaat hoti tou saal ka lakh rape nahi hota,1,130,[],0,0,0
sex ka bhooka kon hai wo tou dunya jaanti hai bc hazaroon bachiyaan roz ki rape karte hoon har dosri gali main randi khana kol k rakha hai phir atni aag hai k rape bhi karte ho,0,176,"['bc', 'randi']",1,18,1
abay bhosday saal ki bachi ko pregnant karne say acha hai janwar he chod lou tum log bhi apne maa bheno ko ka rape choro aur janwaroon pay garmi nikalo apni shayad india ki rale rating kam ho jai,1,195,['chod'],1,7,1
to baba ke pass kinyu gyee thi jo baba se zyada ladkio ko rape kr chuke h,0,73,[],0,0,0
hahaha nikal report madar cbod apni reports bhi nikal le pakistani kide sirf india ka rape issue aur tatti dikhti hai iske alawa tum gandui aur kisi layak nahi,0,159,['tatti'],1,3,0
hote hai pakistan mein kabhi saala pura gaon rape karta hai ek ladki ka kabhi koi tum salo janwaro ko bhi nahi bakashte hahahah sale katue tharki,1,145,['saala'],1,2,0
acha uspe saal k hazaoon rape ho jate hain,0,42,[],0,0,0
nahi bhosdi waloon garmi tumhare andar bhari hai abhi issi saal report main bandi rape hue hai india main warna asal main tou rape huehoon ge,0,141,[],0,0,0
chutiye bhosray yeh india nahi hai yaha kisi larki ko cher bhi do tou police gand phar dete hai tere india main tou hazaar rape k bad bhi log khule ghoom rahe hote hain,1,168,[],0,0,0
madar jaat ye kand tere desh mein hote hai beheno se shadi karke rape aur fir talak ja be bhosdike google kar kya pata tere baap ne bhi apni behen se shadi ki ho aur tere jaisa na jayaz aa gaya,0,193,['jaat'],1,1,0
nahi chutiye pakistan top main bhi nahi hai but india rd rapist country hai world main aur issi tarha tumhari larkiyo k rape hote rahe tou st rank main zayda dair nahi,0,167,[],0,0,0
aaj hm sab bina gyan ke nasha ke shikar ho rahe h aur mahan kasht bhogte h aapnasha ki lat se hate karen pictwittercombukssas,0,125,[],0,0,0
tumhare hindu baba ne tumhari hajaro bahan betiyon ka rape kiya hai aaj usko jalane ke liye koi nahi aaya kya yahi hindutwa hai dogle log dogla dharam,0,150,[],0,0,0
nafrat ki market mein mohabbat bechate hain,0,43,[],0,0,0
i hate love pri dono ko vote mat kro hina ko hi target kar rah h kya dosti nibhayi h dono ne,1,92,[],0,0,0
bakwas showhate all of ubadduva aap sab ke liye,1,47,[],0,0,0
bihar mein ke dasak mein jangal raaj bhi hua karta tha apaharn loot murder rapes where being committed by unki bhi jaatiya batao do farzi doctor,0,144,[],0,0,0
jab tak na_ pak ka purna vidhhwansh nahi hoga terrorism khatam nahi hoga,0,72,[],0,0,0
abe incognito naam ke piche chupe jihadi kutte yeh spamming band kar ration card ke naam par rape karna aur nirbhaya rapist ko appeasement ke liye k rs aur sewing machine dena yeh hai tumhari aurto ke prati izzat,0,212,"['jihadi', 'kutte']",1,6,1
kyu bahot se pakistani aur indian ek dusre nafrat karte hai so much hate on my tl koi answer do,1,95,[],0,0,0
ye to kuran ka rape hai,0,23,[],0,0,0
bhaijaan i dont like this post ye new year hota to theek tha but ye tyohaar hum musalmaanon ka nahi hai i hate this post please delete and allah se tauba karo,0,158,[],0,0,0
i hate prince the most kahi dikh gaya to jootee maar maar ke uska sada hua muh kharab krdunga jis muh se harr ladki ko kiss deta firta h,1,136,[],0,0,0
k ye hai asli saal ki bacchi se rape karne wale k chamche dusro ko esa nahi bolte pictwittercompnrxocgm,1,103,[],0,0,0
maine kab hate kiya main to ye bol rahi hon ki unki wajah se saara time tag main nikal jaata hai aisa ho gaya to main to chian se apni life jee sakugi na,0,153,[],0,0,0
agar hindu terrorism par aaya to bhagte firoge ek aapsi rajnish ko hindu terror ka naam dene wale dr narang ke waqt kaha mar gaye the ye selective secularism nahi chalega,0,170,[],0,0,0
tum bahut gandgi nikli bandagi we hate you hamlog shilpa frns hey punish ko save karne k liya vote kiya aapne vikash k liya vote magi eatna filp kaise ho sakri ho aap,1,166,[],0,0,0
ved tiwari ye bhi sahi hai baba log to chupa ke rapr kar rahe muslim me maulvi dharm ke naam pe mahilawo ka rape karte haibaba aur maulvi dono galat kare hai,0,157,[],0,0,0
hina bahut jhut bolti hai fir manti bhi nhi hai maine ye bola jab salman bolte gain to bolti hai ho sakta hai i hate your paltu behaviour,1,137,[],0,0,0
q teri behan ka rape kiya tha us criminal ne ya wo tere maa ka yar hai salo kaudi ki aukad nhi tingu tumhari aur aa gaye bakwas karne,0,133,[],0,0,0
wo rohini wala baba jisne masoom hindu ladkiyo ko rape kiya tha uska kya naam tha,1,81,[],0,0,0
but why jab pri ye sochke vikas ko support kr rha tha tb to ji frndshp ki bat kr rhe the ki frnds ko hi support kro min pahle kh rhe the i hate u bhi janta tha ki wha bethe kitne bhi city baje pr dil se sirf hina sath hai to uska vote metter krta h,0,248,[],0,0,0
sapna ji rape krne wala chahe hindu ho ya muslim saja ek honi chahiye uske hath pair kat diye jayen ya phir uski aankhen phod di jayen kam se kam unhe v dard ka ehsas to ho,0,172,[],0,0,0
i hate you raju srivastavatumhara kya bigada hai shilpa nepaise lekar kuch bhi karoge kya bhagwan ne tumhe bhi beti di haiupar wala sab dekh raha hai usse daro,1,159,[],0,0,0
kya hindu baba ko hindu ladhkiyon ka rape karna allowed hae,0,59,[],0,0,0
nawaz sharif janwer hai or khawateen ko rape karwata hai punjab main,0,68,[],0,0,0
haan islam sirf sharaab peene se hi badnaam hota hai terrorism aur fundamentalism wahabism and salafism se nahin nahin zyadatar mughal badshah aur sultans bewre the zinko islami apna masiha maante hain,1,201,[],0,0,0
agar no hate guru gobind singh,0,30,[],0,0,0
kuch logo ne enjoy kiya kuch ko afsos hua aap pure fans ko nahi bol sakte i was also sad but i also hate her too,0,112,[],0,0,0
flu se naak sarh gya hai yari hate winters,1,42,[],0,0,0
ab se main bhi locki ki sabzi naho khaungi i hate this sabzi,1,60,[],0,0,0
aur bhi bahut kuch tha bb related se bolne ko raju shri pr tumne parsnol ja ke bola shilpa ko uske kam ke bare me uske self respect ke bare me i hate u raju shri jaisi tumhri shakl waisi tumhari akal,0,199,[],0,0,0
fir whistle bajane se pehle i hate u i hate u q bola or jo hamesha tumhare sath raha use support q nahi kiya akhade me,1,118,[],0,0,0
i hate too yaar this show is so biased na sare ache logo ko bahar kar chutiyo ko rakh liya shit,1,95,[],0,0,0
kafi sankalpit ho aap ki kabhi bane hi na aur kabhi hate hi na poster bana ke tweet kar dene se hum thodi maan lange aapke jhoot ko saach dilute kia aur online rti bhi nahi me,0,175,[],0,0,0
itna bada namard hai ki agar iske samne koi eve teasing ho ya rape ho to baith k hasega ar bolega mai kyu padu inke beech mai aise aadmi kalank hai hamare desh k lye,1,165,[],0,0,0
i hate taklas all raps woh muh kholta hai ki usse khuch phek ke marne ka mann karta hai,1,87,[],0,0,0
now i hate show ye kya tarika hai joke banane ka shilpa ji ki insult kar dali jokes ki apni limit hoti wo bhi jispe joke kar re wo waha pe hai bhi nahi hate this so no respect for women,1,185,[],0,0,0
hahahahaah haan samjh gaya tha mn bari bt hai aisi hoti nhn hen girls i hate this dhishom dhishom hahahahah,0,107,[],0,0,0
raju shri jaise ghatiya entertainers hote hai jo paise ko liye kisi bhi had tak kisi ko bhi bol shkte hai raju shri bhul gye ki public agar upre lati hai to niche lana bhi janti hai i hate raju shri u r a disgusting entertainer,1,227,[],0,0,0
nahi ji i just hate tindaykarele nd etc jo bhi bole hain,1,56,[],0,0,0
asram ko beti doge to rape to hoga hi kahte hai na aag aur koila ek sath rahega to aag lage hi,0,94,[],0,0,0
kutti tu jitana vikas ke khilaf likhege utana hi tere shitpa ko nafrat milegemujhe woh buri nhi latati tere jaise wahiyat fan ke wajah se shilpa shitpa lagane lagicarry on more u will write bullshit more people will hate shitpa twitter par hi jeeta lena shitpa ko,0,263,['kutti'],1,2,0
raju ji same on you jo aapne shilpa ji ke baare me bahut galat bola i hate you me pehle aap ki fan aab nahi hu,0,110,[],0,0,0
bhai jo strong hota he usko hate he kiya jata he or apna bhai sbse strong he is waqt game me to ye to obviously bolege esa luv k liye,0,133,[],0,0,0
pakistan ka scene alag hai they hate us we hate them,0,52,[],0,0,0
sahi bolte hai hum jab ram rahim asaram rampal ko dekha tha to bhi akal nahi aati inko ghar me maa baap saas sasur ki seva nahi kar sakti or baba ke per dabane chali jati hai to kya inki puja karege rape hi hoge,0,211,[],0,0,0
or baba ki baat to jo ladki khud hi baba ke pass jaye uska to rape hoga hi par jo masum bachi ka ghar me rape karte hai wo up ke muslim the rahege,0,146,[],0,0,0
up me kyu muslim hi hindu betiyo ka rape karte hai kisne di unhe taaqat hindu ko kamjor bnaya aap jese logo ne,1,110,[],0,0,0
ghamand hai use khud par bahut fake hai chalu behuda ghatiya i hate her,1,71,[],0,0,0
kya kya seh ke aayi hai hamari queen i hate you,0,47,[],0,0,0
sale chutiye ek ladki ki ijjat karna nahi janta hate u from nepal,1,65,[],0,0,0
delhi ka nirbhaya case apko yaad hoga up ka dalit ladki ko rape karke jala kar marne ka case bhi yad hoga ye sab yadav congress raaj me hi huya,0,143,[],0,0,0
tumhe koi kehe shkti kapoor k pass jayo even jutta utha de toh kaisa lagega hate karna bandh karo but fact par baat karo jha if u girl so yeh girls ki respect ki baat hai behan,0,176,[],0,0,0
aree dec gang rape me justice ke liye protest kr rhe logo pe laathicharge krna even ladkiyo ko marna ye manmohan ji se seekhe,0,125,[],0,0,0
and nd ma kbhi apni tareef ni krta i hate myself ya to paka koi ar hi ha,1,72,[],0,0,0
sab hath dho k pade hai shilpa ko degrade karne tum logo ko shilpa chor k aur kuch sujhta ni hate u all shilpa haters we viewers love her tum logo ko aisi ki taisi,1,163,[],0,0,0
mujhe aj bahut gussa aya wo log ka degradeshilpaprocess dekh ke hate them entertainment kiraat,0,94,[],0,0,0
kyu re randi ke bacche fake id sirf teri maa ki chut se hi bana sakta hai kya suvar ki aulad tu hakla hakla kya krta tu kya suvar ke bacche modi ki gand se nikla hai ya salgay ke lund ne teri maa ka rape kiya tab tu peda hua suvar be bacche,1,240,"['randi', 'chut', 'lund']",1,24,1
jab tak waha pe terrorism khatm nhi hoga tab tak pak kabhi nhi sudhrega,0,71,[],0,0,0
this is india log dil se sochate h we hate you jo apne shilpa k sath kiya or baher aane k baad apne dekh hi liya hoga ki awam kis k sath h,1,138,[],0,0,0
kya be bhagwa bhandgarib mahilao se blatkar atychar tere sanskar me hae tere narbhachchi raj me dalit nirbal se rape bad gya,0,124,[],0,0,0
kutta raju shriwastaw i hate that admi mene bhi dekha aaj kitna begerat admi hai zara sharam nhi ise comedy kehte hai kya kutta,1,127,"['kutta', 'kutta']",1,4,1
mujhe lagta nehi ki inki maa b hai esiliye sanskar nehi sikhe haihate u raju,0,76,[],0,0,0
i hate these awardsacha bhala drama nahi aaya,1,45,[],0,0,0
wahhh bhai mehdi pehle acha banda tha kyaye salman se hate kabse karne laga,0,75,['banda'],1,7,1
bhai tu bs hate karta hai issleye bakchodi kar raha,0,51,[],0,0,0
kisiko bolne se pehle socha karo mai pehle tumhri respect karta tha but ab nhi i hate u ap ek wahaiyiyat battmiz aurat h,1,120,[],0,0,0
it was so disrespectfuli hate that raju apne season mein beizzatti karwaa kar nikla tha aur doosron par comment kar raha hai,1,124,[],0,0,0
koi baat nai he shilpa ki bejati karne k liye to tum ko bahar akar patta chalega etna marenge something wessa hi kaha its too much yar hina akash ka to jokely kiya par usko buri tara peskiya shilpa ka i hate that guy check out in voot app,1,238,[],0,0,0
thodi hi der pehle i hate ui hate u kaha or fir usi k liye whistle bajaya luv ki hi hamesha q bali di jati he dosti k naam pr,0,125,[],0,0,0
maine khud bahut baar condemn kiya hai aur kisi bhi ghair muslim se zyada ek sachaa musalman karta hai kyunki terrorism se sabse bada nuqsaan musalman ko hua hai,0,161,[],0,0,0
show rigged hai aur shilpa ne kya kiya yaar jo usko kaha joota nikal ke maruga to joota bhi ganda ho jayegama bana ka shauk hai to bahar nikalo shakti kapoor wait kar raha haii hate u im deeply hurt,0,198,[],0,0,0
show rigged hai aur shilpa ne kya kiya yaar jo usko kaha joota nikal ke maruga to joota bhi ganda ho jayegama bana ka shauk hai to bahar nikalo shakti kapoor wait kar raha haii hate u im deeply hurt ki raat,1,206,[],0,0,0
show rigged hai aur shilpa ne kya kiya yaar jo usko kaha joota nikal ke maruga to joota bhi ganda ho jayegama bana ka shauk hai to bahar nikalo shakti kapoor wait kar raha haii hate u im deeply hurt,1,198,[],0,0,0
vikaas is real ok smjhao phr pehlay shpa se hate phr love aur peth peechay burai isk bad priyank se itni nafrat shakal nh dekhao ye wo sab aglay hi din hiten k jatay hi sab thk hogya kaisay,0,189,[],0,0,0
wo hara b pehen lenge toh bhi hate jaari rahegi,0,47,[],0,0,0
mai kisi dharm ko hate nai karta koi mera dharm leke ungli karega yah kshoti karne ki kousis karega usko chorne wala nai hu,0,123,[],0,0,0
shilpa ki maa bannay ki overacting maa ban ban k sab ki bitching kr re na koi task m part leti na kuch vikas ki mind gamer bannay k bad bh rkh rkh k acting pehlay priyank se itna hate aur hiten k jannay k bad foran itna pyar k uff us sb se to bht bhtr hai bhaie,1,261,[],0,0,0
bohot ganda tha yeai just hate the showkyu jalti hai sabki shilpa seabb kya biggboss wale khud nehi bol paye to ish show ko use kiya haiiiiiiii,1,143,[],0,0,0
khud ko bht bara celeb samjhti ha choro yar i hate her,1,54,[],0,0,0
bc meme bnane ke chkr mei mind ka rape kyu karwana hai,0,54,['bc'],1,10,1
hina ne uske liye whistle bjayi jise usne min phle bola tha i hate u,1,68,[],0,0,0
i also hate vikas bt priyank ne hina ka naam nh liya ar hina kaise khus hokr boli vikas ko muh dekhne layak tha vikas ka vikas gupta kya smjte ho,1,145,[],0,0,0
az bahram behtar too rape farsi vaghan nadarim,0,46,[],0,0,0
is bc ka tweet padha kisi ne meri to hasi hi nahi ruk rahi shubhangi ji se hate karne ki koi wajah nahi to shubhangi ji ko pagal bata raha hai aise hi shitpa ke fan nahi bana tu,0,177,['bc'],1,10,1
is bc ka tweet padha kisi ne meri to hasi hi nahi ruk rahi shubhangi ji se hate karne ki koi wajah nahi to shubhangi ji ko pagal bata raha hai aise hi shitpa ke fan nahi bana tu,0,177,['bc'],1,10,1
women ke sath rape kab rukega ab to baba v,1,42,[],0,0,0
is desh ka jisne bhi bala karne ki sochi usi ke piche pad hate hai,0,66,[],0,0,0
koi baba larkio aurto ko bandi banake rakha hai media akh band rakhekoi rape ho media akh band rakhekoi udyogpati loot raha desh kai paiso ko media ki akh bandunemployment faila hai industry ki halat kharab media ki akh band,0,224,[],0,0,0
ayesha se bari khabees aurat nahi is dunia mei koi i hate her so much,1,69,[],0,0,0
jee bilkul farz hota hai lekin phir maa baap ka bhi farz hota hai k woh apni aulad ki khushiyon ka khayal rakhen unke na chahte huye bhi unhe dur bhej kar konsi khidmat hoti hai i freaking hate sabir,1,199,[],0,0,0
ye log babaon ke rapejihad k khilaf kyon nahin kucchh karte hain ye baba bahno ko apne hawash ka shikar bana rahe hai jo few neutral media reporting ki wajah se ek karke jail ja rahe hain,0,187,[],0,0,0
pahle bata na ki tu chat ke aaya ki nahi aur kitni der ghusa tha osama aur bagdadi ke gad meaur ye bata ki kis vajah se hate karta hain sare peaceful community wale modi se,1,172,[],0,0,0
i hate vikaas sab badaa doglaa insan hai woh ghar ka,1,52,[],0,0,0
lala kal ke baud se zinda ghar wapis aye ho na bagair rape hue,0,62,[],0,0,0
koi bat niiii ap k hate ko dekhta,0,33,[],0,0,0
atleast tumhare journalism ke gold standard ki tarah apne bhai ke rape ko toh nahi chupatey,0,91,[],0,0,0
hate kisi say bhi nahi tha sab say pyar tha wo bhi bht zyada and ab nafrat hai apnay aap say isi wajah say k q tha aisa,1,119,[],0,0,0
nahi mujhe i hate u likhna tha,1,30,[],0,0,0
kyun ki itna hate tumko karte hain ham,0,38,[],0,0,0
villain ki tharak ko salam bhencho fight scene ke beech mein bhi rape attempt band nahi karta,0,93,[],0,0,0
but abhi cutiyapa itna badh gaya hai ke sarcasm ka rape ho raha hai,0,67,[],0,0,0
haha yaar kitna bhi gujju ko hate kar le pm to wahi rahega,0,58,[],0,0,0
kabhi gujrat ke rape case par aur mp keisi ke jasus par bhi kar le,0,66,[],0,0,0
avataar ko janam le k sari dunya ko khatam kr k nayi ek takhleek karni paregi nai tou terrorism khatam na hoga dharti se,1,120,[],0,0,0
ravish ji bade bhai rape ke saukin n bade se chhota seekta hai its true,0,71,[],0,0,0
karachi ko support karnay wali bachiyan bhi ugly hen i hate this yaar nonsense,1,78,[],0,0,0
haan bhai rape toh nai hua aaj koi par bomb toh pahte tere pakistan mein chal bhai jab tak zinda hai twitter karle,0,114,[],0,0,0
waise rape se mujhe teri maa ki hai allah hai yaad hai,0,54,[],0,0,0
tu hamari fd ki jotish hai bahena and sacchi mein i hate neha,0,61,[],0,0,0
delhi main kaam ho na ho hate mongering toh kar hi sakte hain,0,61,[],0,0,0
sutiye thand kam padi delhi rape capital hai abhi bhi,1,53,[],0,0,0
bhai hate n hater ki baat nahi main toh fact bol raha mujhe unlogo se koi lena dena nahi,0,88,[],0,0,0
agar koi mere bharat ma ke tukre karne ki bat karega or me agar hate na karu toh me bharat ma ko kese muh dikhaoga,0,114,[],0,0,0
likha lo aj b karachi ka rape ho ga,0,35,[],0,0,0
acha hia yar aur india walay tu bilkul na suno i hate india par kiya karo song un khe sunte ho,1,94,[],0,0,0
bhai haste hate gir pade the ham to maza aa gayi yaar keep it up,0,64,[],0,0,0
phir kyon jhel rahe hain unkohe was hindu hriday samrat till he gave hate speech,0,80,[],0,0,0
modihate pagal bana deta hai suna tha andha bhi bana deta hai,0,61,[],0,0,0
delhi mei to modi sarkar hai wahan chedchhad chodo roj rape ho raha hai,0,71,[],0,0,0
khude gaan raj akaser hate achhe ekrash asha,0,44,[],0,0,0
sab hate hi karte hai iss pyari si bachhi ko,0,44,[],0,0,0
dalit ladki ka rape kiya tere bhai ne,1,37,[],0,0,0
aur tum logo nay tou indian army k naam pay balatkari suar paal rakhe hain jo sirf kashmiriyon ka rape karna jaante hai bas,1,123,[],0,0,0
hum tumhari tarah besharm nahi jo apni behen ke sath rape kare or use shaadi bataye burqe me sab galat hota h,0,109,[],0,0,0
i hate dis condolencesakhir kab tak ab waqt hai pahele protesters ki legs me goli marne ka jo jis bhasa ko samjhta hai,0,118,[],0,0,0
to rape ho rha ho tb bhi yahi kare,0,34,[],0,0,0
mohtarma vaham mein na rahennuksan aap ka jyada hai hum terrorism ko khatam karna chahte hain badhana nahi,0,106,[],0,0,0
panama par app me kabhi baat nahi kihisaab mangna tu hate nahi heee,0,67,[],0,0,0
jo log apne hi minister ki nabalik betiyo k sath rape kar rahe hain unhe log kaise vote kre jail me interospection krege kuchh dino me,1,134,[],0,0,0
iit ke naam par kalank wahan rape kiya tha aur arrest bhi hua tha,1,65,[],0,0,0
aap ki ma ko rape kuta tha mogul indars ne child of rape,0,56,[],0,0,0
gali mat de bhai nai to bolegi muslim hoon is liye gali de raha bolti ha army iski maa been ka rape kiya,0,104,[],0,0,0
camershal onair honi chahiye aap khud sochiye kya ye hate spech nhi,0,67,[],0,0,0
dost suna hai hafeez saeed jail mein hai terrorism ke charges par,0,65,[],0,0,0
corruption bhi terrorism jitna bara nasoor hai dar sahb ka us baray mai kia khyal hai,1,85,[],0,0,0
karachi ko terrorism ka shikaar honey pe bura bhalla bolnay waaley aaj chupse sog mana rahey hain,0,97,[],0,0,0
o bhai apni ego aur terrorism ke saath dushmani side pe kr ke logoun ke baary me socho bharwoun,0,95,[],0,0,0
bhai sp aur bsp ke up candidates kyon chod diye aur ravish ke bhai ko kyon chod diya ek dalit ke rape case main,0,111,"['chod', 'chod']",1,14,1
use hate karo jo eksath itne msgs send kar raha hai,0,51,[],0,0,0
kidnap aur rape saala karne wale shaik sayeed bawazir aur uska sathi chanchalguda jail me,1,89,['saala'],1,2,0
ye maa beti hamesha he ishwari ko bachate he aur khud he phas hate he,1,69,[],0,0,0
sir jin ko months ki pay ni milti or wo bechary qarz ly kr guzara krain to kia khaak laray gy terrorism k liye,0,110,[],0,0,0
jab aik larki ko rape kerne k baad us ko dhande wali banaya ja sakta hai to building main chemical bhi ho sakta hai,0,115,[],0,0,0
to madhya pradesh and rajsthan me karati hai jaha rape case sabase adhik darj huye hai,0,86,[],0,0,0
kyu bhaiya uske bhai ne rape kiya laga tere bhai ne rape kiya wah wah jo tum karo wo teek bjp kare toh kharab,0,109,[],0,0,0
hamare foji jawan shaheed ho kar bhi haar jate hain ar dehshatgard mar ke bhi jeet jaate hainutter reality of terrorism in pakistan,1,131,[],0,0,0
sir ji vijay jolly ne party worker ka hi rape kar diya boliye ji achambhit patra ji,0,83,[],0,0,0
kyaa kiya hai delhi me ab takcamera lgawaya so that rape hote huye dekh skorape rokne par dhyaan lgao pm ke pap par nahi,0,120,[],0,0,0
gang rape for bears wo bhi din se kya haal ho chuka hai bears ki g ka,1,69,[],0,0,0
twitter pe beth kar fauj or riasat k faislo k khilaf qoum ko warghalana ye hate speech to the nation hai,1,104,[],0,0,0
itni achchi ladki ko koi kaise hate kr skta hai,0,47,[],0,0,0
sari suwidhaye aaye hai or wo pta nhi kaha hate hai sab jhuth hai sab jagah toilet fecility me yes kar rkha hai or unke pass aaj tak nhi hai,0,140,[],0,0,0
sirf ulama qasoorwar nahi ab to university sai parhe likhe log terrorism mai involv nazar ate hain,1,98,[],0,0,0
congress neta aur ravish ndtv ke bhai pe rape aarop neta farar,0,62,[],0,0,0
yar tum log mujhe hate kiu nahi dete,0,36,[],0,0,0
aapki mane to pareshani bharat ke tukde kehne per bhi nahi hona chahiyesoch hai apni apni i hate jnu supporter,1,110,[],0,0,0
sirf musalman ki beti meri beti hy ramzan mein bijli milegi ne kaha ladke rape kar sakte hain mulayam ne kaha,0,109,[],0,0,0
delhi me daily rape hote hai to unko ye kanjarwal hi karta hoga,0,63,[],0,0,0
apni dhaak bithany ke liye sabhi awam ka khoon bahate hai aap ulta bol rahe hain kamran sahab,0,93,[],0,0,0
baat to sahi hai bhai lekin phir rape ke case me mp no kyu hai,0,62,[],0,0,0
jaise note k lie modi zimmedar hain waise hi rape k liye tutune hi karaye hain rapedelhi mebalatkari,1,100,[],0,0,0
janab sirf up me rape nahi hota hai gujrat me bjp leader ne ladies ke sath rape kiya tha aandh bhakt,0,100,[],0,0,0
election me koi mudda nhi na hi kuch saal me kiya uper se isi rape to public ka dhyan kahi too hatana ha,0,104,[],0,0,0
ise aaj rape ki bahut fikr ho rhi h uss time kha tha jb kashmiri pandito ko bhagay jaa rha tha aur aurto k saath rape ho rha,1,124,[],0,0,0
modi bhakt nalia rape ke bare me kuch kaho,0,42,[],0,0,0
yaar ye bas attention seeking stunt hai takeh jo hate kare wo bhi taras kha kar chor de c,0,89,[],0,0,0
bht hate mjhey milti hai liken pata nhi kiun bht hain dushman mere,0,66,[],0,0,0
rubbish ne mujhe bhi block kar rakha haimaine badaun rape par iski reporting par sawal kiya tha,1,95,[],0,0,0
khawar pore hate torkari lege chilo ar thumi hat wash koro nai so thumi hatr shugran nicho is ur dp,0,99,[],0,0,0
jnu me yahi log mahilaao ka rape karte hain,1,43,[],0,0,0
or aisha ka rape karne wala kon he,0,34,[],0,0,0
apne neta ko defend karne ke liye kisi ko rape ki dhamki dete hain,0,66,[],0,0,0
as salamualikum amjed bhai gutta ps limit ke rape case ke barre mei bhi tweet karna tha,0,87,[],0,0,0
kya hate wala kaam kiya bata to tere pass bahut followers hai to jo man me aayega karega,0,88,[],0,0,0
apni bharat mata ki har aurat ka tum rape karna chahte ho aur kehte ho aazadi humse chahiye arrey kameenon,1,106,[],0,0,0
jnu ko badnaam karne ki saajish dekhaana chahte h log kitna hate kartey h jnu ko jaha jaati h jhagda ho jaata h,0,111,[],0,0,0
bhai koi iska rape kar doog main bahut khujli ho rahi hai,0,57,[],0,0,0
ji ab aapke bhakton ne rape threats bhi dene shuru kar diye hain ab bhi aap chup rahoge,0,87,['chup'],1,1,0
bhai ab kya ravish ka rape krvoage vo bhi ravish ke bhai se ab pati kali ni gd lal hogi kuch dino m jab police m,1,112,['kali'],1,5,1
ye haraamkhor rehte yaha hyaha ki hawaa me saans lete hyaha ka namak khate hyaha ka paani peete h par desh me nafrat failate h pictwittercomaubmndyhi,0,149,[],0,0,0
agr ye dunya aaj b sheikh saadi aur molana roomi ko follow krey aman hojaye aur terrorism khtam hojayeplz plz,0,109,[],0,0,0
is hisab se to wo dalit nhi h na jiska rape kiya,0,48,[],0,0,0
lol matlab bhabhiji bach gayi samajwadiyon ke rapeladke hai rape kar hibdete hai aisa unke sasur ne bola lol,0,108,[],0,0,0
beta burma mein kismat se bach gya nhi toh isse bhi bura ho jata rape ho jata is jhath ke baal ka pictwittercomztxtszai,0,119,[],0,0,0
allahabad hate h to tapas kar diya jata h koyi na koyi kami nikal kar,0,69,[],0,0,0
farther ka jo paisa tha yo abi tak nhi mila h jab jab allahabad hate h tab tab koyi na koyi bahana bana kar uapas kar diya j,0,124,[],0,0,0
is shahid ke mu mat lagoin sab rapist ke aulad haiunki masiha ke tarajo ke sall umar me saal ki ayesha ko rape kya,1,114,[],0,0,0
dekhna ek din koi inke jindagi ka rape karke chala jayega,0,57,[],0,0,0
are chor saale lalu mamtarahul gandhi vadra ye saare bhi junda hai abhi bolti band ho gayi gandu teri hate u rascal,1,115,['gandu'],1,8,1
delhi rape case ka tumne kya kar lia tha wo dickshit kya kar rahi thi,1,69,[],0,0,0
jiska mla rashan card ke liye rape kar sakta haiwo cm layak nahi dhaba hai puri political party ke liye,0,103,[],0,0,0
gujarat me to khud bjp ke karyakarta o ne rape kiya he kyu chup ye log,1,70,['chup'],1,1,0
enko tarek fateh ke bare me puchho kuchh yad he kya din pahle wo kya freedom of speech ya intalactual terrorism tha,0,115,[],0,0,0
to kuch naliya gang rape ya isi agents ke baare mein batao bhakt,0,64,[],0,0,0
bhai filmi duniya me hi rahowhy u hate modi so much,0,51,[],0,0,0
haan and naliya gang rape bhi bewkoof bhakt,0,43,[],0,0,0
sambit jo gujrat me or mp me rape ho rahe h un pur kyo chup ho itna ghamand na kero janta sab janti h,1,101,['chup'],1,1,0
sishumandir me kahi bhi nafarat nhi sirf desh prem ki baat ki jatikisi bhi sishumandir me apko hate speech sun ne ko nhi milegi,0,127,[],0,0,0
yeh deshbakt hai yeh rape nhi karte yeh mahila ka udhaar karte hai toh aap rape shabdh ko jhodke deshdroh mat karo,1,114,[],0,0,0
saram aana chahiye aap jaise hi ladkia rape ki karan banti h,0,60,[],0,0,0
aur jab rape jae to pahuch jao delhi mombatti le ke,0,51,[],0,0,0
kitni saram ki baat h aap jaise hi ladkia h jo is desh me rape ka karan banti h pahle offer karo unhi ko rape k liye,0,116,[],0,0,0
aise log sirf police ki maujoodgi me hi ghundagardi karne ki himmat karte hain police read protection hate hi ghayab,0,116,[],0,0,0
sir aap aaj public se ye jarur pachna ki aap rohit bemulla ke marne par aap roye aur abhi ek bihar dalit girl ke sath rape,0,122,[],0,0,0
are chutiyo tumhare vidhayak kisi ka rape karte h aur bolenge mai dalit hunkyu bdnam kr rhe dalit ko,1,100,[],0,0,0
afghaniyon se jaan chura lo terrorism khatam ho jaegi,0,53,[],0,0,0
paas ke gaon mein londo ka scorpio mein uthake rape kar lena bhi jyada rare nahi haisaala pata bhi sabko hota hai kisne kiya,0,124,[],0,0,0
agar up mien sp jeeti to ek hi gaana bajega up ko rape pasand hai yahi to yahan ke neta kehte hai naadani galti,0,111,[],0,0,0
budhe wahi toh madarasa me quran padhake terrorists bante h aur ham ssvm se padhke khali sickularvando ko hate karte h,0,118,[],0,0,0
kya aap vijay jolly ka rape bhi dabane denge jaise bjp sab apne paap daba dete hain,0,83,[],0,0,0
freedom of speech hate speech ho jaati hai jab gen bakshi bengal jaate hai aur ramdev jnu,1,89,[],0,0,0
vo aur desh hote honge sir yaha to rape ki fir bhi nahie hoti aur log mar jaate hai,1,83,[],0,0,0
kamai aamir ne bhi diya ehsaan hunka tabhi ab hate nhi karti main dono ki movie dekhti hu,0,89,[],0,0,0
me mang leta hun me kisiko dusman banake nhi rakhna chahta dost bana deta hun pehle ladai uske bad dosti i hate negativity,0,122,[],0,0,0
abe rndtv ravish kumar ke bhai ki khabar dikhaao rape waali,0,59,[],0,0,0
ek aur gadha vijay jolly rape ke male mein phansa yeh gadhe multiply ho rahe hain modi sarkar mein,0,98,['gadha'],1,1,0
gujrat jaakr dekho miya rajsthan b dekhlo bundelkhnd me bjp wale hi rape kr rhe he sharam karo,1,94,[],0,0,0
i hate patta from starting mummy pareshan ho hai is chij ko lekar nd dhaniya ab vo bi ni achi lagti waqt ke sath,1,112,[],0,0,0
ji bihar mai aapke journalist bhai ravish kumar ke bhai brijesh kumar ne dalit ladki ka rape kiya is par kuch kyu nahi bol rahi,1,127,[],0,0,0
rapist party k bhakt ho chumma aur rape k siva dikhega bhu nahi tumhe kuch,1,74,[],0,0,0
koi bhi kisi ki feelings nai samjhta just hate this,0,51,[],0,0,0
har baat ma beti pe hi aakar rukti hai apni ko parde me rkho dusrey ki rape kro,0,79,[],0,0,0
bc ye tumhare ravish ke bhai aur congressi neta ne bihar me dalit ke sath rape kiya hai uspe kuchh kahoge,0,105,['bc'],1,10,1
bihar rape kand me rahul and kyo chup h kaha h shobha ojha ranjeet ranjan n others,0,82,['chup'],1,1,0
kisi bacche ki jaayee ya rape income ke naam se desh mein crime kaun chala raha hai,1,83,[],0,0,0
meet new breed of kusanskqri empowered kukarmi girls of india abhi kapada faad ke rape ka natak karegi ye sab,1,109,[],0,0,0
haan duniya bhar ka hate hai,0,28,[],0,0,0
jaan kisi bacche ki jaayee ya rape income ke naam se desh mein crime kaun chala raha hai,0,88,[],0,0,0
na to tanzeem kaal adam hy aur nahi hi inper koi terrorism ka charge hy,0,71,[],0,0,0
madam aap k karykartao ko sambhalo kl ko rape kr k bolenge sabh desh hit mai hai,0,80,[],0,0,0
chem k liye scenes saath mein hona chahiye na hote bhi h toh dupes k saath hate cvs had it not been divan band ho jaata abhi tak,0,128,[],0,0,0
or vo bhi mujhe follow karke mere tweets ko ignore karke rt maarte mere kiye hue rts koi hate them,0,98,[],0,0,0
porki tum to sale apni sal ki bacchi bhi nahi chhodte uske sath rape karte ho fir usi se nikah,1,94,[],0,0,0
are isko hate kyun krti ho new new to aayi h bechari isne aisa kya kr diya,0,74,[],0,0,0
ek basti ha jise log kashmir khate ha pictwittercomyhuqtnkk,0,59,[],0,0,0
fir wo chahe rape kare ya murder,0,32,[],0,0,0
kya pta ravish ne bhi rape kiya ho hme kya pta ek hi ghar me to bade hue h dono,1,79,[],0,0,0
ab haffiz saeed ko bharat ko sop dena chahiye tabhi maana jayega ki pakistan terrorism ko leker serious hai,0,107,[],0,0,0
ladke hain garmi chadh jaati hai rape ho jaate hain ab kya rape ke liye sooli pe chadha doge,0,92,[],0,0,0
technically modi hatred ke liye desh ko bech aayege fir royege desh ke naam ka nautanki fake nationalism in aapiyo ka,1,117,[],0,0,0
sir ye hae vikas shamshan kabristan eid diwali p raajniti bina khoon bahaye aap ko sukoon nahi milega,0,101,[],0,0,0
toone maanaa madarso me nafrat failaayi jaati hai good baat par tike rehnaa baaki kahi tik nahi paate ho kaisi lagi meri ray,0,124,[],0,0,0
jab bhi koi couple dekhun mera garam khoon khaulekhaulekhaulekhaulekhaulekhaule,1,79,[],0,0,0
ham maanthay hain thum terrorists nahi hon tho wo kashmir main paani ki jaga khoon kon baha raha hain,0,101,[],0,0,0
bas piyar sey keh dena yaar prince teri ab zarorat nahi rahi,0,60,[],0,0,0
ganganagar mp nihalchand bhi rape accused hai us ko bhi kuch karo,0,65,[],0,0,0
wanha hatred paadhaya jatahai isliea sab jhatred,0,48,[],0,0,0
tumhe apna banane ka junoon jo aab dil mein hain listening to tumhe apna banane ka junoon hate story,0,100,[],0,0,0
kisi ne help na ki meri rajattummera dard nhi mehsus kar sake tum wo ho hi nhi jise mne pyar kiyai hate u,1,105,[],0,0,0
those who say khoon ka aapki soch se kucchh nahi lena fake gandhi varun ko dekh lijiye cm ke liye naam nahi anounce hua toh attack bjp,0,134,[],0,0,0
nushki me murghi mafia aik dafa pir awam ka khoon choosne lag gaye qta me se jab k nki me se rupay fee kg frokht ho raha ha,1,123,[],0,0,0
saraswati ko nafrat maante hai aur hinduon se vote maangte,0,58,[],0,0,0
kidhe pher full yaari,0,21,[],0,0,0
bhai mekko toh sab hate u hi bolte subah subah,1,46,[],0,0,0
mati das ko aari se chir dene wale banda bahadur ki aantria usi ke muh me thus ne wale muje nafrat batate pictwittercomrwheitidt,0,128,['banda'],1,7,1
lawyer hamare pass saboot hai khoon tumne hi kiya hai,0,53,[],0,0,0
criminaljo bolta hai vohi hota hai,0,34,[],0,0,0
stop the hate salute jigs mayuga,0,32,[],0,0,0
achha ye batao bihar me dalit ladki ka rape hua haikuch virodh karoge ki bjp rules state me kuch hone ka wait kr rhe ho,1,119,[],0,0,0
mre ko aisi feeling aa rai hai ki murder or hoga,1,48,[],0,0,0
bajwaa sahab itna nahi khaane ka nafrat ka tezaab khayiye pyaar ki halwa life hogi mawa gulaab jamun bas gulaab haat me,0,119,[],0,0,0
nihalchand pr rape,0,18,[],0,0,0
modi pr fake degree,0,19,[],0,0,0
smirti pr fake degree,0,21,[],0,0,0
sivraj pr vyapam ghotala,0,24,[],0,0,0
hum up ke rape kuchh nahi bolenge waha jo gadhha bandhan hai sp se,1,66,[],0,0,0
just saying k agar war on terrorism ek kahani hai to ye thread ek major spoiler hai spoiler kya is se zyada ab kya bolega,0,121,[],0,0,0
jub se pak army pr bakwas ki hai aap se nafrat c ho gai h,1,57,[],0,0,0
islaye tou chata hu aap jaise humble and mannered log samjay aur samjaye ke tarekfatah nafrat phaylata hain aur kuch nahi,0,121,[],0,0,0
terrorist attack ho tou shor hangama macha deta hai media aaj tak ek program nahi kiya ke terrorism hoti kyun hai issay roka kaise jaye,1,135,[],0,0,0
ab to tune bhi kar diya tweetab teri gand se bhi nikleg khoon madar,1,67,[],0,0,0
sab to yahi bolte ki hitler hu mai kitti sweet hu waise,0,55,[],0,0,0
no usko gujarat bjp ke naliya rape scandal ke liye campaign karna chahiye,0,73,[],0,0,0
tumlogon ke khoon main hi dalali hai ghulami main angrezon ki dalali ab paki ki dala waise bhi isi marked fully satified h,1,122,[],0,0,0
we can understand nafart ghol diya hai tum logon pak ke naam se or pyaar bhi hai paki se ye kasoor tumhare khoon ka hai,1,119,[],0,0,0
touch se slapping tak pahunch gye subah tak rape pe pahunch jaoge,0,65,[],0,0,0
agar drasim aisa boltey tou kub ke phansi charhaye ja chukey hoteysuoreme corts az khud notice le rahee hotiaurrangerschapey,0,124,[],0,0,0
anjeer tukray kar k pao doodh men ubal k thanda kar k daily sonay se pehle khaya karen,0,86,[],0,0,0
aapko to patna me murdergaya me rape ka pata v nahi chal pata hai aur bat karto ho isi agent ka,0,95,[],0,0,0
bhai tm hate krte rho tmse yahi umeed haiaur muje yakin h ki umeed ni todoge,0,76,[],0,0,0
aap janwar hokhoon kitni bar use kiya apnejb yesa hone lge to samjh jana ki pagal ho chuki aap,1,94,[],0,0,0
aansu ka qatra jo khaufe khuda me nikle khoon ka qatra jo raahe khuda me gire,0,77,[],0,0,0
good yahi karte rahoisse to hate story banta haikoi kahega hindu jindabad,0,73,[],0,0,0
akhilesh dont feel bad baap ne sikhaya ladko se galati ho jati hai bhabhji ki chhedchhad hui hai rape nahi akhilesh,0,115,[],0,0,0
khoon nhi kholta madam tumme bhi mnn marta hai chummi lene ka,0,61,[],0,0,0
ye to achchha hai ki up me bijli ki durdasha hai nahi to jis tarah nangi taar latki hui hai rape se jyada current se mar jate,0,125,[],0,0,0
maine bhi sunatha pappu ke upar bhi rape case chalatha ushka kya huatabhi cong ka govt thasamajhadaro ko ishara hi kafi,0,119,[],0,0,0
jo sp k gundy atankvadhio rape master logo par policecortjudjesgun kush nahi kar paai wo sab aap ki ungli kamal dubaa kar kar sakti pictwittercomxiowyovvma,1,155,[],0,0,0
jab jnu se itni nafrat hai to jnu me padh hi kyun rahe ho aur to aur apne twitter handle me bhi jnu ka prayog kr rahe ho,1,120,[],0,0,0
kah muje se sakht nafrat hain pictwittercomiqikwkwq,1,51,[],0,0,0
bro mere tweet mai sare rang hai rajniti ke pyaar ke nafrat ke jokes ke attitude ke,0,83,[],0,0,0
chahe cm hi kyu na hoojahil jahil hota haisanskar khoon mai hota hai,0,68,[],0,0,0
delhi ma roj rape hotai delhi ma crime kis kadar bhad gya ha sheela ji ka smya sa bhi jyada bhad gya ha vikas bhi tham sa gya habjpjwab,1,135,[],0,0,0
yuva dhan ki mansikta ke karan hi rape cases badhte hai psychologists aur sachchhe sadhu sant ki advice bahot jaruri hai,0,120,[],0,0,0
chal phir mat dikhain warna murder ka case ban jaye ga tujh pr,0,62,[],0,0,0
listening to aye khuda murder by mithoon saim bhat kshitij tarey,0,64,[],0,0,0
lol terrorism ki baat aayi aur dukh kisko hua dekh lo,0,53,[],0,0,0
vo state batai haha rape na home ho kisi parti ko nahi janta ko samne aana hoga hassan,0,86,[],0,0,0
bharat ko aazadi dilane mein ww ki bhi khas bhoomika rahi hai aur ww hitler ki wajah se hua tha to gandhi ke saath hitler ko bhi yad karo,1,137,[],0,0,0
girl accha tum bhi period mein ho laal khoon nikal raha,0,55,[],0,0,0
nhi yaar or sunna bhi nhi hay warna real version se nafrat hojaegi,0,66,[],0,0,0
ye video dekh kar to khoon khaul gya,0,36,[],0,0,0
ye jo roz roz murder rap ho rahe h is desh m log chutiya samajhte h is desh ke kanoon ko,1,88,['chutiya'],1,5,1
sir i suggest my views about rape cases ladies ko chahiye ki woh apne pair se unki jananendriya ko damage kare voh bhagega,0,122,[],0,0,0
tarek fatah jise kamine ensan ko keon national media etna highlight karta hai yeh desh men anarchy aur nafrat phailana chah raha hai,1,132,[],0,0,0
pardarshan ki baat to shi hai par naare ki baat apki galat is post se aap nafrat phelao rhe hai,0,95,[],0,0,0
kya up ki janta charaghotala gghotalakisano ka muavjaghotalarapedangegundaraj waloko ek bhi vote degi,1,101,[],0,0,0
naliya gang rape might have got blessings from mulayamchoti choti galtiya ladko se ho jati hai,0,94,[],0,0,0
bikram singh indian army chief hum pakistanio ka khoon bhahye gy tu eh pak army ko nuqsan hoga,0,94,[],0,0,0
haan unhi brahmino ke saath jisne inka rape kiyaa akhilesh hi bachayenge sab dalit ko,0,85,[],0,0,0
yadi sapa ne up ko gaud liya hai toh itni gundagardi murdered rape chori kyon hoti hain kya aap jawab denge,1,107,[],0,0,0
keh kaun raha hai balram singh ki beti se gang rape ka aaropi jiska leader ho usko to fasi de deni chahiye,0,106,[],0,0,0
main kab popular ho gayi bhaiaur tu mujhe hate karti hai,0,56,[],0,0,0
bjp wale rajyo me murder ya rape nahi hote kyaup ki roti kha k up ko hi badnaam karte ho,0,88,[],0,0,0
sir but language kya ham is desh nafrat ki or nahi le ja rahe,0,61,[],0,0,0
kya fayda khoon jalane se ignore kriye samay ek jaisa nhi rheta hai,0,67,[],0,0,0
hate karte hain phir usse shaadi kar lete aur phir pyaar waah waah rangoon this friday,0,86,[],0,0,0
aaj phir video song hate story arijit singh jay bhanushali surveen chawla,0,73,[],0,0,0
que from aap kisi father ko uski beti ke case me death penalty nahi de sakte uske baccho ka kya hoga,0,100,[],0,0,0
modi ji ka kitne state se khoon ka rista hai ye koi kaise proof karega,0,70,[],0,0,0
asl dangon ki wajah bike hue journalist hi hotels hai jo thode paison ke liye nafrat ki aag ko badane kaa kaam karte hain,0,121,[],0,0,0
mahila sabha national president ranjana bajpai ko pratibha ke rape case me kaam karne ke liye nikal diya gaya kaam bolta hai,0,124,[],0,0,0
hamarey pyare pakistan men ab tak terrorism ki wajeh se loog marey jachukay hain aur is zalalat k zimmedar hain,1,111,[],0,0,0
desh me rape pe rape ho rhe hai,0,31,[],0,0,0
judge msti se so rhe hai,0,24,[],0,0,0
tv me advertising aata hai up ke liye ki kaam bolta haiaaye din murder aur rape uske saath saath acid attacksach me kaam bolta hai,0,130,[],0,0,0
judges msti se so rhe hai,0,25,[],0,0,0
rapist desh ki ijjat dho rhe hai,1,32,[],0,0,0
jab k usay janam deny wali maa bhi auratzaat hti hai,0,52,[],0,0,0
rape karne wale hamare sarkar hamari pulis hamari kisko pakde kisko chhode hamari marzi,0,87,[],0,0,0
i hate mathsmatric tak pasand thi us k baad nahi p,0,50,[],0,0,0
i hate them jo log aapko badnami karte hai kyonke aap hamare lye ek bahat khas insaan ho,1,88,[],0,0,0
zahid pk army,0,13,[],0,0,0
vividha can be angry on atharv can hate him but atharv ke allava kisi aur ki no,1,79,[],0,0,0
gujarat bjp ke karyakarta ne rape kiya he vo khabar chala apni news par desh ki khabar bata naliyakand ke bare me,1,113,[],0,0,0
very true nafrat h sach aur hindu aur bhartiya culture s inhe,0,61,[],0,0,0
hate u use bola jata jise sab se jada love karte ho,0,51,[],0,0,0
acha sp party ke log rape karte hai won to bhagwan haikairana se hindu ko bhagate ho woh to mahan haigunde to sp wale hai,1,121,[],0,0,0
quki jinke dil me nafrat hoti he na unki bhagwan sunta hnahi music unki kadr karta h or nafrt ho vha pyar ka to swal hi nhi,1,123,[],0,0,0
notebandi se terrorism khatam ho gaya,0,37,[],0,0,0
notebandi se fake currency gayab ho gaya,0,40,[],0,0,0
bhai yeh desh mera hai poore desh se mera khoon ka rishta hai india se na hoga th kya italy se hoga,0,99,[],0,0,0
rape wala bhajpa,0,16,[],0,0,0
jee zaroor q k punjab bhi pakistan ka part hai and terrorism se cover hua hai,0,77,[],0,0,0
desh me rape pe rape ho the hai judge msti sent so the hai,1,58,[],0,0,0
pin it khun ke aanshu to the hai,0,32,[],0,0,0
rapist desh ki ijjat dho the hai,0,32,[],0,0,0
judge msti se,0,13,[],0,0,0
nhi phr kbhi khoon ga abhi time nhi,0,35,[],0,0,0
vote ke liye bjd walo ne yanhape booth jabar dakhal murder kiyeaap aese jadu chalaea ki me president rule odisha me lagu hona chaehe,1,132,[],0,0,0
saal kemuslim ne ek saal ki bachhi ka rape kiya ye muslims ki insaniyat ko dikhata hairight whats ur view,1,105,[],0,0,0
i think ka khoon koi aapiya ya feminist hi karegi,0,49,[],0,0,0
haramkhor apni hi betiyon ke farzi rape case bana ke unjaan logon ko bekoof banatey rehtey lol,0,94,[],0,0,0
jaa tera makaan uske baam karde bhashan dene saab aa hate hai wo harami terrorist hai samjha,1,92,[],0,0,0
tumharay khoon ka jo karz hai ispr latest song on peshawar martyr via,0,69,[],0,0,0
main blasts inty hugye k ab hum kehti hain chota mota blast tha log maray hain sirf rip humanity,1,96,[],0,0,0
sirji hum jaise bekari kam hotiaur yeh gunda gardi murder kam hoteus paise se business karte aur naukri ke liye koi jhanda,0,122,[],0,0,0
i hate cunny i support konidala family jai chiru jai pawan jai charan jai varun jai akira,1,89,[],0,0,0
girls who put half avi banda onko kesay samjaye k agr onka murder ho gya to laash ki shnaakht kitni mushkil ho jaye gi,0,118,['banda'],1,7,1
bhai vote to en ko hum sab me se hi na log karte hai har party me lagbhag murder rape jaisa kam karne wala v,0,108,[],0,0,0
gareeb logon ko notebandi se koi farq nahi pada up the level of higher middle class,0,83,[],0,0,0
aur ye vinod dua to purana modi hate aur jp kutta hai,1,53,['kutta'],1,2,0
dimple if you tell akhilesh bhaiyya about boys teasing youkya hogarape ke baad bhi chup rahegachahe gayatriprpti hi kyon na ho,0,126,['chup'],1,1,0
mujhe maths se pyar that jab tak usme english nahi thi ab mujhe maths se nafrat hai kyu ki use english aa gyi aur mujhe english nahi ati,1,136,[],0,0,0
sir bach k kahi aapke upar bhi deshdroh ka mukadma na chal jaye mp hai wo jaha rape murder chori nahi ho sakta,0,110,[],0,0,0
rape chori daketi gunda gardi bhai giri corruption n garibo per atyachaar ye sub bhi to kaam he h na,0,100,[],0,0,0
cheer he to h rape thode na kare h ese to hum galti bhi nahi kahe sakat singh,0,77,[],0,0,0
raipur grp ke teen javano par rape ki kosish ka arop via,0,56,[],0,0,0
kisi ladki ka periods mein mandir jaana kisi ladke ke lode mein se khoon nikalne par mandir jaane waali baat hai,1,112,[],0,0,0
use top se uda do tab maan sakte hai ki pakistan terrorism khatm karne keliye serious hai,0,89,[],0,0,0
rape pe ladko se galti ho jati hai tera baap bola gadhe baap ki aulad gadha hi hogi,1,83,['gadha'],1,1,0
ghanshyam tiwari se poochh lijiye badayu rape kand ka doshi ko pakda gaya ya nhi,0,80,[],0,0,0
khoon chala from rang de basanti,0,32,[],0,0,0
mujhe nafrat hai un logo se jo muh par bolte hain song bekar hai aur baad mai bathroom mai earphones laga kar same song par dance krte,1,134,[],0,0,0
shozi ghor se dekhain mein ne hira ki li hai side or tayyab ko kanjoos bola hai i hate you now bye,1,98,[],0,0,0
phr zameer jag jata hai apni bari but dosro ka kia wo kon sa apna khoon hoti hai kash soch change ho jy hum sub ki,1,114,[],0,0,0
ab baat nafrat ki hy tw soch tera kiya hoga feeling angry,1,57,[],0,0,0
aaj ke neta bilkul mosquito ki tarah ho gaye hai jo bhedbhav ni dekhte bas jam kar khoon chooste h,0,98,[],0,0,0
sir hamare desh me rape jaisi jaghan apradh ko rokne k liy sarkaar kya kar rahi hai aap hamare pm ho iske liy hamein grw hai,0,124,[],0,0,0
abhi main tera khoon kar doon gye bout bolte ho,1,47,[],0,0,0
tum logon ne indians hi karwaya tha blasts in pakistan iss liye aise posts daal rahe ho,1,87,[],0,0,0
agar apna broadband launch karde to yeh kuch bhi nahi hoga uske samne i hate,0,76,[],0,0,0
yar ye cvs apni hy likhi howi story kyu bhul hate hain,0,54,[],0,0,0
ham sub aap se itefaq kerte hain lakin akela nahein bradran ki puri hamayat hai ye sub mil k terror phela rahe hain,0,115,[],0,0,0
tumharay khoon ka jo karz hai ispr latest song on peshawar martyr hd via,0,72,[],0,0,0
sanjay bhansali ke thappad lagne par hindu terrorism bolne wale ab kaha h,0,73,[],0,0,0
hauz khas mein bhi agar rape ho jaye toh log kahan safe hain,0,60,[],0,0,0
lolgayi bhains paani meinhatred at his best,0,43,['bhains'],1,1,0
bilkul galat usne kya sahi kaha hai mere bhai i hate terror i hate isis woh to khud isi ka agent hai,1,100,[],0,0,0
ddlg oops ddlj khoon will kill me but yeah who cares,0,52,[],0,0,0
jis ke upar rape ke mukdme hai chahe wo kisi ki party ka ho wo duniya ka sabse bada haramkhor h chahae kisi party,1,113,[],0,0,0
ya log hi bhart ma aatank aur terrorism badhawa data hai pictwittercomubohiwol,0,78,[],0,0,0
suchai to ye hai ks ki army rape krti hai ab khna ye b jooth hai,1,64,[],0,0,0
ap to educated malum hote hain agar aisa hai to ap pahle quran holy book ko parho samjho aur nafrat se ruk jawo,0,111,[],0,0,0
ap jaise mere mitr muslims ke khilaf sabhi ko bharka rahe hain please stop sharing hatred against a particular religion,0,119,[],0,0,0
sabhi log tere jaise chuitiye nhi hote aur unke liye education matlab sakha terror training camp nhi hainok,1,107,[],0,0,0
you mean hatred ke saath disbelief aa hi jata hai slowly,0,56,[],0,0,0
kuch logo ne bhansali ke kaan ke niche ek diya to hindu terrorism,0,65,[],0,0,0
aur teri to army hi terrorist ki hai jo rape karte hai lootte hai chor hai,1,74,[],0,0,0
famous hone ke liye kitna khoon bahana padta he tum kya janowo bhi periods wala,0,79,[],0,0,0
aik mareez ko abpositive khoon ke sakt zarorat han jo dost dena chahe wo rabta karay,0,84,[],0,0,0
and we need to stop werna sab ko nafrat hojayegi p,0,50,[],0,0,0
javed akhtar sahab aap sirf itna lik dejeye k is desh ko islamic terrorism se katra hai,0,87,[],0,0,0
agar is team ka captain dhoni nhi to ye team kuch nhi chahe kisi ko bhi le aao lakho log aaj apki team ko hate krne lge h,1,121,[],0,0,0
naa likes naa rts mar kyun nae jaaty sb,0,39,[],0,0,0
islam mea rape ki saza se nonno othna band hojayegi dear samjho,0,63,[],0,0,0
hitler ka phone lakh hazar dollar me farokht,0,44,[],0,0,0
kisliye shukr genociderapeslaverydamage ke liye yahi to islam ne diya duniya ko,1,79,[],0,0,0
hota hoga parrrrr nafrat c hai mujhe formalities main,0,53,[],0,0,0
bhai unhone un hindus ko terrorist bata ke goli marvai hindu terrorism naam ka naya word invent kiya,0,100,[],0,0,0
jis chutiye ne bhansali ko ek thappad lagne par hindu terror naam de diya thaye sab uski ammi ke shauhar,1,104,[],0,0,0
imp seat h toh rape accused k liye prachar krenge hadd ho gyi arey taal dete schedule kahi or kr lete prachar,0,109,[],0,0,0
international players lene me toh gili ho jati hai aur hate spread karna hai,0,76,[],0,0,0
he is right akhilesh up may gundo ka palka kutha hai jo koi karwai nai kartha gundo paru p no state in mudersrape,1,113,[],0,0,0
police k paas kisi bhi smsya ka smadhan nhi hota chahe paisa chori ho jaye smaan chori ho jaye murder ho jaye akhilesh ke jhooth,0,128,[],0,0,0
more blasts in pakistan bomb phodh phodh ke ma chod do uss desh ki bhenchod,1,75,['chod'],1,7,1
gandhi parivar me sab ke murder hi q huwe,1,41,[],0,0,0
ab kaha gaye seculars bhoukne wale ye muslim terror nahi hai ekdum se khul k besharmi se ghatiyapani ho raha hai,1,112,[],0,0,0
hare rama hare rama ram ram hre hre hate krishna hare krishna hare krishna krishna hare pictwittercomdkaagjlgyp,0,111,[],0,0,0
abhi tak koi call nahi aaya shame on you kab aaye ga srif paisa se matlab hai aap logo ko i hate you dishtv,0,107,[],0,0,0
dalbandin thilismia k shikar aik masoom bachi ko o aur aik bachy ko a khoon kee zarurat hai rabta kare bolan blood bank,0,119,[],0,0,0
sir inhone dikha diya aap hamla karke inki veins main kiska khoon behta hai ye bus ek bujurg par apni takat dikha sakte h,1,121,[],0,0,0
justice khosa ko samjhaain aisay remarks na dain warna blasts barhtay jaaingay,0,78,[],0,0,0
ha re ek din media ko batana hi padega tabhi vo haramj pakda jayega varna paiso ke dam pe aur do tin murder kar dega,0,116,[],0,0,0
aur yeh bhi million ke khoon se range hath dekh lo dhyan se pictwittercomxoeehkmmbh,0,83,[],0,0,0
dalbandin thilismia k shikar aik masoom bachi ko o aur aik bachy ko a khoon kee zarurat hai rabta kare bolan blood bank,0,119,[],0,0,0
lekin aaj kal to gujrat ki mataon ka gang rape kar rhe aapke tuchhe karyakarta,0,78,[],0,0,0
tum to subah shaam sonia mutra peete hi honge aur tumhre to khoon me bhi congress hi hogi,1,89,[],0,0,0
kyu be halkat abhi tarek fatah par hamla hua tab tuje islamic terrorism mai dikha haramkhor sale gand me fatt gai teri,0,118,[],0,0,0
jab mp mein vyapam ghotale ko chupane k liye murder ho sakte h ye to uske saamne kuch b nai,0,91,[],0,0,0
aur hoga bhi kyo naa ek rapism aur dusra terrorism dono ki jori waha waha pooooo jaisi dosto,1,92,[],0,0,0
pata hi kin logon ne inko nafrat ka injection laga diya hai hamesha hindu musalman aur nafrat ki batain to karte rahte hain,0,123,[],0,0,0
aap pehle dilli ka khyal rakhen phir dusron ki baat karen rape capital ban gaya dilli kab sudharega,1,99,[],0,0,0
good bye accha h dur raho hum logo se hate u and anku ko bhi hate himmmm,1,72,[],0,0,0
phir bi akal nahi aya kashmiriyo kopakistani sena pok ki ladkiyo ka rape kar raha phir bi pakistan jana hai,0,107,[],0,0,0
ye bakwas h jatin hate karte ho thik h par ye faltu ka to mat bolo agar koi shah ko aise bole to,0,96,[],0,0,0
tum loug ke pass hate curse ka time kaha se aata hai to yai nahi sikhati,0,72,[],0,0,0
upsapa sarkarke mukhiya jab rape aropit mantrika jan sabha me smarthan karta homahilaon ki suraksha ka ashvasan ek dhokha,1,121,[],0,0,0
mera channel q band kiya i hate you faltu hai ye dishtv call karo jaldi,1,71,[],0,0,0
bjp haar rhi hai kyoki bjp ka leader jhhuta haijo bolta hai vo nhi kiya aaj taksirf nafrat hai uske dil me,1,106,[],0,0,0
haan or bol ye voice suit kar rahi hai tere upar apni hate jaari rakho or vote kharab karo,0,90,[],0,0,0
hitler ka phone lakh hazar dollar mein farokht,0,46,[],0,0,0
rape wahi log krte h jo khud kisi rape se paida hue hotel h,0,59,[],0,0,0
damashq sham me sarak kinare nasb bomb ka dhamaka roosi fauji halak zakhmi hitler ka phone lakh hazar dollar me farokht,0,119,[],0,0,0
sir naliya rape case in gujarat kya aap bhi aise pagalbillo ko ticket doge,1,74,[],0,0,0
aur kehte hain hamaari sarkaar banwaao to ham aalu ki factory lagaenge,0,70,[],0,0,0
gujrati to in insaani gadho se khud pareshan hai koi rape karta hai koi kisano dalito muslimo ko peetta hai aur zameen chor dhol,1,128,[],0,0,0
thori sharam karo aap ki auqat nahin hafiz saeed per comment karne ki pehle bb k qatilon ko pakro dr asim ko phansi do apna ehtsab kro,0,134,[],0,0,0
gujarat ki janta gadho se behaal koi rape karta hai koi dalito aur muslimo ko maarta hai koi in gadho ka prachar kar raha hai tv par,1,132,[],0,0,0
jab se surgical strike ki hai na tumhre mujahid ki gand se khoon niklta hi india k bare me soch k,0,97,[],0,0,0
even the stars align against anpadh hatemongers diwali and eid fall on the same date this yearbijli ki koi problem nahin hogi modiji,0,132,[],0,0,0
up me rape ho ya balatkar sab cmji ko sajish lagta hai laye hai sirji ab jaldi sajish pakad lenge,0,97,[],0,0,0
sayad rape waise hi hota hogatrain me logo ko marna punay h apki najar me,0,73,[],0,0,0
kab se jab se muslamano ne hindu ka rape and balatkar karke kashmir se nikal diya tab se ya pahle se,1,100,[],0,0,0
pakistaniyon ko aisi news maamul sa ho gaya hai jaise udar roz bomb blasts hote hai,0,83,[],0,0,0
rangers muqable main dehshat gard halak,0,39,[],0,0,0
aur jo kisi ko mar kar apna dharm chalaye unse jayda nafrat krne wala koi ni,1,76,[],0,0,0
tum logo paise milte paise k tttu andhe ho kya murder kis n kiye,1,64,[],0,0,0
uff itni nafrat karachi se poora timeline hate tweets rts se bhar diya celebrate ur win yaar dil bara rakhen,0,108,[],0,0,0
jinki pakistan ke liye sabse zyaada services hain unhi ko sabse zyaada hate kiya jaata hai ultay log ulta mulk,0,110,[],0,0,0
to hindustani naam rakho ye terrorism failaane waale arbo ka naam kyu rakhtain ho,0,81,[],0,0,0
aur unko chamcho ne gujarat ke mahilao ka rape karke mms bana liye unko gujrati pelenge is saal,1,95,[],0,0,0
sharam karo apni baap ko hate less karty ho out bath karte ho islam ki,1,70,[],0,0,0
iss kambakhat makhi ko poore duniya mein sirf mera hi milkshake mila tha suicide karne ko,0,89,[],0,0,0
hahahaha is hate mai bhi pyaar hai,0,34,[],0,0,0
dekho na mass murder karne ka mann karta hai,1,44,[],0,0,0
chacha teri party ko pe le aye the log me abhi tak malaal nahi gya tumhara isi tarah nafrat failao or agli baar pe aao,1,118,[],0,0,0
maut ka saudagar bole woh khoon ki dalali bole woh aur gutter zaban sanghi ki waah ji secularism ke chamche,1,107,[],0,0,0
bhai rivalry no hate lahorikarachi bhai bhai,0,44,[],0,0,0
yar jab ap apni niki hmara ghar bhajo ga tab karonga rape pr shadi k bad,0,72,[],0,0,0
abhijeet bhattacharya up waalon ke khoon main hi politics hoti hai,0,66,[],0,0,0
allied bank ke bachay se nafrat hogie hai,0,41,[],0,0,0
chakko ki fauj ko industry kahate hai,0,37,[],0,0,0
bhansali ko jhapad pada to saffron terrorism,0,44,[],0,0,0
rehaii mil chuki hai par khauff barkaraar hai i have been freed but the terror remains,1,86,[],0,0,0
hate to koi bhi kisi sey kar sakta hai mat bhed honey key karan muslim bhi muslim sey hate kar skta hai,1,103,[],0,0,0
raga ka bhi ek case tha rape ka patanehi case ka kya huatabhi congress ki govt tha,0,82,[],0,0,0
unki family mai rapists ko encourage karnamujhe doubt hotahai unke upar kehi woha rape to nehi karte,0,100,[],0,0,0
list bahot dekhe hai hate nahi karta to anurag ko kyun bol raha eid pe aao salman ka ____ maaro yeh kaisa pyaar hai baba,1,120,[],0,0,0
mam humare yahaan gujarat ke naliya me in bjp valo ne rape kiya aur abhi tak pakde bhi nahi gaye,1,96,[],0,0,0
kyo tarik fateh se pyar karte ho aur pakistani actor se nafrattarik fateh se kuch gahra relation lagta hai,0,106,[],0,0,0
aur kuch tou emojies ka rape karte hain,0,39,[],0,0,0
lol cocky chootiya jab gali kie londey star ban jatey hia phir bhi jahil rehtey hia dil mie nafrat rakhtey hai,0,110,[],0,0,0
dear goenkas aap dhoni ko kaptaani se hata skte ho lekin vaisa young captain kaha le laoge jiske khoon me kaptaani ho,0,117,[],0,0,0
i hate it when i lose an argument aur din bad yaad aata he,1,58,[],0,0,0
buzurg shahri ko firing kar ke qatal karnay walon police aahalkaron ko phansi do,1,80,[],0,0,0
i hate pakistanis in jaise logo ki wajah se hi mere mulk hindustan ke do tukre huye,1,83,[],0,0,0
i hate it hostel me banti thi us din chawal me ghee aur namak daal ke khati thi,0,79,[],0,0,0
kaam bolta hai despite rape allegations akhilesh yadav campaigns for gayatri prajapati,0,86,[],0,0,0
kya mahilayo ka koi samman nai up me agar hai to jinke upar rape case chal raha h unhe ticket kyu,1,97,[],0,0,0
jhoota salakaminarape karke ab natak kr rha haiin jaiso ko bacha rhi thi dimple yadav wo b in jaisi hi hai,1,106,[],0,0,0
splleling mistake thi yr,0,24,[],0,0,0
diya gaya aur bhi suniye ki murder case mein bhi fir me naam darg uske sale sasur saas ka naam barabanki ki police ne lakh,0,122,[],0,0,0
hitler ka phone lakh hazar dollar me farokht,0,44,[],0,0,0
kaam bolta hai despite rape allegations akhilesh yadav campaigns for gayatri prajapati pictwittercomupmwvkkf,0,108,[],0,0,0
pakistan mein rape police thane mein report nahi hote chutiyee tumhare country mein bachabazi or pedophillia sabse zyada hai,1,124,[],0,0,0
wait kar show bhut jald band hoga,0,33,[],0,0,0
teri gand ka rape to bandar or kuttay krte hain isi lie teri shakal bandar ki tatti jesi hy madarchood bhosri k gay hijre,1,121,['tatti'],1,3,0
aur up me agr adv hoga to rape murder yahi dab dikhega na,0,57,[],0,0,0
i hate my hazirdimaghi zaroorat k waqt aksar ghaib rehti hai,1,60,[],0,0,0
sir ji pi rakhi hai kya,0,23,[],0,0,0
i always hate khans to aise tweet karke akkal ke tare kyun todte ho,1,67,[],0,0,0
sarm karo udhar bjp wale isi aur rape kar rahe hai to koi jawab nahi mang raha hai aur other party ke netawo la,0,111,[],0,0,0
agar tumhare sath rape ho jaye to tumhare father kya karenge,0,60,[],0,0,0
kyunki bhansali news chanel pe nafrat nahi faila raha tha aur fateh ka maqsad sirf nafrat failana hai,0,101,[],0,0,0
up me dange loot rape gundaai jameeno per kabja karna iske alawa kya suna hai,1,77,[],0,0,0
gujarat ke gadhe wahan ke rajnaitik gadho se lakh guna zyada acche hai na rape karte hain no logo ko zinda jalate hain,0,118,[],0,0,0
jab amitsaha badi saan se kahete he up me ek ghanta me maa beti ki rape hoti he to matlab kiya up ke maa betio ko izzat nilam karna jaisi,1,137,[],0,0,0
ishliye corruption ke jariye sab ki khoon choos rahe heine,1,58,['choos'],1,5,1
nafrat ka meaning to tab samajhme aata hy jab piyar karnewale nafrat karne lage,0,79,[],0,0,0
agar ye ithna progress chahtha hei tho apna desh chaloudbar kuch karoterrorism band karneko,0,91,[],0,0,0
ne jo dalit gang rape kiya tha khangressi mil ke kahi aap to ______ sorry aap jaise hi gande vichar ate hai,0,107,[],0,0,0
hindu muslim sikh issayee aapas me sab bhai bhai why to hate some one,0,69,[],0,0,0
history ka wahi panna padh k aaya hai ye jispe nafrat likhi hailast night mujhse bahes hui thi tareek fateh,0,107,[],0,0,0
baap aur beta dono ek category ke hai mulayam stands by ladkon se galti ho jati hai comment on rape,1,99,[],0,0,0
jiske haath muslim ke khoon se range ho uske bhakt kabhi patriotic nahi ho sakte just ashamed on u,0,98,[],0,0,0
jo itna saalo se desh ka khoon piya hai uska kya ek bottle raktadan ke badle millions bottle ka hisaab nahi karte janadeaala,0,124,[],0,0,0
aaj to sab mujh pr ilaaz laga rahy yar i hate twitter,1,53,[],0,0,0
terrorism ko khatam karna easy hay leken agar ham main se har aik mukhlis ho jaye apne mulk k sath,0,98,[],0,0,0
elliot ko to khoon maaf ye to phir ek catch hay,0,47,[],0,0,0
gujarat me naliya rape case kisano pe lathi charge ke khilaaf kyun jubaan pe tala laga h,1,88,[],0,0,0
khooni gandhi aur nehru the jinhone khoon bahaye tha gandhi family is bloody murderer family,1,92,[],0,0,0
rajneeti ko gandhwa diya ha in sapa congress ne i hate this type of rajneeti,1,76,[],0,0,0
akhilesh yadav gang rape ke aaropi ka parchar kar rahe hainyahi hai smajwadi party,0,82,[],0,0,0
sahi hai bhai jaise dadri murder se intolerance poori country mein ho gaya waise hi,0,83,[],0,0,0
cm ne aaj gang rape ke aaropi gayatri prajapati ke liye chunaav prachaar kiyadoes he endorse prajapatis act,0,107,[],0,0,0
gayatri prajapati jis pr rape ka aarop h ussi ka chunav prachar kr rhe the waise toh stage pr baithne ni dete pr,1,112,[],0,0,0
chtiye sabse jada izzatdar tera muhammad hai ko saal ki ladki ka rape kiya,0,74,[],0,0,0
kaise hindu hai ye haramzade jo apne desh ke hi pm shab ki insult karte hainin haramiyio ke andar kisi mughal ka khoon hi daud raha hoga,1,136,[],0,0,0
varun pruthi cuts his wrist yelo mera khoon peelo,0,49,[],0,0,0
pichle saalon me hum ne kitne hi lasheen uthaen ho magar aafreen un par jo hamen ab bhe terrorist kehte phirte hain,0,115,[],0,0,0
aur samajwad ke name pe sirf yadav ko naukri mili baki ko sirf dhamki maut ya rape,0,82,[],0,0,0
agr rupay ka balance idher udher ho jaye,0,40,[],0,0,0
kabristan men boundry aur jo log zinda hain unke liye koi security nahin khulle aam murder lekin koi fir nahin think b vote,1,123,[],0,0,0
ni dekhe apki army or rangers ne jbhi sron ke khoon ka badla lena ni ata means ghareeb ke khoon ka,1,98,[],0,0,0
rape ke liye progkarna hai to akhlesh ko vote denarapist ke liye prachar karta hai,1,82,[],0,0,0
rapist ke liye prachar karta hai means rape ka prachar karta haiaustralia me padh kar ayau will be anpadh only,1,110,[],0,0,0
maut ke saudagar aur khoon ki dalali kehne wale aaj modiji ko uttam vaani pe lecture de rahe hain,0,97,[],0,0,0
khud hi rape karke khud hi protest karogo to arrest to hona hi hai,1,66,[],0,0,0
rajasthan ki to aesi ki tesi kr di ab up ki kr dohate,1,53,[],0,0,0
aap rape karne walo ka prachar karo to theek lekin amitabh ji gadho ka prachar na kareinwah kya logic hai,0,105,[],0,0,0
jis islam ne ke sath kiya waise hi hinduo ke sath ho rha h bas is islamic ideology se nafrat krte h ham na ki kisi muslim se,1,124,[],0,0,0
mujhe nafrat ho gyi hai twitter se,1,34,[],0,0,0
rape aur gundagardi par bhi report de do bhai kyonki abhi bijliwala bans ho kal djp ban jao,0,91,[],0,0,0
bhaajpaa ke star campaigner sh narinder modi ko saat khoon maaf par dussraa koii kuchh bhi kahey toh maryaadaa mai raho,0,119,[],0,0,0
murdrer bhai kiska khoon kiya modi ne jra btao,0,46,[],0,0,0
timepass toh pe bhi,0,19,[],0,0,0
mahi ek hai ek tha aur ek hi rhega captain word toh dedoge pr khoon ki captaincy kahan se doge,0,94,[],0,0,0
kuch bhi prove nahi huwa bjp ke toh bhare pade hai rapist murder scam aur kya kya,1,81,[],0,0,0
yaqoob menon ko phansi aur maya kodnani ko bail bhedbhav nahi hona chahiye mitron narendra modi,0,95,[],0,0,0
kya ye terrorism nahi hai ye konsa aaka hai pictwittercomawrmceahwc,0,67,[],0,0,0
yeh jo lahore sey nifrat hai yeh kisi aur sey nafrat hai p likin sajjo ka scene different hai,1,93,[],0,0,0
bawli booch mein hindustani hu teri tarah isi ka agent nhi tu aur tera baap krta hai nafrat ki rajneeti hum to bhaichare wale h,1,127,[],0,0,0
larkiyan time pass nh hai wo to sacha pyar chahti hai apna haq chahti hain time pass nahi kyun ke,0,97,[],0,0,0
ab yeh log terror ban jayenge to muslims kidar jayenge bhai yahi ek desh hai muslims much be bhonk sakte hai,0,108,[],0,0,0
iska acha rape hua tha iska aur iske dost ka last ko dono sorry bolke chale gaye koi nhi aya tha bachane,1,104,[],0,0,0
aur men ne kab kaha k rape aur killing karo men ne apne twits men kaha tha k islamic law implement kar den sab thek ho jay ga,0,125,[],0,0,0
in ka vikaas nafrat n hate ka vikaas hai jo sirf vote ke liye hai mahino main modi ne nafrat ki aandhi chalayi magar desh samajh,1,128,[],0,0,0
ya rajesh khanna ka koyi murder thriller hai,0,44,[],0,0,0
tu pakistan gaya tha mechal quran ki kasam khake bol kashmiri hindus pe violencerape huya ya nahikya tu indian hain ya,1,118,[],0,0,0
jen aurton k sath rape ho un k ley specific department banane ki zaroorat hy tashkhees aur mujram ko saza dene k ley,0,116,[],0,0,0
up sarkaar kya kisi ne bhi rape jaise crime ke liye koi bada kadam nahi uthaya hai aise log sirf bolte hai,1,106,[],0,0,0
bharat ki naujawan aao desh ko save karehumare g poor maa behen ko dailypaisa se rape kartepakdo marojaladomagar save izzat mother india,0,136,[],0,0,0
up ko rape pasand hai,0,21,[],0,0,0
dekha tumhari mentality hindu jagenge bla bla kabhi to hindustaniyo ki sochte par tumhare ankhon par rss me nafrat ka glass hi,1,126,[],0,0,0
aksar rapegundagardi aur gaaliyan boli jaati hai har galiyon me kuch din to gujariye up me,0,90,[],0,0,0
teri behan ki nipples ko rassi se bandh kar usko rapehahahaha,0,61,[],0,0,0
teri maa ka rape talibaniyo ne kiyachudwate chudwate mar gayi wo,0,64,[],0,0,0
bhai abdul kalam ji ko kabhi hame nafrat se nahi dekha ib ke hamare ex chief ko kabhi nafrat se nahi dekha nafrat apne under,1,124,[],0,0,0
upendraji agar maulvi terrorism phailate to crore terrorist hote koi nahin bachta bharat mein sochiye zara,0,106,[],0,0,0
ko rape psand hai,0,17,[],0,0,0
or aap logo nay kay kiya thaa economy kay saath rape kar diya thaa scam karkar kay kamino ab tumko economy dikhi,1,112,[],0,0,0
okay akhilesh said up me baaki states se kam rape hote hai is it,0,64,[],0,0,0
tujhe kab se isi agents se nafrat hone lagi aur jahan tak dalali ka sawal hai wo toh tera janm siddha adhikar hai kar aram se,0,125,[],0,0,0
aman ke ashajo pak ke bunyadi asol ke khilaf two nation ideology hees pr hamid mir bat kare to ye hate speech nazar nahen,1,121,[],0,0,0
mera sawal keya proindian anchor ke khilaf aur islam n pak ke hymayat main bat kee jaey to ese hate speech kaha jae ga,1,118,[],0,0,0
is saale isi ke agent ko phansi pe latkana chahiye chauraahe pe pictwittercomariusxjs,1,85,[],0,0,0
kabil to bahut hai pakistani terrorism me sbko pachad rkha hai hooro k lalach me dimag uske aage badhta hi ni,0,109,[],0,0,0
abhi tanu haldi hate itabhi go n propose pragya pls,1,51,[],0,0,0
hate speech joote hi khilwati hai bhai amir liaquat bhi khyga,0,61,[],0,0,0
mulayam ke ladke to rape karte hain wo choti moti galti hai,0,59,[],0,0,0
if there is one hate filled rabied dog still barking is sharma jootey saaf karo rahul ke sharma ji tumhari aukat hi itni hai,1,124,[],0,0,0
ka order hai gayetri prajapati ko andar dalo jail mein rape mamle mein waha pe up police kitna nikamma hai yeh gayetri prajapati,1,128,[],0,0,0
tumhe journalism ke naam pe dhabba bhi nahi kaha jaa sakta kyonki ye sab to tumhare khoon me hai,1,96,[],0,0,0
are bihar par dhyan dijiyedaily murder ho raha haijungleraj wapas aa raha hai,0,77,[],0,0,0
rape karte samay toh bahot mazaa aa raha hoga,0,45,[],0,0,0
teri khud ki gadhe jaisi sakal h tere baap ke gunde the wo jo sansad me rape krne wale the,1,90,[],0,0,0
haan delhites ka khoon chusane ke baad players ki bari twittercomxlvcoa,0,71,[],0,0,0
tons hate for those jinko monday ko chuti hoti hai aur wo subha subha uth k bethy hoty hain,1,91,[],0,0,0
nitish shrab band karne ke drama me chandan maragayakhoob khush ho murder hone peenjoy white car,0,96,[],0,0,0
abay chal jaa jaake bachon ka rape karta hai tu pata hai disgusting bastard,1,75,[],0,0,0
rape kahan zyada hue hain dekh lo pictwittercomoafywtmyii,0,57,[],0,0,0
aaj shriman jin candidates le liye vote mangege unki degree he gang rape murder money loundering rangdari vasooli pictwittercommdzfnitpb,1,136,[],0,0,0
ek blackmailer reporter bhi hota tha aashish naam ka jo hamesha afwahen faila kar logon ka khoon chusta tha,0,107,[],0,0,0
ek rape ke kisse se bahu betiya guj mein surakshit nahin aur din ke paanch rape ke bavajoot delhi toh surakasha neeti ki misaal,0,127,[],0,0,0
ye hamare desh ka durbhagya hi to h agar rape hota h to uski cast batana aniwarya h agar dalit hui to jaldi warna derrrrr,1,121,[],0,0,0
i hate it so much ghar valo ne itne khelaye hai pucho maat,1,58,[],0,0,0
bullet train gayi bhaad meinab nafrat shamshaan aur kabristan ki neech rajneeti kar raha fenku,1,94,['neech'],1,7,1
ms dhoni ke khoon mein hi captaincy hai saahab,0,46,[],0,0,0
beroot damishq k qareeb shami foaj ka rocket hamla afrad halak,0,62,[],0,0,0
saal ke liye dhoni ko captaincy se toh hata doge,0,48,[],0,0,0
par ke records ko kaise badloge,0,31,[],0,0,0
bhagwan ram was an asshole prophet was rapist shehla rashids ruthless hate speech via ki awaaj,1,94,[],0,0,0
i asked harshita ap dekhte ho she said kabhi kabhi me apne wo scn dekha jisme tmhari rago m kon sa khoon daud raha she was,0,122,[],0,0,0
ka level kam kar deta hai,0,25,[],0,0,0
tab to jis hisab se rape badh raha hai purey desh ko open sex ki jagah bana deni chahiye,0,88,[],0,0,0
bhi kuch city mai ho rahi hai to saza e mout nahi ho rahi hai,0,61,[],0,0,0
lahore jaisa rape na hojae aj,0,29,[],0,0,0
mood offfff hamesha aisa hota hai ya toh sid ya phir nats gosh i hate them,1,74,[],0,0,0
yahan gang rape of zalmi ki baat horahi,0,39,[],0,0,0
tumhari kasam yeh dare nahi hai yeh sach hai i hate you,1,55,[],0,0,0
rameez bhai please terrorism kee tareef karein,0,46,[],0,0,0
islamic terrorism be bhi kuch bol madarchod agar gaand me dam hai aur ek baap ke sperm se nikla hai toh,0,103,"['madarchod', 'gaand']",1,19,1
n need to fire todayafridi hate apni jaghaty takziya nigari da shauq apni jagha,0,79,[],0,0,0
tum to saal se nyay ni dila paye ayesha ko uska rape krne wala tumara paigambar hai,0,83,[],0,0,0
sir kya hua karte the aap kya ho gaye zanaab wakai modi raaz me khoon sasta hai,0,79,[],0,0,0
crush deekha do esa ho he nhi,0,29,[],0,0,0
nikaltay hein k crush se h nafrat,0,33,[],0,0,0
hitler ko uska koi dirk nahi padta janta ko gumrah karte hey aur janta bhi usko hee vote deti hey,0,97,[],0,0,0
i hate smriti iraniwale vijana wanafaa waambiwe watulie ile ilikua gang rape,1,76,[],0,0,0
katwo aise hi maarenge suaro panditon ko marra tha taab tera baap rape kar rha tha tab nahi roya toon,1,101,[],0,0,0
domada maulana apne allah ko yaad kar le jab choti si sal ki bacchi ka rape karne wale ko pujane wale teri aukat hi kya,1,119,[],0,0,0
aur jiski maa ab is duniya me nhi rahi unke kis rishtedaar ka rape karenge bhai saab,0,84,[],0,0,0
rohaniyas hindua ki news delhi ya nai jinko ram ne nahi bachaya lekin rahim legaya unki biwi beti ko rape karne,0,111,[],0,0,0
matlab muslim hindu ladkiyo ka rape kare tumhe bura laga ab jab hindu hindu ladkiyonka rape kar rahe hai tumhe maja as raha hai knu bhai,1,136,[],0,0,0
koi ghr m ghuse rape kro ap skaratmak socho kmal ka gyan arjit kiya h sahib n,1,77,[],0,0,0
rap likha hai usne rape nahi,0,28,[],0,0,0
ha tum sab ko sukun to tha hi jab jaha margi rape murder and blast tum sab karte the ab karne me bahut problem ho rahi hai,1,122,[],0,0,0
thane me fir tk darj nhi ki jati majburi me ladki ghar jakar aatmhatya kar leti hai pta h fir kyo nhi likhi gai thi jis ladke ne rape kia,1,137,[],0,0,0
yadav ji maine up ki pichhli govt ka aankho se dekha hai ak ladki ka sare aam market me pakad kar market me rape kia jata h or thane me,0,135,[],0,0,0
sir ye kaisi culture h jisme jo bhn bhai ko rakhi bandhti h apni security k liye wahi bhai uska rape krta hpahle apna dekho,1,123,[],0,0,0
nae yeh bhi keh detey hain k kon sa rape kia hai,0,48,[],0,0,0
kya kashmiri hindu girls ka rape yaad hai muslims ne kiya tha yadav ji,0,70,[],0,0,0
ki aapane apani beti ki umar ki ladaki see shadi ki rape charges see bachane ke liye,0,84,[],0,0,0
kahin unka rape na hoajye sambahal k rakhna,0,43,[],0,0,0
kya haal hai india yaar kahi kisi ka rape to kahi ka murder aakhir kabtak chalta rahega ye sab pictwittercomhdbelfcnc,1,117,[],0,0,0
jis din ye kanun bn gya ki rape krne wale ko bhre bajar m napunsak bnaya jayega us din betiya ji payengi,0,104,[],0,0,0
sir rape ki fir tak to darj nahi hoti is desh mein aap bas fenkte hi rehte ho kuch nahi hone waala aapse bhi sir maaf karo,1,122,[],0,0,0
sukanya devi ka rahul gandhi ne rape kiya or poora pariwar gayab kara diya uss bare me kuch bolna chahenge,0,106,[],0,0,0
apni beti ke rape jo banigala me hoowa tha comment karo,1,55,[],0,0,0
aur tum jahan hoti ho wahan balatkar badh jata hai baba bhi rape karne lagte hin,1,80,[],0,0,0
tumhare neta to rape par bolte he ladko se galti ho jati he,0,59,[],0,0,0
sahi bola ji agar ladkiyon ko iss barabari chahiye toh laathi bhi khana padega ab bas rape ko aise justify mat kar dena pictwittercomeohzbhpc,0,141,[],0,0,0
bhadoria se ye to puch lo kya vo dalit ladki nhi thi jiska din tak rape kiya aur maas khilaya kyu ki vo spa ka vote bank hai isliye,0,131,[],0,0,0
lagta hai baba se tere kuch jada hi connection tu bhi mafi deta tha kya beti bol ke beti bolo aur phir rape karo,1,112,[],0,0,0
janta to lalla babu kuch nahi hai par rape charges to lage hain na,0,66,[],0,0,0
btw ram rahim ne to rape ki jaise machine hi laga di thi,0,56,[],0,0,0
fraudrape karke jayega to aisa hi bolenge ab wo ashram ho ya rampal,1,67,[],0,0,0
accha dekha ha hum na kon surakshit ha kon nahiaya din to tum log apni ma behnu ka rape kr reha honews dekha kro,1,112,[],0,0,0
andhe bhakt abhi bhi bhakti karbe mein lage hue hainsame like ram ravanbaba jiske rape verdict aane baad bhu bhakt use clean bol rahe hain,0,138,[],0,0,0
aur hindu ladke rape krte h kyuki nirbhaya case main hindu the,0,62,[],0,0,0
haan sahi hai ye sachai hai ki tumhara dharam gandh machata hai aurato k naam pe halala kervate ho rape k naam pe,1,113,[],0,0,0
iss rascal ko kisne bola ki hindus rape kerte hain tumlog ka dharam toh khulleam beizaat kerta hai aurato ko besharam,0,117,[],0,0,0
nirbhaya rape case main protest karne walin pe lathicharge kaun krwaya tha,0,74,[],0,0,0
morad saeed rape kewane k bad khosh gawar moud me,0,49,[],0,0,0
aap ko yeh mirchi h k ek bhi molana rape m andar kyo nahi gaya,0,62,[],0,0,0
moda aapne jab aapne kaha hindu rape krta h,0,43,[],0,0,0
usa main chritian rape krta aap sab doodh k dhule aur bedaag hain,1,65,[],0,0,0
jin deshon main kal tak aurat ko drive krne ka haq nahi tha wo rape ki report karengi hota hoga toh,0,99,[],0,0,0
vo to thik hai na par koi saal ki bacchi ka rape kare usse tum prophet kyun bol rahe ho,1,87,[],0,0,0
hindustan ne bar pak ka rape kiya koi nahi aya bich mein or ha agali bar bhi karenge suwar,1,90,[],0,0,0
bhaijo iski maa ka article aya tha news me kutto ne rape kiya tha vo post krna,0,78,[],0,0,0
star plus ke dukyari jiska beech chorahy may rape ho gaya ho,0,60,[],0,0,0
yeh toh aankhon se hi rape kar dte hai,0,38,[],0,0,0
ye aunty ko abhi bhi rape threats milti hai,0,43,[],0,0,0
han be rapist muhammad ke followermadarchod paegambar muhammad ne sal ki ladki ka rape kiya thaor wo chutiya tumhara god hai,1,124,['chutiya'],1,5,1
spelling sekh le pehle rape sa paida huway ho our moon saaf karlo phir pakistan ka naam lo kuttay,1,97,[],0,0,0
kashmir rape kunan poshpora via,0,31,[],0,0,0
teri aukaat ye hai k tujhe tatti nation kehte hain aur delhi ko rape capital,1,76,['tatti'],1,3,0
kya yah sach hai in janab pe molesting or rape ke arop lage hai,0,63,[],0,0,0
no shame mam ek bhi maulvi batao jo dharam ke naam pe rape karta hai,0,68,[],0,0,0
trail jiska chal raha hai rape or murder case ka,0,48,[],0,0,0
a rape pidit gareeb mahila ek sal se bhatak rahi hai nahi mila nayay police protection mila hai accused person ko kya karenge pictwittercombjptox,1,145,[],0,0,0
kisi bhi beti ko hindu babawo ke pas mat bhejo madharchod rape kar deta h,1,73,[],0,0,0
ye cherte nahi seedha rape karte hai,0,36,[],0,0,0
twitter has launched pandit deendayal upadhyay jyada gaali likho jyada rape threats do yojana,0,93,[],0,0,0
happy birthday sir aj mujaffar nagar me ladki ko mansh khila ke rape karne walo pe debate rakhe ye news zee ke alawa koi nahi chala raha,0,136,[],0,0,0
allahabad main bhi ek gangrape hua hai kal bachhi k sathaur ek lady morning walk par gayi thi us ka murder hua hai is sarkar main bura hal,1,138,[],0,0,0
sardana kyu hindu muslim karte ho baba ne rape kiya woh jail chala gaya agar koi muslim kuch karta hai uske liya bhi kanoon hai,1,127,[],0,0,0
aur ye bhu ke ladkon ko khula chhod dete hain rape karne,1,56,[],0,0,0
navratri me bhi rape kya yahi hai aapka kanoon taqleef hoti hai sir,0,67,[],0,0,0
fir bhee unka kuchh nahin hota wahan ke sheikh rape bhee karte hain to use accident maan liya jata hai,0,102,[],0,0,0
aaj tak kabhi kashmiri panditon par daya nahi aayi jinko tere sad lund dada gaddar desbdrohi sekh abdullah ne mrwaya hinduon ke rape karwaye,1,140,['lund'],1,8,1
abe bhaag ke india aa ja wahan ke gay sheikh rape kar ke murder kar dete hain,1,77,[],0,0,0
jis baba n rape kiya use k liye pure sahar m aag laga di kya insaf sirf hindu ya muslim dekh kar kroge,0,102,[],0,0,0
teri maa ko rape kiya tha musalmano ne toh tu musalman bana hum ladte rahe par islam nahi kabool kiya tabhi,1,107,[],0,0,0
sare terrorist jihad ka naam pahle lete hai baad me musalmanmeri bahen ka rape karne gaye mullo ko woh gagar muli ki tarah kat degi,1,131,[],0,0,0
hamare yaha purusho ko ram mana jata hai aurato ko devi lekin mulayam singh ne ram bhakto par goli chalwayi aur rape karne walo ko chut,0,135,['chut'],1,8,1
ye muzaffarpur ki hindu ladki k sath jo hua beefrapecoversion uske bare m bhi chillayen pls haryana m bhi jo rape kand hue uspr bhi,0,131,[],0,0,0
year ye rape nahi tha wo dono ka toh chakkar hi tha beti dhikabe ke liye,1,72,[],0,0,0
innocent girls ke sath hi to gurmeet pitaji bankar apni betiyon ke sath rape karta tha to aise hi honeypreet ke sath kiya,0,121,[],0,0,0
sunny pagi ye baat toh kabhi sahi hai but un logo ko aap kya kahege ko kisi ka bhi rape krke muder kr dete haiii,1,112,[],0,0,0
aap mulla mulayam ka rape per bayan bhul gaye,0,45,[],0,0,0
teri maa ya dadi bhi yhi kahti hogi jab muslims ne unka rape kiya hoga hindus ki nasal ho tum shak ho to dna test kra k dekh le,1,127,[],0,0,0
warna kal ye log mumbai odisha mp chattisgarh rajasthan ki har galiyo mei bhar jayenge aur har ghar mei murder rape conversion hoga,1,131,[],0,0,0
nirbhya rape apke hi time hua thabhul gaye,0,42,[],0,0,0
ye subha subha baba kedarnath ji ka puja karta hai or ashirwad main bhagwan se mangta hai ki hatya sex rape kaise kiya jaye jai ho baba,1,135,[],0,0,0
randi ka aulaad rohingya muslim tumhari sister ka rape kiya kya jo itna nfrat hai unse hizda ki aulad insaniyat tmhare nhi h,1,124,['randi'],1,8,1
aray yar ye gang rape ki padaish hai is k walid ko q khostay ho,1,63,[],0,0,0
ab akhileshwa nahin raha cm to ahir log sarkari jameen par kabja karna chhod ke scs ki betiyon ka rape karna band karke quran padh rahe ho,0,138,[],0,0,0
jo ek dusare ke prati dvesh ki bhawana n phailati dhr sare murder aur rape nahi hota,0,84,[],0,0,0
yar ye gang rape ki padaish hai,0,31,[],0,0,0
tum logo ki bakchodi se ek achha khasha thought ka rape ho gya,0,62,[],0,0,0
america main har mint main ek rape hota hai aur india k rapes ka to sab ko hi pata hai delhi ka kya hal hai,0,107,[],0,0,0
ye modi sarkar hai bhakton k rape bhi qubool hain albatta tufanoqahar barpa denge,1,81,[],0,0,0
abey fatey chutad apni g bacha chinese se pakistan ka rape kar rahe hai,1,71,[],0,0,0
teri maa yaa behen ka tho rape nahi hua kya jo itna bhok raha hai,0,65,[],0,0,0
ya unka rape krke bhaag gye ho sant bnne ke liye,0,48,[],0,0,0
rss walai shadi kyo nahi kartaishaka mein ja kar mardangi khtam ho jati haitumlogo to rape thread bhi mat do woh bhi nahi hoga tumlogo sai,0,138,[],0,0,0
tu apne beheno ka rape krta hoga,1,32,[],0,0,0
abhi tera rape karugiii,1,23,[],0,0,0
sir utter pradesh ke kairana me ladki ke saath ghar se utha kar rape hua kya aapke pass iske liye time hai ki koi use bhi dekhe,0,127,[],0,0,0
sir uttar pradesh ke kairana kasba me ladki ko uske ghar se utha kar rape kiya gaya aur police ko batane par police,0,115,[],0,0,0
inke bare me kya kahoge jo shadi kiye bina saal ki ladki ka rape krte hain pictwittercompqtjfwl,0,95,[],0,0,0
ek taraf didi bol rahe ho dusari taraf usi didi ka rape hone ki baat kr rahe ho apna zamir bech k jhutha arop lgayenge hvo kaha ki masoom,1,137,[],0,0,0
koi osse rape hi na kar day,0,27,[],0,0,0
abe bjp wale neechtai ki hadd par kar chuke hai isi k liye jasoosi rape bhadwa giri,1,83,[],0,0,0
rape kiske raaj me ni hua bjp ke satta me aane ke baad india ki khabar lena bhul gayi kya kitne rape huye aur litno ko saja mili chamchi,1,136,[],0,0,0
teri q na sister ka rape ho jaye,0,32,[],0,0,0
ji janab aysa hi hai ladki k sath chhed chhad rape ladke karte hain or beizzati ladki ki mani jati hai,0,102,[],0,0,0
chamba house mn apni he bhen se rape kar k qatal kardo aik larki se ofshore nikah karo phr use kar k mukar jao kisi ki biwi pasand aye to,1,137,[],0,0,0
sapai muwaje ko le ker na bole yaad kare jab akhilesh her rape pidit ko fir aur janch ki bajay laakh muwaja ki ghos a ki thi,1,124,[],0,0,0
yad rkhna takshk ki trh hindustan me koi jrur paida hoga jo apne purwaj ko hue rape ka mulle se bdla lenge lekin uchit tarike se,0,128,[],0,0,0
bhagat singh ne kya ram ram japa tha angrezo k sath nirbhaya me tere hi bhai log ne rape kr k rod bhi dali,0,106,[],0,0,0
sir up ka kuch bhi nhi ho rha hai janta ap ko bura bol rhi hai mai ap ka ek supporter hun like crime rape jobs,0,110,[],0,0,0
jashne azadi se phele hasre azadi ya laparwahai ki azadi rape ki gundagardi ki nafarat ki nasha ki rab khair kare,0,113,[],0,0,0
bhai rape me fir na likhne aur gaytri ko bachane ki poori koshish aur mulayam ka repist kahne per sale baap bete to road per kheecha ths,1,136,[],0,0,0
bilkul ho rahi jaanch bhi ho rahi tum bhi bolo ki sapa raaj me rape hota tha aur fir ki jahag repist ko bachaya gaya bolo,0,121,[],0,0,0
kyo ab hatya rape ni ho rha h,0,29,[],0,0,0
agar sanghion ki behan ka koi dusra sanghi rape kar de fir bhi ye apni behan ko hi galti manega,1,95,[],0,0,0
manu ne teri maa kaa rape kiya hoga ho tu paida huwi,1,52,[],0,0,0
ye to ek dukhad ghatna hai sirjee hatya to aapke raaj me hui this rape extortion scam aur na jane kya kya bhul gaye kya,0,119,[],0,0,0
hindustan hai rape aur bhok en pehchan hai,0,42,[],0,0,0
bhosdi ke ab to bjp ka sasan hai ab ku har roj rape murder ho rahe fekna band kar,0,81,[],0,0,0
youth tak pahonchne me liye zinda rahana chahiye aur zinda rahne ke liye rape nahi hona chahiye,0,95,[],0,0,0
aur akhilesh rape yukt serkar chalata tha khoob rape karo him bachayenge,1,72,[],0,0,0
sapa raaj me se uoer ladkiyo ke sath rape hua tha isteefa manga tha,0,67,[],0,0,0
akhilesh raaj me hatyaye aur anginat rape aur repist ko bachane wake akhiluddin se istifa maanga tha,0,100,[],0,0,0
aisa islamic rule in desho me aaya tha ki wahan ki musalman abadi kaanp uthirape murder loot sab kuch kiya so called islamist rulers ne,0,135,[],0,0,0
bhai tum ne un maa se ne pucha kiya jinke beti ka rape unke aankho se samne noida mann huwa tab kya action liye tum logo ne,1,123,[],0,0,0
is pic ka tune rape kar diya,0,28,[],0,0,0
bhai parhi likhi baatain mat kiya karo inn ko samjh nahi aati haan koi loot maar karni ho kisi ka rape karna ho to inko batao,1,125,[],0,0,0
tera rape karne koi hayega to tu kolke degi ya pattar maarke bagayegi,0,69,[],0,0,0
inna rape kiya uska,0,19,[],0,0,0
unhe marna zabdasti mazahab tabdeel kara aur rape karna hi aata hai us ke toba karli jalad ke jalad rahe aur haath se jannat na gayee,1,133,[],0,0,0
aaj to mantri ji ka rape ho gya,0,31,[],0,0,0
delhi nirbhaya rape aur hatyakand me ladke kaunsa mp ya vidhayak ke bête they,1,77,[],0,0,0
samaj sewa mc inka samaj sewa matlab rape murder hai khali,1,58,['mc'],1,10,1
aap jaise netaao ki wajah se yeh baba jindaa hai fir rape karte hai yaa phir lutte take action please,0,101,[],0,0,0
hinduon ki rape aur ek muslimistaan banne par hi jababi ansari ko khushi milegi,1,79,[],0,0,0
but chamcho ko gandagi hi pasand haighotala aur rape kerne wale,1,63,[],0,0,0
yaar in patawario ko kaho ke yeh jalsay chorain aur nab ki tayri karaincase lara nahi jai ga aur rape victims ki tarha kahain gy ziadti,0,135,[],0,0,0
hamare hindustan me aaj kal ye desh bhakti nahi ho raha hai raquatkhunbhakti bahut ho rahai hai or rape bhakti bahut ho raha hai,0,128,[],0,0,0
gaurakshakon dwara apni manmaani ke case ka aankda bataorape case ka aankda batao tbhi hogi na mnn ki baat,0,106,[],0,0,0
yogi ko istefa dedena chahiye kyun ki flop sarkar ho chuki hai aaye din up me rape or murder ho raha hai,1,104,[],0,0,0
aur akhilesh time me jitni ladkio ke sath rape hua aur murder hua usme teri bahan hoti to teri bhi hekdi nikal jati,0,115,[],0,0,0
akhilesh ke gunda raaj rape ghotala not fir rapist ko bachana in sab per bolne aaye the nahi na ab bhoko jor se bhoko shor se,0,125,[],0,0,0
filhal toh behanchod zindagi rape kr rae hai,0,44,[],0,0,0
sahi baat jab akhilesh ka gunda raaj tha rape hote the aur rapist ko bachaya bhi jata tha tab ye chamche kaha the ab sab better hai,0,131,[],0,0,0
or madam us time kaha the job tmlogo ne kashmiri pandit ko mar rhe the aur thousands kashmiri pandit mahilao ka tere logo rape kiya tha,0,135,[],0,0,0
bicharo ki larai badh mai jilekin masoom baccho ka death ho jana noidagorakhpur mairapemurderlootera raaj ye kaun sa bichar hai,0,127,[],0,0,0
hum to lagta hai ki sanghi aur bhakt ko mandir me ye sikhaye jata h ki koi teri behan ka rape karega to bolna meri behan ka hi galti hai,1,136,[],0,0,0
rape ke liye death of sentence rape ke week ke andar deni chaiye,0,64,[],0,0,0
india ko online kaam aur vikas nahi balki medical education aur rape ke liye death sentence lana chiye,0,102,[],0,0,0
kuch ansari jaise log bahut barso ke shadishuda hone ke bawajood bhi toh maze ke liye rape karte hain,1,101,[],0,0,0
mujhe lagta hai kay fawad alam nay inzamam ki beti ya biwi ka rape kya hai isi liye usko pakistan team mai select nahi karta,0,124,[],0,0,0
ne kairanasahibabadbuxar se hindu ko bhagaya ar hindu ke ghar tode jalayahindu girl ka rape hone diya,1,101,[],0,0,0
ye tabhi hota hain jab aap phone ka samuhik rape kar do,0,55,[],0,0,0
kisi ka rape ho jaye to wo pehle hi mar jati hai or aas pass ki aorten saath dene k bajaye taana de de kar maar hi daalti hain,0,126,[],0,0,0
akhilesh ji ap kya karenge ager yogi jimmedar hai means saal hatya rape ke liye ap jimmedar the to chup hi raho aap,1,115,['chup'],1,1,0
bhai alam yeh bahut chota problem hai aapko mudhe uthane chahiye jaha rape murder ho rahe twitter se bahar niklo,0,112,[],0,0,0
bas karo aunty aaplog ka gentle rape ho chuka haitumhare pass kya proof hai woh dhikhaukiska b open lettwr mat dhikhau,0,118,[],0,0,0
brahma ne rape nahi kia sirf bura socha aur isiliye hum uski pooja nahi karte mohammad rape kiye phir bhi uska kaahe chate ho ye btao,0,133,[],0,0,0
ye jo hr jagah chher chhar rape murdr ho rahe hain inko hlke mein na lein its large scale sajish on street level,0,112,[],0,0,0
police crime karne valon ki pooja kare kya kal aapka rape ho tho uske saath kya karna chahiye aap khud batao badi badi baat karti ho,0,132,[],0,0,0
rape ki tou app baat karo matt warna buhat zaleel hoge,1,54,[],0,0,0
ab khichadi tu kar rha hai baat rape ki chal rhi hai,0,52,[],0,0,0
koi wakai sacha hai to rape nahi karega,0,39,[],0,0,0
aaz k time m brsh m rape kar sakta hai bahut se tablets hai,0,59,[],0,0,0
brahma apna beti saraswati se rape kyu kiya ye kaun bataye re,0,61,[],0,0,0
sapne me rape huasabere case file kr disaboot kahan se laaige,0,61,[],0,0,0
jin ladkiyon ka rape hua wo ab tak samne kyu nhi aayi,0,53,[],0,0,0
kutte ka rape karne wala islam se tha,0,37,['kutte'],1,2,0
nichta ki had h rape kisi ka karna aur sharm ki baat h jinka rape hua h use hi apradhi ki tahar bartav katna,1,108,[],0,0,0
ab marina se ye phoocho ki baba ne marina ke saath kitne baar rape kiya aug se kahan thi ye kiraye ki marina or kitne paise mile h ise,1,134,[],0,0,0
dhara gya hoga tabhi rape ka dard mehsoos kar rha jai,0,53,[],0,0,0
tumhari army nay waha rape aur murders kiye hain,0,48,[],0,0,0
agar yaha rapes hote bhi hain tou ratio india wala nahi hai zara apna ratio dekho ja k tumhari har gali main rape ho raha hai,1,125,[],0,0,0
ye bhooosreee ka plate form per rape k nateejay mai paedaaa honay walaa haraaam zaadaa hai kon,0,94,[],0,0,0
ye sajis nai h gundagardi h tum jaise log hote h jo ek ladki ke rape hone pe bolte h ke zarur ladki ne uksaya hoga,1,114,[],0,0,0
sahi baat har aurat mein devi hoti hai to kameene rape kyon karte hai pahle aap iska jabaab do kya honeypreet koi special breed devi hai,0,136,[],0,0,0
this is wrong info pakistan main rapes na hone k barabar hai mainay apni poori life main ajj takk ek bhi rape case nahi dekha yaha,0,130,[],0,0,0
ladkio ke lie kab debate karoge sal ki ladki ka rape hogya us darinde ko fasi konsi date ko horhi h puchiye zra sarkas se,0,121,[],0,0,0
ye aik bura kaam hay isko musalmano ka naam mat dojaisay jab beti bana kar baba ram aur bhakt bana kar asaram rape kartay hay,0,125,[],0,0,0
aur amma g itne salon se rape karwa k kya kar rahi thiusk ummidwar banne ka intzar hiiiiiii,1,91,[],0,0,0
anant singh arun singh omparkash janadan sriagrawal ye hatya rape gunda gardi kre to bht accha,1,94,[],0,0,0
abey saal see wrong translation ke chakkar main lakhon log nar diye aur rape kiye mullon ne kiska ullu bana rahe ho,0,115,['ullu'],1,1,0
manoj upadhay teri beti asharam rape victims hoti ya apki biwi soti aapke baapu ke saath u sure post here thanks bapu bolte sudhar jao,1,134,[],0,0,0
rape jo guna bad gye hain up mein murders bad gye hain usko bhi roko,0,68,[],0,0,0
roza rakhi muslim larki ko hindu up police ne train me rape kiya ish kiya bologe hutiya sanghi bhakt,1,100,[],0,0,0
vakil ko fansi ki saja me kroorta dikhti hai saal ki bachi k rape hota hai usme kya dikhta hai uske sath ky kare,1,112,[],0,0,0
madam chor do ho sakta hai kal ko apka bhe ho jiye,0,50,[],0,0,0
bt ye crime bate tum log nahi karo to acha hai bc sal ki bache bachio ko delhi wale rape karke mar dete ho aur bach vi jate hai kyu,1,131,['bc'],1,10,1
ek hindu larki ki hi rape hoti hain akhir,0,41,[],0,0,0
india main rape ho rahe hai to pakistani ki ladies kya namaz padkar pregnant ho rahi hai kya madarchod,0,102,['madarchod'],1,10,1
esne case kiya hua hai rape ka salariya par chargesheet court mein submit ho chuki hai,0,86,[],0,0,0
delhi ka malik hai na goa aur punjab walo ne rape karke bheja hai varanasi se to nanga hokar aaya tha isko sambhalo nahi to gang rape,0,133,[],0,0,0
jaha rape hua hai beta mere lal,0,31,[],0,0,0
up ki gov kiski h koi din nahi jata jis din rape na hota ho ladaki ka kya guzarti hogi unke ghar walo pr,0,104,[],0,0,0
congress k netao ya kah lo poori congress se esi leye to janta ghrina karti hai ek pe sukanya devi ke rape ka aarop laga magar koi jaanch,0,137,[],0,0,0
hrithik ne ekdum gentle rape kiyai salute hrithik,0,49,[],0,0,0
gaurilankesh ke gharwale aur leftist goons ne kerala me darzano hinduon ko mara unki betion ka rape kiys wo kya diwali manayenge niet sahikr,1,140,[],0,0,0
muslman ladkon ne up mein dalit samaj ki do ladki se badtamaji ki uttranchal mein rape karnataka mein qatl us par kyun kuch nahin bolta,0,135,[],0,0,0
theek hairape to nahi kiyadesh chalta hai,0,41,[],0,0,0
yeh chipkali shivaay pe kuch bhi ilzaam dal shakti hai rape ka bhishivaay has no proofulta media pe biwi declare kar chuka hai,0,126,['chipkali'],1,1,0
abe had he hogayi koi bi god kaise ban jata hai common sense nahi in lokon ke pas isiliye godman kehkar ladkiyon ka rape karte phir bi sudar,1,140,[],0,0,0
deshdrohi hum nahi aap ke mandir ke pandit hai jo rape karte hain,1,65,[],0,0,0
modi ji hamare pm aap kuhub bhasan dete hai kya school me rape ho raha hai aur aap kuch nahi bol rahe hai,0,105,[],0,0,0
jab rape case ki saza month me nahi dijayegi wo bhi sirf fansiya cutt private part of rapistno one can stop rape in india pathetic law,0,134,[],0,0,0
ki bajyon ka rape,0,17,[],0,0,0
sabse jyada crimerapemurder delhi me hi hota hai aur tum log bjp ki bat karte ho agar india se delhi nikal jae to desh se crime khatam,1,134,[],0,0,0
aj kal yogi aor sadhu rape kr rahe hai na osi se dahshat hogi,1,61,[],0,0,0
vaise tumhare yaha to kidnap rape hota hai na,0,45,[],0,0,0
aur rape krwate raho,0,20,[],0,0,0
bhai ye tera bhi rape karke khoon kar dega,0,42,[],0,0,0
tere behan aur beti ka rape karega dahi bhale wale ki aulad,0,59,[],0,0,0
madarchod k bachy rape ki ulad ye dikh pictwittercomaqlmbxjm,0,60,['madarchod'],1,10,1
saal ki aisha banaye jab saal ka buddha uska rape karne wala tba,0,64,[],0,0,0
filmohwale long so acchi batain karte hain rishi kapoor ki roz kisi na kisi ladki ke sath affairs rape ki khabar aati hai,1,121,[],0,0,0
jb un ghatiya logo ne navratri k dauran saikado kanyao k rape kiya to aap andaj laga sakti haiki aanewala waqtbetiyo k liye kitna bhayanak,0,138,[],0,0,0
is gandhi pariwar ne to bharat maa ko apni bibi maan liya jo chaho kro but kutto bibi ke sath rape nhi krte ye to jante ho,1,122,[],0,0,0
asaram ki rape sperm ki oulad how many medical visas tum logo ny issue kiya give details tum logo nay kon sy free diyya hea chutiya,1,131,['chutiya'],1,5,1
pagal tumhari ek bhn ki izzat luti thi ram raheem ne jise rape case main sja hue h aur tum uske against the haryana main yd aya doob k mr ja,0,140,['doob'],1,1,0
abhishar singh ne jabse is akshat ki maabehan ka rape kiya hai tabse akshat sabko mc bc bolta rahta hai muted,0,109,"['mc', 'bc']",1,20,1
sir gud eveningaaj fir ek bache ke sath rape hua hai school main delhiplz koi aisa law ho ke rape victim ko no umerkaid sidha fansi,0,131,[],0,0,0
qoran me gardan katane ko kah gaya wah rape aur kisi ka katal kanre par na ki janwar katne per,0,94,[],0,0,0
case kya study karna usko bada arman tah tihar jane ka rape kiya chala gaya chor tangeywala,1,91,[],0,0,0
baba ke baare me childhood se jaante ho police ko pehle kyu nahi bola baba ke rape ke baare mein jaldi jail jaata to kam logo ko fasata,0,135,[],0,0,0
ha yaha ke bache bhi teri amma ki rape kar denge porki chut,1,59,['chut'],1,8,1
tu apni maa aur behan ki gand sambhal suna hai rape boht sasta hai india mekahin koi teri maa aur behen ke gand ka rape na kare koi,0,131,[],0,0,0
tu hi bata de bhai tere mla ne kitne rape kiyekitni naqli degree bechi kitno ne jnu jakar anti national slogans lagwaye,1,119,[],0,0,0
dekhiye mai ye maan sakta hun unhe rape case fansaya par hamare sur ke andar jo hai vo sabhi me barabar vidyaman hsifir aapke guru itna,0,135,[],0,0,0
aapke guru ji ke paas itni dhsn daulat hsifir bhius parivar ko mana nahi sake jinhone in par rape ka case lagaya agar doosra kharid sakta,0,137,[],0,0,0
rapest lol cop villain ka roll tha salman ki film me kiss hote hue nahi dikha sakte rape to dur ki baat hai,0,107,[],0,0,0
kya tumhari m likha hai kro,1,27,[],0,0,0
zardari ki misal uss tawaif ki si hai jo tawaif bun kr haram kmaye aur tawaif kehne wale par rape ka case dhonk de,1,114,[],0,0,0
feer teko pata chal jayga kon rape karwa raha hai aur kon nahi,0,62,[],0,0,0
desh me rape ka kanoon har ek sant ko jail bhejne k liye bna hai jaisekyun asl balatkari to jagh jagh ghoom rhe hai,0,115,[],0,0,0
niyog pratha optional he kisi pe thopi nhi jati lekin tum mulle apni ma behno ka rape karvane khud chor k ate ho kya purposes he,0,128,[],0,0,0
kyuki rape pidit ki hi nahi uske aur uski family reletive aur ane wale kal ki bhi jindgi barbad ho jati hai,0,107,[],0,0,0
sirf hindu santo par hi nishana kyo medical report me rape nahi fhir bhi rpiest kiske kahne se kaha,0,99,[],0,0,0
yani apni patni ka rape karvane ki dharmik bhavano ka season,0,60,[],0,0,0
aey abdul tum saala bakre ka rape kaahe kiye bey,0,48,['saala'],1,2,0
ye rape nahi vikash paida karne ki koshish haichalo chalen modi k saath jab kender aur rajaye dono mein ho bjp ki sarkar tab ho pura vikash,1,139,[],0,0,0
kash koi us kisan ke ghar bhi jata jiski sal ki bachhi se rape karke mar diya un wamio ko sertificate de rahe the janab dogla patrakar,1,134,[],0,0,0
sucha singh langah ek hor neta rape ke case main police custody mai kaya baat hai shame,0,87,[],0,0,0
pehle jao babao ke ashram me apni behnoooo ko bachao rape se andhbhakt kahi ke fir modi ka andwa chaat na,0,105,[],0,0,0
dekho amit ko ktna bada bat bola sayad isko apne bhgwan k bare me nhi ptaindra ne rape kiya tha bhul gyeram ki sita ka balatakr ravan kiya,1,138,[],0,0,0
idiot told a reporter tumhari ma behen to nahi rape hui na phir kyo fikar karte ho sharm se doob mar saale,1,106,['doob'],1,1,0
jis desh mein annadata ka insult ho women ka rape ho who desh backward hi kahan jaata hai wheat n rice kya japan se aayega,0,122,[],0,0,0
agar aap ko rape ka khadsha hai to please gawah ka intezam advance main kariye munawar hassan ka ji womens wing se khitaab,0,122,[],0,0,0
uska land juhsleh sala suwar ka awlaad yeh harami logoh neh tera maa behen ko chodaa taa tum sab ko yeh goreh log rape kiya taa salaaa,0,134,[],0,0,0
up to sambhalta nhi rooz hatya rape dakati ho rhi hai sahab kerala ja kar kanoon bewastha theek karenge,0,103,[],0,0,0
haa ji to mera ye hi to kehna hai fir bhi kyu india me hi rape hote hai koi islamic state me kyu nai hote,0,105,[],0,0,0
to kya hindu ko ye hi sikhate hai ki maa ki ijjat karo or dusri girls ke saath rape karo,1,88,[],0,0,0
to jyadda tar rape india me hi kyu hote hai,0,43,[],0,0,0
mp mai kisaan mar diye vayam ghotala hua aajtak shivraj chauhan ko bacaha rakha hai hariyana mai jaat andolan mai ladkiyo ke rape huye,1,134,['jaat'],1,1,0
rapistan to sirf india hai bhai tum log to apni man behan ka b rape kardete ho make toilet,1,90,[],0,0,0
berijgari bhirastachar rape ananyay chori aur garibi,1,52,[],0,0,0
dara sacha sauda gurmeet ka rape center tha janha ladkiyo ko trap kar gufa me bhejti thi,0,88,[],0,0,0
tum konsa ka statement de rahe ho tum bhi to jhut bol rahe ho rapist gurmeet k sabhi rape me bhagidar hai,0,105,[],0,0,0
ek hybrid dna hai rape ki paidaish or ab yaha attitude dikha raha hai,1,69,[],0,0,0
tu bach gaya hindu rape karta hai to teri bolti band hoti hai wah saale wah,0,75,[],0,0,0
proof police k pass hai tabhi to arrest kiya hai rapist gurmeet ram rahim k sabhi rape k bare mai janti hai,0,107,[],0,0,0
bachhon ko maarna aur dead bodies ko rape karna kerala walon se nahi hoga bhogi ji,0,82,[],0,0,0
kuch to mudda mila bat karne kawarna tumhare govt m to ghotale aur rape chorkar aur kisi mudde pe bat hi nahi hoti thi,0,118,[],0,0,0
ab kya bachcho pe bhi rape threat ke case lagwayengi ye,1,55,[],0,0,0
bahut harami log hai bhaikisi injured ko thodi der dekh bhi liya to bolenge tried to rape her with naked eyes kitna sambhaloge,1,126,[],0,0,0
kitne rape hue kiski sarkaar me ye ginnane ki zarurat nahi hai koi world record nahi banana hai,0,95,[],0,0,0
haan baat hai reenu g kuch to baat hai tabhi rape kiya na but vo baat negetive wali hai positive wali nahi aur followers to andhe hai,0,133,[],0,0,0
tumhari amma ka rape mera baap kar chuka ab papu karega tu video banake paise kama lena,1,87,[],0,0,0
ye h rape karvane ka sabse safalsurakshit tarika,1,48,[],0,0,0
aur mai ye tere hi ketab se btaunga ki krishna dosro k patniyon k sath rape krta tha,1,84,[],0,0,0
but doklam me china ni aaya to rape hone do koi baat ni,0,55,[],0,0,0
pahle apne gireban me jhanko pappu jahan rape hone ke bad neta ji bolte the ladke hain galti ho jati hai wo aapke mitra the,1,123,[],0,0,0
koi paster rape kare toh church ko bhi band kar dena chahiye as per your logic,0,78,[],0,0,0
jamoriat londi hai nawaz league roz rape hota,0,45,[],0,0,0
jo khud kahta hai ki rape krna koi bada gunaah nhi hai wo kya karega,1,68,[],0,0,0
hanipreet ko dekhkar aisa lagta hai ki baba par bhi rape ka case jhutha laga diya hai,0,85,[],0,0,0
ye sali honeypreet drama kar rahi hai ye vi kitne ladkon ko rape kiya hoga,1,74,[],0,0,0
ye video rajasthan ke batai ja rahi h yahan par na baligh bachyon ko utha kar rape kar k wapis ghar par chod jatay in zalimon k saza dilao pictwittercomvwtdndts,1,160,['chod'],1,7,1
mohmad kesa prophet uske hi blind follower ki saal ki beti ka rape kya or tum mulle aaj tak apni ma betiyo ka rape karte or karvate ho,1,134,[],0,0,0
are ek paigamabar sal ki aysha ka rape kiyaa the use aaj hota to to tihard me hota,0,82,[],0,0,0
baise hi hai kai si aurto ka rape krte waqt jai sri raam bolna aur jo allah hu akbar bol ke jaan leta hai bo islam nahi hai,0,123,[],0,0,0
koshish ki poori family ko dande or sariyo se maara meri choti saal ki behan ka rape karne ki koshish ki,1,104,[],0,0,0
fauj wale bhagwan to hote nahi hai ki unse koi gunah na hoasaboot dakh lo ek ladki ko train ki bogi me khech ke rape kiya pictwittercompxdzilpb,1,143,[],0,0,0
abhi ap batao koun sa daram rape karna sikata hain,0,50,[],0,0,0
america europe me movie achhi thi fr b wahan rape ho rhe,0,56,[],0,0,0
wo sala chutiya rapist gurmeet dharm ki aad me ladkiyo ka rape karta tha sala ek no ka fatu tu,1,94,['chutiya'],1,5,1
janta ka palayan rape murder nahi dikha jo hua galat hai but uske liye kaun zimedar hai army ki sachai kya kch bhi jante bus trp badhao,1,135,[],0,0,0
tera bhai jo rape k dhara mai jail mai hai madarchod pehle uska jawaab de re madarchod yeri behan ka koi rape krra th kya hota,1,126,"['madarchod', 'madarchod']",1,20,1
tab to tumhare hisab se pakistan sabse shant desh haibharat me kabhi koi atankwadi hamla nahi hua aur rape case to bharat me kbhi huye nhi,0,138,['atankwadi'],1,4,1
shivay ko trust tha om rape nahi kar sakta but om ko shivay ke lye jhoot nahi bola gya,0,86,[],0,0,0
aisha ka rape saal kee umar may hua tha ya nahee ek saal kay deemagee beemar aadme say,0,86,[],0,0,0
ha huwa to h jaghe jaghe gunda gardi mar peet hattiaye rape patrol or aapka apna wikaas janta ko to bhikari bana diya aapne,1,123,[],0,0,0
khudaneapnebandokoamankapaigamlekarbhejahaiyarapekalisensdekar,0,62,[],0,0,0
media kya jane ruhani duniya ko isko to rape k bina kuchh dikhta hi nai,1,71,[],0,0,0
ye log mandir me hi q jakar rape krte kaya bi sabse safe jagha hai jab dekho mandir me hi rape ho raha kaya ye hindu dhram hai,0,126,[],0,0,0
hope trailer achaa ho bro warna karni sena waale rape kar denge,0,63,[],0,0,0
up mein rape aur murder kab tak taal thok ke,0,44,[],0,0,0
bomb fodna jayej h islam mai logo ko marna jayej h rape karna jayej h sab jayej hi h,1,84,[],0,0,0
sir is se pahle rape free kijiyechoti choti nanhi angels k rape ho rhe h ise swachh karne ki zarurat hekathor saja honi chahiye,0,127,[],0,0,0
phele toh rohingya muslims ne buddhisthindu logo ko mararape kiyaconversion kiya aur ab apna randi rona ro rahe hai,1,115,['randi'],1,8,1
phele toh rohingya muslim ne buddhisthindu logo ko mararape kiyaconversion kiya aur ab apna randi rona ro rahe hai,1,114,['randi'],1,8,1
tum sare bjp wale mil kar mahilao ka rape karte ho aur empowerment ka gana gate ho sharm nahi aati tumko,1,104,[],0,0,0
yeh sab hindu satan mei hota hy bus mei rape rickshaw mei rape baap beti ko bech k paisay kamata hy larki ki padaish py usko zameen mei,1,135,[],0,0,0
jab tak naa lage rape charges,0,29,[],0,0,0
betion ko rape karne wale kitne nirdosh baap jailon meh band hain,0,65,[],0,0,0
fat toh teri maata ki tabhi fat gayi jab teri maata ko rape karke tere ko bahar nikaala,0,87,[],0,0,0
ye fauji na houn toh hindu roz tumhare maan ka rape kareinmadarchod kuttey ke bacho,1,83,[],0,0,0
jo insaan rape karta hai usi ke saath jaa rahe hain maadarjaat,0,62,[],0,0,0
ye isliye kyoki mai ye dekh raha hu kuch bhi ho bus sarkar per thop do kahi train hadazakahi pul hadsa kahi rape bus yahi kah do sarkar,0,135,[],0,0,0
allah ne bhi paigambar ki beti ko rape kiya hoga,0,48,[],0,0,0
jate ho dharmik log underage girls ke rape meinmandir gdp down karte hain ghareebi badhate hain,1,95,[],0,0,0
aur aap ja kr apni saal ki bahan ka rape karo jaisa apke muhammad ne kiya tha,0,77,[],0,0,0
aur nyayalay ne bhi aisa mana ki rape k case jhoote nikal rahe hai pictwittercomzmvshzpag,0,89,[],0,0,0
court ne dekha isiliye abhi tak doshi nahi mana lekin media ne yahi bataya ki rape ki pushti ho gayi hai aur sabhi log uski bat man gaye,0,136,[],0,0,0
bhi ye jail mai jayega rape case mai tera laptop or le jayega,0,61,[],0,0,0
mohabbat sahab se start hua tha rape ka jo sala apni beti ko bhi nhi chhodta tha,1,80,[],0,0,0
jhuthe rape ko bhi ye breaking news bana kar dikhate hai,1,56,[],0,0,0
jitne bhi atanwadi pakde gaye h na wo sub hindu h ek bhi muslim nhi or jo bhuchadkhane chala rahe h na wo bi hindu h or rape baba,1,129,[],0,0,0
kuch nhii hone wala uske sir pr kuch badey logo ka hath h tbhi toh khuleaam rape ki warning di h,0,96,[],0,0,0
train mein rape scene dekhna ban kar dena chaiye,0,48,[],0,0,0
hamari quantity jyada h magar kam tumhare yaha to hm se bhi battar rape ki saza rape,1,84,[],0,0,0
aur ye bhi kehta h k bht sare rape case to darj hi nhi hote ek to chota mulk hmare bhi population nhi hogi tumhari,0,114,[],0,0,0
pehle ye bhi dekh lo women k sath rape hota h pakistan me ye mai nhi tumhari khud ki survey kehta h pictwittercomltkjtjomsd,1,123,[],0,0,0
ye jhut bhi bol sakta hai bjp rss ka banda danga karwane ke liye so sahi se jach karo ye rape ki dhamki dene wala bjp ka hi banda tha pictwittercomgzulcbcps,0,156,"['banda', 'banda']",1,14,1
baal vivah to nitish sir aap roke rhe hai par rape rokne ki sapath kon lega,0,75,[],0,0,0
aacha qaid hai tumhara jo mulk loot ta hai qatal karta ha rape karta hai ghaddar bhi hai koi to aachi quality batao iss kuttay ke,1,129,[],0,0,0
jiski wajah se lk log mare gay baltkar rape huye use kaise shradhanjali,1,71,[],0,0,0
tera desh aatanki se bhara hai asal rape tum log kar rahe ho you bitch khud bhi waisi hai dusro ko waisa samaj rahi hai,1,119,['aatanki'],1,4,1
kitne bangladeshi k khoon se tumlogo ka haat ranga h ye pata h kitne bangal women ka rape kiya tha tere army ne pata h insaniyat ki basy,1,136,[],0,0,0
kashmir me kashmiri pandito ko marke aurto ka rape kia thabangal me bangali ko mara tha wo kon the aap ke dost,1,110,[],0,0,0
din lagne h buss anji ruk jana delhi to thag h waise bhi kitne rape bhi ho rahe,0,79,[],0,0,0
yogi yeh up mein kya ho raha hai aap poojapaath mein magan hain hain aur up mein police waals betiyon ko rape karne ki koshish mein lagen hain,0,142,[],0,0,0
aisi chapri jaise aankein teri takle koi avla naari kuwari na chute sabka rape karde yeh teekhi najre pictwittercomvpbqjvpeo,1,124,['chute'],1,7,1
apni khud ki badi huyi salary ka virodh karte kyo nahi kiya vidheyak bhi pass kar diya waah shame on you nibhaya gang rape ke juvenile ko k ki financial help b kro waah,1,168,[],0,0,0
teri ammi ka naam seeta tha kya kyu k tu usi rape ka nateeja hae,1,64,[],0,0,0
pehle garden main ja kr dekho koi teri behn ka rape to nie kr raharapistan ke kuttopta nie tu bhi kisi gang rape se hi paida hua ha,0,131,[],0,0,0
woh mulk jahan aurton ko rape ki ijazat twittercomnuyvpasu,1,58,[],0,0,0
akshay imram ne teri beti ka rape kr diya kya jo tu ise deshdrohi bol rha h,0,75,[],0,0,0
tumhare jaise muslim hate ke chalte kashmir me afspa ki aad me wala rape abduction jaise crime karte ho or puri army badnam hoti hai,0,132,[],0,0,0
nirdoshita k pure praman rehne pr bhi bapuji ko abhi tak bail kyu nhi di gayi jabki fir me rape ka zikr tak nhi hai,1,115,[],0,0,0
jis country mein cows safe aur humen ka murder free ho jhan chalti buses mein rapes hoty hon woh kya janein aurat ke izzat kesy ke jati hai,0,139,[],0,0,0
apni bahno ki hifazat kro jin ka roz rape hota hai phr dusro ki bahno ko garden main bulana,0,91,[],0,0,0
jit bny py mithai batny walo ab kiyon maa mr gae jab jit ny rape kr dia tumara or qatari maryam ka yar kidhr hy,0,111,[],0,0,0
sir himachal pradesh me ek ldki k sath rape aur murder huauske shrir k tukde kr diye gyewoh news aap apne channal me dikhao sir,0,127,[],0,0,0
hamre yaha rape hua tho hamne usse bhi condemn kiya tbhi tum bhi jaan paaye na hamne dabaya na kuch hame khud sharm mahsus hua,0,126,[],0,0,0
debate harega tho chup chap ho jayega kisi aur indian ko pakdega kaam dhanda kr apna desh dekh aur khus rh hame krne de rape,0,124,['chup'],1,1,0
bhagega tu tere jaise kitne na pakistani dekha hai tum kvi india aayega bhi nhi lekin rape ya muslim pe mar bakwaas krega,1,121,[],0,0,0
n supporters saying agar ns jaega to sb jaengy kyun bhai baqion ne tumhara rape kia hai k sab jaengy ganjey k sath,0,114,[],0,0,0
bhai pe ek ladki ne rape case kr diya haijhutha,0,47,[],0,0,0
wah rashan card banvane ke name par rape krne mms banane vale khud kajri babu par alligation hai aap me sab rapist hai aur chale sikhane,1,136,[],0,0,0
abe bhutni ke thik se gyan lele aur search maar pata kar apne bahan beti ke saath sabse jyada kon rape kiya hai,1,111,[],0,0,0
bas karo aab bude hai zyada rape bardashat nahin hoga,0,53,[],0,0,0
nirbhaya was raped by muslimsm pathetic community jis quam ki shuruwat aisha k rape,1,83,[],0,0,0
kisi besharam ky bachy agar cruppt log vote lain gy to kia wo teri behn ka rape kr sakty hain gandhi nali ki paidawar,0,117,[],0,0,0
india me to sar am movies me rape hoti hai be sharmo media se bhi pardha nahi kartay,1,84,[],0,0,0
sorry all of u sisters ye sarkar kabhi nahi chehegi ye wala niyam laagu ho kyunki rape in leaders ke jaan pehchaan hi karte hai pictwittercomqwbvivqqn,0,150,[],0,0,0
raju chandak ki pre planning ko jhute rape case mein fasane ki,0,62,[],0,0,0
tumhare allah ki ma ki ankhbc ab to sudhrowo allah haramkhor sal ki ayeaha ka rape karata tha aur tumusake gun gaate ho,1,119,[],0,0,0
har min main india main larki ka rape hota hai phir in hi larkiyon say tum log paida hotay ho or india army join kartay ho or raw,1,129,[],0,0,0
ladkiyo ko humare yaha rape krne ka sadhan mana jata hai yeh bhool gae likhna sir,1,81,[],0,0,0
kanchan ji punjabi kom ke saath rape hue the isse sikh aur hindu ki nazar se dekhna galat hain,0,94,[],0,0,0
suadiqatardubai k kanoon jo rape k hai wo india mein lagu karlo aurte surakshit rahegiek bhi rape nhi hoga,0,106,[],0,0,0
ladkiyo ke rape ho rahe hai or aap ladkiyo k liye koi kanoon nhi bana rahe ho,1,77,[],0,0,0
abbey gang rape hai ye aur pakistan me hua hai muje paki se kya lena dena,0,73,[],0,0,0
kuch toh kariye jaab humhari behne maa ka rape ho raha hai mara ja raha haikya galti thi is saal ki ladki kilachaar bana diya pictwittercomkrxobamedx,0,149,[],0,0,0
modi g kab tak humhari sisterwifemother ka rape hota rahegakuch karte kyu nahi hai aap logplz is ladki ko insaaf dilwaiye pictwittercomvxyeizwaf,0,144,[],0,0,0
kashmir pandito ko mara gya unki ladies ke saath rape hua kitne kasmiri pandit terrorist bane tumare jaise log support kr inka husla bnt,0,136,[],0,0,0
kya hota ja raha hai hum logo kya rape krne wale insaan nahi hote disgusting,0,76,[],0,0,0
sir chalti train m muslim mahila ka rape ho jata hai aur rape kaun krta hai desh ka sipahi ab kaha gyi aapki tasalli,0,116,[],0,0,0
himachal mai ladki ke saath rape kr murder kr diya,0,50,[],0,0,0
sarkar hi esi baat par bani hai hamare city mai to cow se rape ka case kar diya pitne ke badmedical semen sab check huajan lene wale the,0,136,[],0,0,0
rape toh kar sakte hain,0,23,[],0,0,0
ek patharbaj va petrol bam feknewale ko manavadhikar lac ka muwavja inaam de sakti hai to rape pidit ko kyo nahi it means safed jhooth,1,134,[],0,0,0
to pehle wala rape itna arsa qabl hua tha ke bacha bhi hogya aur ab wo usay dobara sonay par majboor kar raha tha maqsad kya tha uska,0,133,[],0,0,0
kyun hitler ne kya nani ka rape kiya thaa,0,41,[],0,0,0
once a chutiya always a chutiyaik aut apni ammi ki nakam mohabbat ki nashai dekh jab fawad teri baji ka rape kar raha tha pictwittercomqhzjsuradf,1,145,['chutiya'],1,5,1
jisne kiya wo congress nekiya he aaj b riots hote he usme congree hindu women ka rape karti he sacchai pad lo,1,109,[],0,0,0
adha pakistan aur adha christian le gaye tumahre apne desh chod bhag gaye canada uk me bacha kya hum aur tum rape kiya kya kabhi,0,128,['chod'],1,7,1
desh me abb subse jyada ekk cheech chalraha he rape jiske pass paisa he vo kuch be karskta heusee to vip banakar rakta he,0,121,[],0,0,0
isse pyr hogaya kya suvr isse kissi k rape nhi kiya tere suvr bhaiyo n kiya wb mn,0,81,[],0,0,0
tum logon ne indira ko mara uske baad hua agar tumahra genocide aur rape karna tha to tumko tak hi kyu rukhne dete hinduakal lagao na,0,133,[],0,0,0
ess kaam ke saat saat jo apna desh ka rools be change kardiya too kushi hongi rape murderye subb karne valeko paasimeladkkana,0,125,[],0,0,0
kis invader teri maao ka rape kiya,1,34,[],0,0,0
kiske rape ki aulaad hai tu pehle pata kar jake,1,47,[],0,0,0
aj india me baap beti ka rape karta,0,35,[],0,0,0
simple haikoi apna ghar redlight area mein banaega khud racket chalaega tho rape hi tho dikhega nadhandha badaldo sabh theek hojayega,0,133,[],0,0,0
ye chorousa main rape ki tadad main shaded izafajamhori log women ki izzat nahi kartyaasma an tum khamosh kiunwo dosri bhi khamosh kiun,0,135,[],0,0,0
ye hamaaara hi kiyaa huwa h acharya ji agr hamaari army wanha julm naa karti unki betiyo kaa rape na karti unko maarti nhi to ye ab na hota,0,139,[],0,0,0
vo isiliye coz humare yaha adhe case se jyada case fake hote haibt vo bhi reprt hote hai apke yaha to rape case reprt hi nhi hote,0,129,[],0,0,0
rapha kata lain dari rape brarti,0,32,[],0,0,0
bata to baar tumahara rape kiya hai wo bhi anal,0,47,[],0,0,0
aur waise bhi hamne kaun sa teri behan ka rape kr diya jo tu hame rapsit bta rha hai tu saale jarur koi katwa hoga bc,0,117,['bc'],1,10,1
tri maa ka rape kea tha pakistanio nay haram k pilloon himmat tm kutto ma hti nae aao loc py maa bhen tmki na bhagaie to khna haramzaday,1,136,[],0,0,0
to ye batao ke army ne kiya hai ya nahi aise koi kritya koi ghalati hui thi kya rape rape hi hai koi karega to ghalat hi hoga,1,125,[],0,0,0
to kisi army wale ne rape kiya tha kya jaante ho to bolo warna bakwaas mat karo army me saare sadhu hain kisi se ghalati nahi hoti,0,130,[],0,0,0
hindu bhagwan ka naam le ke rape karte hai kya aur kya koi hindu unhe defend karta hai kya badi badi beard rakh ke,1,114,[],0,0,0
dino mai bohat vikash kiya up ny pura hindustan dekh raha hy rape murder etc yahi hy vikas,1,90,[],0,0,0
ho gayi siyasat logon ki jaan se sir kanun to pehle rape ka banna chahiye pehle balatkar rukni chahiye hindustan me fir gaye ki baat kr lete,0,140,[],0,0,0
brahma ne apne bitiya ka rape kia uske bare me kya kahoge,0,57,[],0,0,0
suar or kuttey k tatton apni maa behnon ko suar se chudwane walon rozana croron log rape hote hain randistan main photoshop k tattey,0,132,[],0,0,0
too apna khandan suar se chudwa kar aya hai tere randistan main tw rape bhi bohat hote hain lol rapist randians,0,111,[],0,0,0
ab to aap ye bhi bologe ki rape or atnk failane walon ke sath bhi modi ki sehmti hai warna unki kya himt,0,104,[],0,0,0
mama ke dabre se bahir a gaye ho kya baat hachote bacha ka rape howa tha qasoor me baad me pata chala ke tum b un ke sath theye ha hidmat,1,137,[],0,0,0
bulbul ji aashiq tera hi aap ke saath kisi musalman ne kar dari ki hai kya yeh gaddari nahi hai sali rape karte hain musalman ki tokri hai,1,138,[],0,0,0
kyu madhu apne upar bhi toh film banaoki tum kaise film mai role dene ka promise kar ke rape karte hopahle apne gireban mai dekho,1,129,[],0,0,0
doctor chutiye terrorist hindu bhi hailalu kon hai hindu uske bache hai aur ha k rape ya shaadi kisne aur konse bagwan ne ki chck kar,1,133,[],0,0,0
aur rape karne wale ka arey uska kya usme toh humare desh ko aur naam kamana hai,1,80,[],0,0,0
par har min me desh me rape hota hai,0,36,[],0,0,0
bhai anti romeo squad phle hi din banaya gayaaur mulayam singh yadav ne kaha tha ladake rape karte hai to kya hua galti se karte hai,1,132,[],0,0,0
agar desh me education bardega to rapes murder corruption kaam hoga,0,67,[],0,0,0
yaha hindu hi hindu ka rape kare tab koi nahi ata,0,49,[],0,0,0
gau hatya beef exports kashmiriyat ke naam par haivaniyat bengal kerala mein hindu ki hatya rape aur loot kahan tak sahega hindu,0,128,[],0,0,0
chinta kt kro beta madhur tmko tmri bhakti ke lie rajya sabha mn entry mil jaegi bo bhi rape ke aarop lge hone ke baad bhi,0,122,[],0,0,0
sir gau humare liye bht imp hai pr kya humare desh ki ladkiyan nahi haiaaye din rape ho rahe hai hum kuch nahi kr rahe,0,118,[],0,0,0
haan poocha usne ek din rape ke kosis par kar nahe paya kyonki wo hizda thaa see where is his wife,1,98,[],0,0,0
ali bhai aaj kisi ne uworld se deep rape kia hay dard horahi hay p,0,66,[],0,0,0
ye kya chlaa hai jab tak wo khatm nahi hote tab tak humaare desh me rape murder khatm nahi honge unhe faansi do plzzzz sir,0,122,[],0,0,0
humaare hindustan k logo ko pakistaaniyo se bdlaa chahiye jo apne hi desh me saal ki ladki k saath rape kar k use jaan se maar diya gya,1,135,[],0,0,0
sal ka bachcha rape kar deta hai tum to ghotale ki baat kar rahe ho mangadhant kahani banane se koi vishwash nahi kar lega,0,122,[],0,0,0
bach ke re tu bhai rape wape hojana h tera kisi din,1,51,[],0,0,0
ek din ayega ki tumahara hi rape hoga aur jam kad rape hoga,1,59,[],0,0,0
bhakto ka kaam sirf bhaukna hai wo b sirf yaha twitter par fir bjp it cell ki shift khatam karte hai aur rape karne k liye bandi dhundte he,1,139,[],0,0,0
rupa ganguly ko batao k rape yaha applicable hota ha iske baare me kya kahengi jab ladkiyo ko agwaa karke ye dhanda chalate h chupgayi kya,0,138,[],0,0,0
tuu kar ke dekh le rape pata chal jayega chua aapiye,0,52,[],0,0,0
isko dekh kr lgta h ye bhi kafi baar shikar hui rape ki,0,55,[],0,0,0
pahle sabutsach ko janiye parakhiye fir boliyefir dekhiye police ke statements dekhiyefir me rape ka jikra nahi aur aarop jhuthe hai,0,132,[],0,0,0
toh kya muhammad ne other religion ki auraton ka rape kiya unko kafir bol ke rakshas toh sab mulle aur pisslims hain answer me,0,126,[],0,0,0
sir ji gurgaon me ho rahe lagatar rape crime ko dekhte hue to aisa lagta nahi fir bhi aapko lag raha hai to aapki sarkar ko badhai,0,130,[],0,0,0
ye dropdi ji din mai rape ki garenty de rahi hailagta hai inho ne hi koi contract le rakha hainari k sammn wale kha h,1,117,[],0,0,0
himachal pradesh k kotkhai m kuch dino pehle ek gudiya ka rape hua aur use berhami se mar diya gya phir police me janch ki lekin wo,0,131,[],0,0,0
apko bhi pata hai rape victims ko insaf nhi milta hai aur baat choti states ki ho toh best anchors bh chup rhte h,0,113,['chup'],1,1,0
iska rape nahi hua ye to chahte he de deti he,0,45,[],0,0,0
jo bahar se aaye tum hare ancestor ko mara rape kiya forcefully convert kiya aur aaj me tum islamislam ka gana gaa rahe ho,0,122,[],0,0,0
mamta bannerjee ka rape mat karna vo iske lyk nahi haishemale,1,61,[],0,0,0
mari ukaaat ki baat karta ha kisi madchod ki ulad phele apne wahan k halat theek kr har mnt ma aik larki ka rape hota,1,117,[],0,0,0
hello sir please himachal shimla rape and murder case bhi dikaho apne news channel par koi bhi bada news channel nhi dikha raha,0,127,[],0,0,0
as if islamic nation pakistan mein rape hote hi nahi hai pictwittercomziobwtydxv,0,80,[],0,0,0
nabalik bachiyo ka rape karne wale ki khabar nahi dikhayi to itna bura kyu lag raha haitumhari betiya ghar me safe hai hamare mahan saint,0,137,[],0,0,0
wat is this nonsense jo witnesses mare gaye unka zimmevar kon h koi bhi lady khamakha thori khaegi ki mera rape hua,1,115,[],0,0,0
pndavo ne rape ni kiya tha maa k khne pr vivah kiya tha na ki din fatima ko bhokha pyasa rkha tha,0,97,[],0,0,0
abe bhai kya keh re ho soch to lo bhai yogi g ne kb rape kiya haa galat baat ni jo fact h vo bolo n ki kuch bhi bol doge,0,120,[],0,0,0
kashmir se kashmiri pandito k saath rape krenge unhe mar k apni hi jagah se bhagne pr majbur kr denge,1,101,[],0,0,0
teri aapi ka rape ho gaya,0,25,[],0,0,0
tm to th per ho jis ny rape karna hai india chala jaye,0,54,[],0,0,0
dikh raha kashmir me danga ho raha auraton par goli chal raha up me sp office ke peechhe gang rape ho raha ye hai sachchai,0,122,[],0,0,0
ek aurat ho kar aurat ki rape bat karrhi ha owh tum ko sarrm ani cahiy,1,70,[],0,0,0
hindu rape hindu girl,1,21,[],0,0,0
kas yisi tarah udh astar pe rape aur dacaiti ko v rok lete and murder ko,0,72,[],0,0,0
his tarah salman ne hiran ko nahi mara that usi tarah asaram ne rape nahi kiya tha,1,82,[],0,0,0
kaun sa hindu baccho ka rape karta hai chutiye,0,46,[],0,0,0
sirf rape hi nahin nikah karte hain aur musalman banate hain hindu ladkiyon ko patake bolte hain ajkal,1,102,[],0,0,0
sir me himachal predesh se hu sir agr apne social media me dekha hoga ki himachal k kotkhai me th ki student ki rape k baad nirmum htya,0,135,[],0,0,0
yeh toh aisi lag rahi jaise yehi kar de rape,0,44,[],0,0,0
kyunki unhe chillane pe trp milta hai uske baad woh jhoot nikle toh unhe usme interest nahi rehta,1,97,[],0,0,0
delhi gang rape k kamino ko abhi tk jinda rkha h aur ek ko to sudhar kendra bhej diya aur aanand pal ko farji encounter kra,0,123,[],0,0,0
lagta hai ki husbands rakhne wali draupadi bhi rape ke paida hui hai,1,68,[],0,0,0
aur wo jo sal pehle rape hua uska molestation ka chori hui uska pictwittercomcvpvrmvqd,0,86,[],0,0,0
adibasi mahila rape hua kuch samaj birodi k haat adbasi sab gusse may saher may aakr gussa dikhaya plz coverge kigiye raiganj,0,125,[],0,0,0
bilkul sahi kaha aapneaur agar koi rape and death threats deta ho to wo ek bhakt hai kyu ki asi sigh bahakt hi rkh skte hai,0,123,[],0,0,0
shimla gang rape me aaropi pakde gye jinka aaj medical krwaya hai to jo pakde hai woh kaun hai aakhir ye himchal mei chl kya rha h,0,130,[],0,0,0
abhi bhi tm logo ka english se purana love chal raha tm chahte ho k wo ake phr se tm logo ka rape kre baqi bhi english mai cnvrt ho,0,131,[],0,0,0
bhai ke rape case pe kaun marham laga raha hai sir kabhi uski bhi charcha kar liya kariye,0,89,[],0,0,0
bike huye bhakto ka kaam yahi hota he,0,37,[],0,0,0
kahne ka matlab ham beef nahin khaate lekin rubber ke joote pahante hain lekin leather ke joote pahanne waale se nafrat naheen karta,0,132,[],0,0,0
y the hate towards them though kya bighaada unhone tumhaara,0,59,[],0,0,0
himachal gang rape ko highlight kyu ni kiya ja rha hai ye case kyu dabb rha hai,0,79,[],0,0,0
killers ko saza zaror mily gi,0,29,[],0,0,0
show baz shareef zaror phansi pa latky ga,1,41,[],0,0,0
bhai saare comedians ko milne wala hate akele batorne wala hai,1,62,[],0,0,0
ab aap toh sikh bhayiyo k bhi piche pad gayi all hate does is breed hate hum hindu bhi kisi se kam nahi h fraud aur kabootar udane mein,0,135,[],0,0,0
nafrat ki aag ko muhabat ke lahu se bujhaa dena fitrat hai hamari,0,65,[],0,0,0
beta capslock main allah ka naam likh kar agar apney liye dua maangi hoti tou zindagi main kamyab hotey aur nafrat k liye fursat nah hoti,0,137,[],0,0,0
shaheedon ki khoon ka soda ns hona tahir ul qadri ki azeem tarbeat ka nateeja hi we proud of bring qadriii,0,106,[],0,0,0
rape karnewale koi aur nahi roopa k paapi bhai haishe send themcheap womanaurat,1,79,[],0,0,0
kyuki taj mahal rape ki nishani hai,0,35,[],0,0,0
wande mataram se nafrat karne walo ko hujj subsidy lete dekha hae,1,65,[],0,0,0
in san logo ko sir e aam phansi deni chaiye,1,43,[],0,0,0
sarm ani chahiye aisi aurat aur netagiri ko tu to bangal ki ho aur wahi rahti ho please bolo kitni baar rape hua tumharasarmnak bayan,1,133,[],0,0,0
rape karoge bigdi beti hai to ye seekh hai nagpur se app logo ko,0,64,[],0,0,0
wahhh liked it khoon badh gaya,0,30,[],0,0,0
haa haa grammar nazi aa gaye,0,28,[],0,0,0
bibi tumhaare dada hijrat kar ke aaye the tum nahi legacy nahi hai yeh k naslon tak chale gi,0,92,[],0,0,0
bibi hate speech ko promote naa karo,0,36,[],0,0,0
yahi to khoobi hai pseudo secularists ki sir,0,44,[],0,0,0
remember deepu bhi pehni thi wo ek baar i hate those,1,52,[],0,0,0
pehle voh lallujiski aap favour karte ho use kaho ki logo ka khoon chusna bandh kare,1,84,[],0,0,0
aise logo ke wajah se he pyaar se he nafrat hogai hai aur phir trust issues,0,75,[],0,0,0
so much hatred but dont worry teri aukaat uske jute chaatne ki bhi nahi hai,1,75,[],0,0,0
i love chai jab muje bani banaye mil jaye,0,41,[],0,0,0
i hate chai jab muje banani par jaye,1,36,[],0,0,0
qandeel murder pe mujhe bhi dukh hua tha aur hai but they way she was going was condemnable yeh koi acha path nai tha,0,117,[],0,0,0
bjp ka haal itna bura hoga ki ye khi k nhi rahenge har chiz k bhooke hn koi rape karwata koi taskari koi corruption koi dange,1,125,[],0,0,0
democracy hai to sabko sunna hai,0,32,[],0,0,0
abhi to ap sab patwarion ki shalwarain b utaray ga sahi zaleel ho rhy hain patwari and khoon league deserve this,1,112,[],0,0,0
rape ke liye rajnath singh ko tweet karo bhai delhi police lg sab daba ke baitha hai rajnath,0,92,[],0,0,0
haan toh jagiye na from indians aap dhamki dete rahenge aur won rape krke nikal gye apne amarnath yatriyon ka,1,109,[],0,0,0
kya roopa gangguly ke sath rooj he rape hota he,0,47,[],0,0,0
i hate calling him maulana jitna ganda islam ko is banday nay kiya utna kissie nay nahi kiya hai,0,96,[],0,0,0
aapki speech suna beti ke bare meagar beti ki saadi ke baad uske sasural wale uska murder karte hai,1,99,[],0,0,0
gaddar jhootha qasmi besharam ghar ja ke rewind kar ke prog dekhna dna mai khilji gori babur ka gaddari qatl n nafrat se bhari khoon,1,132,[],0,0,0
note ban se atankwad khatm hone wala tha,0,40,[],0,0,0
ravishjiihimachal ke shimla mein ek ladki ke sath rape ki ghatna hui hai please ap use apne program mein dikhaiye please,0,120,[],0,0,0
tumhari army ne kya kiya bangladesh me majloom aurato ka rape,1,61,[],0,0,0
sabhi ka khoon what nonesense ye des hindustan h is des me videsi akar base inhone atank bhar diya or isko loot liya nafrat ka beej bo diya,0,139,['beej'],1,6,1
ek desh ek tax to phir ek desh ek kanoon kyon nahicommon civil code lagu ho aur jammu kashmir me anuched hate to islamic aatankikabume,0,134,[],0,0,0
hanloadsheeding bhe nae ho raeaur blasts bhe bohat kam ho gye hainkuch maza nae ata abthats why nawaz shuld go,1,110,[],0,0,0
grammar nazi aye,0,16,[],0,0,0
noteban se terrorism ki kamar tut gayi,0,38,[],0,0,0
kisi ne to yeh khwab din me jagate huye dekha public ko vishwas dilaya,0,70,[],0,0,0
isko kehty hain jhalat is chumpu k pory khandan ko ch nisar is ky samny phansi dai dy yhh vote phir bhi usko he dai ga,1,118,[],0,0,0
i hate nawaz shareef magar ajj kal panama case ma ak khilaf nahisab kay khatay khlne chayekis k pas kaha sa paisa aya sab k liye jit ho,1,135,[],0,0,0
hate karte hai na tujhe,1,23,[],0,0,0
jab tak sonagacchi sahi salamat hai kabhi kisi ka rape nahi hoga bengal mein,0,76,[],0,0,0
madam jab tak sonagacchi sahi salamat hai tab tak bengal mein kabhi kisi ka rape nahi hoga,0,90,[],0,0,0
din me rape hota hai isliye madam wha zyada chakkar lgaati haimaza aata hai zyada kya,1,85,[],0,0,0
post hi kiya haikoi murder to nhi kiya n,0,40,[],0,0,0
in se pucho inka kitni baar rape hua hai,0,40,[],0,0,0
bhai nishit jj dekh sachme best hai,0,35,[],0,0,0
toh phir apna naam hitler se hata k bullet girl rakh lo,0,55,[],0,0,0
ye to vahi bat hui ke ek dharm ka terrorism gaya dooja aa gaya bharat wapis th century mein nahi ja sakta,0,105,[],0,0,0
go drink cow urine tum log isi qabil ho or apni maa behen ka rape karo dont foget ma lahore nashta karny ay thy phr kesy bhagy thy,1,130,[],0,0,0
terrorism mai bhi interns hote hai,0,34,[],0,0,0
kattarta bilkul totl galt vo koi dharm ho terrorism kattarwad ka hi roop hai,1,76,[],0,0,0
ye to terrorism ki jagah doosra le lega,0,39,[],0,0,0
app ji ki mehr se gareeb logo ko kapde die hate hai ji jo ki bemisal bat hai,0,76,[],0,0,0
bhai sahab rape case me dalit ya muslims ladkiyon ko alag se kyon bataya jaata hai kya general ladki ladki nahi hoti,0,116,[],0,0,0
paap matlb fake girls se pictwittercomwzkksh,0,44,[],0,0,0
wo thodi dikhega bhai inheislamic terrorism ka naam lete hi inki zubaan pet mein gir jaati haifrustrated bechaarey,1,114,[],0,0,0
child rape par tame loko majak kari rahya hata tyare tamara mummy ne tamari chinta noti thati bhai,0,98,[],0,0,0
inhi supporters k khoon paseenay ki kamai loottt kar mian sb ne london me flats bana liyee o koi sharam hoti ha koi haya hoti ha payann,1,135,[],0,0,0
delhi rape case me khud ko ati savedansheel kehne wale sabhi news channel jo insaaf ki baat krte h kya unke liye himachal dur pd gya,0,132,[],0,0,0
kuch din pehle th standerd me padhne wali is bachi k sath bdi darindagi se rape kiya aur uski laash ko jungle me fenk diya gya,1,126,[],0,0,0
namastey sir me apka dhyan himachal me hue gudiya rape murder case ki aur kheenchna chahungi,0,92,[],0,0,0
kuch din pehle shimla kotkhai me th standerd me pd rhi bachi k sath gang rape hua aur use maar ker uski lash ko jungle me fenk diya gya,1,135,[],0,0,0
kya chahiye unse hate k liye,0,28,[],0,0,0
yarr duniyan mein ajeeb_o_gareeb log rehty hain khaamkhawaa nafrat kartey hain or phir block kar detey hain,0,107,[],0,0,0
delhi rape case k waqt sadko pe utar aye insaaf ki baatein ki kya ye bachi alag h kya ye is desh ki beti nahi thi,0,113,[],0,0,0
rape theft murder aur dusere cases ko toh goli maroh phele modiji ki aib ka dog filter se bachao,0,96,[],0,0,0
esi jagah ka bh kya fayda jahan apni bat dhang se na keh paye khul ke yebh nahi bol pa rhe ap ki ye terror islamic kattarpanthiyon ka tha,0,137,[],0,0,0
itni nafrat failake kya fayda problem kya hai tum logon ko jiyo aur jeene do,0,76,[],0,0,0
delhidehradun train mein seat par baithne k liye murder ho jate hain,0,68,[],0,0,0
yesss tuka ram prabhu raam ne bhejha tha usko isliye hindu terror game ka end hua shame on congress,1,99,[],0,0,0
ab aapka hi challan katega kewal bade log hi ye complain hai aap nahi vaise bhi is sestem ko aap se nafrat hai so enjoy,1,119,[],0,0,0
madam rape ka pata nahi leking rape ke zute case jarur ho rahe hai save men from such false cases,0,97,[],0,0,0
tabhi loktantra ka murder bjp karti hai supreme court bhi kai bar phatkaar laga chuka hai,1,89,[],0,0,0
to apko lagta hai indira gandhi brahmanical paidaish thi aur sikho se nafrat karti thi aur aaj jo sare brahman caste ke hai wo buddh aurn,0,137,[],0,0,0
desh ko khatra islami terrorism se hai ki galti sudharni hogi,0,61,[],0,0,0
waah re logic inka bus chale to ye party ke logo ko phansi de denge aur bolenge ki ye to party ka internal matter hai,0,117,[],0,0,0
omgtu to boukhla gyi haihahaphurrr maine tera murder se karwani haiaur ke thele ke niche chhupani hai,0,101,[],0,0,0
nawaz shareef pay bura waqt aya hwa hy jo tall nai sakta q k is nay ashiq e rasool mumtaz qadri ko phansi dilwai allah ka sakh azab hy is py,1,140,[],0,0,0
tera murder kar ksaridon ko jail bhej dena h maine pictwittercomzgcuyilpp,1,73,[],0,0,0
dogli bat karnewale tumhara koi bharosa hai kya terrorism ke janak ho pak parasti ki bat karte ho tumhara zameer kahan hai,1,122,[],0,0,0
aap jaisey nafrat failaney valon ki vajah se desh ki sanskirit transfer,1,71,[],0,0,0
transfer ho rahi hai,0,20,[],0,0,0
mohabbat tum se nafrat hai episode har pal geo via,0,50,[],0,0,0
pakistan itna paal poskay khoon pasina ek karkay inko bhejta hain aur indian army inhay ek hi jhatkay main halal kar deta haihow sad,0,132,[],0,0,0
sahi baat murder or maarpeet to aiway hi hoti hai,0,49,[],0,0,0
plz acche se fight karo dono khoon nikal na chahiye sane bc tu bhi toh rt ke liye hi pelta hai modi ko phir aisi baat kyun bol rha hai,1,134,['bc'],1,10,1
sahi toh kahaa hain ne baas woh safeed aur kaali dadi add karna bhul gayein sampatei registere rape snooping etc etc,1,116,[],0,0,0
kya galat bolo miyatum jaker dekha kya west bangal mekya ho raha hai kitane rape huwe kitane ghar jaleusake liye kya jibh me lakwa tha,0,134,[],0,0,0
ghumo gareeb desh ke gareeb logo ke khoon pasine ke tax se,1,58,['pasine'],1,1,0
hp m hue chote bacche se gang rape ko koi bhi bda news channel cover nhi kr rha h inhe sirf dalitmuslims case he nazar aate h pictwittercomvhsmacbu,1,147,[],0,0,0
its a pity that india ko bhi sharam nahi aati aur terrorism ki aadat pad gayi hai,1,81,[],0,0,0
ye sab pak ke agent hai kashmir me jo begunahoo ka khoon bahate hai fir apne pe aati hai to talk ki baat karte hailagta hi paise aane band,1,138,[],0,0,0
aur tu kiska jo abhi delhi me pakdaya hai pregnent kutiya ka rape karne ke liye,1,79,['kutiya'],1,3,0
modi se hate karne se nahi bhala hoga,0,37,[],0,0,0
minority bole jate hain crore loga jaha,0,39,[],0,0,0
terrorism ka khatmy ki jang ns ky khatmy k sath hog,1,51,[],0,0,0
phir roopa ji ka kitne baar rape hua hai bengal mei,0,51,[],0,0,0
ha pata hai jab zihadi terror me ek cm ban jaye to baki ke against jane me kootniti apnani padti hai,0,100,[],0,0,0
bhumi vikas bank ke employes ko mrne jesi halth me chhod diya,0,61,[],0,0,0
janta kya achar dalegi inch ke seene ka,0,39,[],0,0,0
agar pure hindustan m body scanner machine laga diya jaye to atank wadi hamle or murder daketi lutpat jaisi wardat shayad hi ho payege pictwittercomkedorhjnf,0,157,[],0,0,0
mastani se had se jyada hate hai kichah kar bhi mai uss actress ko pasand nahi kar sakti jise maine badi devrani mai bahut pasand kiya tha,1,138,[],0,0,0
hindu terror ka jhunjhuna bajaya ja ske,0,39,[],0,0,0
ye sirf un logo ke liye jinko aatankwaad k dharm par shaq hkuchh mutthi bhar intellectual logo ko hi abhi tak terrorism ka dharm nhi pata h,0,139,[],0,0,0
mujhe nafrat karne wale aapni duaoo mein toda aur assar laao kyu ki meri chahane walo ki tadad din ba din bar raha hai,0,118,[],0,0,0
i dont believe its sharbat,0,26,[],0,0,0
lekin yrflallu ne pair kyu pakdalogic ke hisaab se haarne wala bhaaga haijeetnewaala rehambheek deta haibhaitards ki logic ki rape hgya,1,135,[],0,0,0
mai apne desh rajya or gaun se bahut payar karta huan kaya aap karte hai agar ha hai to hate chanise product and love make in india,0,131,[],0,0,0
haan bhaaga thaa jaise ki ce ouatimd se darke bhaaga thaalekin usme bhi rape tere naya baap chakki ka hua thaa,0,110,[],0,0,0
main neutral hi hu radicalised ni hu jinko bas khoon ki pyas hai,0,64,[],0,0,0
jaha nari ki puja hoti hai vaha bangal ke kis gadhe mantry ne pucha rupaa ganguli g se ki kitani baar rape huaa aapake sath shame u pictwittercomcufqshmm,1,153,[],0,0,0
uni jake kya karegi sunni to tujhe gaaliya hi h btw agr aankh khol ke gor se dekhegi to pata chalega virtual gang rape hua tera,1,127,[],0,0,0
i hate dis word pyaar yeh kisi se nhi karna chahiye karna hi hai toh khud se karo,1,81,[],0,0,0
maine kab likha clash hua thaamaine bola baar rape hota baar face kiya hai weeks gap mein,0,89,[],0,0,0
hai to asaram to rapist haiab tum halala me jo rape hue haiusko condemn kar zara,1,80,[],0,0,0
corruption khatm,0,16,[],0,0,0
kashmir azad hoga terrorism se,0,30,[],0,0,0
strict law follow honi chahiye rape ke liye jisse rapist ko kuch galat kerne se phele hamesa ye image ka khyaal aaye pictwittercomsgjjzsmasg,0,140,[],0,0,0
wo mere bina khush hai tho shiqayat kaisi ab use khush be na dekhu tho ye mohabbat kaisi,0,88,[],0,0,0
monto says piyaar se achi nafrat hai q k piyaar mai seraf kaprhe utarte hai,0,75,[],0,0,0
abe deshbhakto bante ho to jao roko unhe jo train mahilao ko chedte h roko unhe jo gang rape kerte h,0,100,[],0,0,0
ek gadhi the jinhone desh k tukde hone dia jb muslim hindu aurato ka rape kr rhe the to unko samjhya hone do jo ho rha huska pota bi waisa,1,138,[],0,0,0
wo development kis kaam ki women men save na horape murder ho rahe hai kya ek strict law nahi honi chahiyejisse criminals me der ho,0,131,[],0,0,0
nahibilkul nahi agar aisa hi to har murder ka saza death hee hona chahiye,0,73,[],0,0,0
itne saal baharse terrorism ko paisa aa raha hai koi kuch nahi bola us baare mein kyu woh kiske papa haisocho sirf tweet nahi karna,0,131,[],0,0,0
hitler rule hota toh desh me azam khan jaise traitors bhare pde na hote,1,71,[],0,0,0
ya wahi rupa hai jo film me kaam karti thi na jane kitne seen howe rape kuch kolkata me seen howe yade taza ho gai,0,114,[],0,0,0
aisi hi taarif logo ko hitler ki bhi karni padthi,0,49,[],0,0,0
modi ka to pata nahi par aj vi delhi me rape ro raha haitum log sirf modi modi modi ka mala japte ho delhi walo ko help karo,0,124,[],0,0,0
achha bo rabish k bhai pande ji ko rape case me ander daal diya ya bhai ji ki jaat puchkar case ltka diya,0,105,['jaat'],1,1,0
indra dev nahi tha vishnu to tha na vrinda ka rape kyo kiya tha khud ko knowledge hai nahi aur samne valo ko bol rahe ho,0,120,[],0,0,0
ek godse aur ek gandhi toh terror par suar mommad jinna hazarrooon ko islam suaristan ke marrey toh voh harami qaid azam,0,120,[],0,0,0
mujhe vlive in relationship ko prve krne k liye shaadi ko sirf rasme bana diyahate dis,1,86,[],0,0,0
ghotale aur rape ki umar sarkar dwara sunishchit ki jaye tabtak k liye inko woh kam krne k liye lac ka inam diya jaye,1,117,[],0,0,0
i hate dis line i mean shaadi ka koi mtlb hi nehi hai sirf or sirf rasme mai,1,76,[],0,0,0
only thing i hate about is that ki baarish main pakode khaane kaa bahut maan karta hai,0,86,[],0,0,0
aur dono ko bhadkane ke liye ye dress twittercomsuwnbjpi,0,56,[],0,0,0
transgender jis mulk mai safe nahi kabar ko aurton se rape hota hai kam se kam woh tou ye na hii bolay please,0,109,[],0,0,0
kuch esa kr bhai log hmesha yad rkhe help niche tk phunchni chahiye bich vale kha hate h,0,88,[],0,0,0
tv ki sita ko ye b nahi pata ki kya bolna hai kya nahi bas nafrat ki rajneeti se matlab hai inhe,1,96,[],0,0,0
iss kalute ki aukaat murder jaisi porn movie banane ki hain ek barfi kya bana li bhai ko target kar raha tha khul gaye patte,1,124,[],0,0,0
bhai aap logoan ki sooch pe daya aatti hai ki aap log real terror attack to ek filmi kahani ki plot ki tarha twist bhi kar skate ho,1,131,[],0,0,0
tum pak jake china ko chato hame ghanta fark parega kashmir me militant bhejti terrorism failate islie tumhari beaten bhi hoti hai ind me,1,137,[],0,0,0
jitne sadqaat khairaat pakistan k musalman dete hain koi aur mulk nahi deta rape capital nahi hai hamara koi shehar dehshat gard pm nahi,0,136,[],0,0,0
kisi ko afwah me mar diya to muje kya hazaro ka rape hua usse muze kya meri sarkar h mai rok ni paya use tumhe kya,1,114,[],0,0,0
mujhe kisi ne pathar nahi mara matlab stone pelting nhi ho rahi meri pehchaan me kisi ka rape nhi hua matlab ladkiya india me khush hain,1,136,[],0,0,0
nawaz shareef qadam barhao model town par phansi aap ka muqadar he,0,66,[],0,0,0
ho hi na jaye nafrat ho jaye to sara issue hi hatam,1,51,[],0,0,0
kauish puchta hey hey hai chini bye,0,35,[],0,0,0
ab rape ko b dhrm m baat diye howah yr kya mentality h tm logo kiyaha aaye din aise incident hote h koi dhrm jati hindu muslim ni pcuh rha,1,138,[],0,0,0
well said joshijee madam ka khoon attasnkio par nahi khaulta,0,60,[],0,0,0
desh ko lootane wali party,1,26,[],0,0,0
riya delhi main uska murder hua hai uske headline jaise zunaid ki banayi thi kyon nahi banti kyo who hindu thi,1,110,[],0,0,0
toh phir iska toh saikado bar rape hua hoga,0,43,[],0,0,0
bhai sahi movie hai dekh ke ek aadha murder apun ko bhi karne ka haikya acting hai ki,0,85,[],0,0,0
riya delhi main uska murder hua hai uske headline jaise zunaid ki banayi thi kyon nahi banti kyo who hindu thi,0,110,[],0,0,0
samaj lenge woh baby rape joke ke liye andar gaya,0,49,[],0,0,0
shrikant ji up me bomb ka terror akhilesh yadav party ki nakami hai,0,67,[],0,0,0
inka kahne ka matlab hai inki age in days baar inka rape hua hai lol,0,68,[],0,0,0
terrorism khud khatam ho jayega,0,31,[],0,0,0
lagta hai inka bhi rape hua hai waha,0,36,[],0,0,0
kaisa thakur hai tu apne purkho ke naam pe free mein sirf garv karna jaanta hai,1,79,[],0,0,0
ek rape kar ke dikha dum hai to,0,31,['dum'],1,2,0
hatechal raha hai,0,17,[],0,0,0
kuch bolne se pehle apne country ka halat dekh lia kar jaha sab se ziada rape hota ha jaha larkiyo k liye koi izzat nhi sirf rape karte ho,0,138,[],0,0,0
chor ka bacha chor pahle baap n to ab beta be barbaad karna suru kar diya h bihar koroj bihar k har block m loot murderkidnapping suru h,0,136,[],0,0,0
aur kyun media kisi bhi aadmi par sirf rape ka ya dahej ka aarop lagte hi usey doshi maanta hai,0,95,[],0,0,0
uncle mera raaz hota to apko ek dictator dekhne milta ye mulle sucide kar k marte unko jindagi se nafrat ho jati,1,112,[],0,0,0
or vaise bhi season jo arjun ki nafrat vs maya ka pyar based hai,0,64,[],0,0,0
inqilab phoolon ki saij ni kaanton bre rah hi is mn karkono khoon dna ho ga,1,75,[],0,0,0
ho hadapne ka tumhri aye khoon me aadat h dusri ki cheeso ko churake uspar lipa poti karke apan bana na,1,103,[],0,0,0
jitni nafrat tumhare dilo me hamare liye he us se kahi jyada pyar hamare dilo me tumhare liye hehahahahamind blowing acting krk,1,127,[],0,0,0
but i hate dictator jo bhi guzray hen jis ne bhi apne mufad k liye army ko used kiya pictwittercompdijuaaige,1,108,[],0,0,0
waahhate him or love him you cant ignore himbaar baat dekha na trailerkaash to dbb raabta aur sdr bhi baar baar dekha hota,0,122,[],0,0,0
terrorism ko khtam kroram mandir banvao ye percentage ho jaegikyoki to muslim h,0,79,[],0,0,0
madam ne apna sara khoon donate ka diya hai,0,43,[],0,0,0
ye kadi ninda bali govt nhi haiarmy apna kaam kr rhi haibahut jald terror free kashmir ho jayega,0,96,[],0,0,0
hate karne wale k maan main bhi pyar hota hai,0,45,[],0,0,0
wo army thipar hum bhi toh haraami the twittercomlupyubplhr,0,59,['haraami'],1,5,1
jaise muhammad k atankvadi ghire hain army encounter kar rahi aab to muhammad nam se darrr lagnelaga hai islamic terror,0,119,['atankvadi'],1,4,1
wo ro ro kar kehta raha mujhe nafrat hy tumse hitler rule hota to ye azam khan khud bhi abhi tak na hota chaar din ki zindagi haiaur ye tha din haiyeh soch kar itne saal nikal diyewafadari mhare khoon me hai twittercomsnrgpawnjm,0,228,[],0,0,0
pahale haryana ke ladkiyo ko rapist murderers see surakshit karo har teesare din haryana me rape hota hai haryana kee sadake gao behaal hai,0,139,[],0,0,0
kon gaon bhai ye puri duniya virgins k wajah se to pareshan hai inhi k chalte to sab bomb blasts and killings,0,109,[],0,0,0
haani hate laal rang,1,20,[],0,0,0
india se terrorism ka ek saboot nhi kulbhushan ka case bhi disputed hai isliye icj ne bhi pak ki nhi suni,0,105,[],0,0,0
jo desh ki apni maa ki ijjat lutate hai o to khud ki maa charo kisi ki bhi maa ko rape kar sakta hai,1,100,[],0,0,0
tumane desh ko barbad kar diya aur an has raha hai i hate u,1,59,[],0,0,0
media ka agenda sirf nafrat failana h aur padhe likhe ho soch kr dekho agr sab kuch aisa raha to desh ka kya hoga,0,113,[],0,0,0
ab aap soch lo aisa kya hua hoga jo aaj ye hindu haters hain aur muslims pe turant khoon ubal jaata hai,0,103,[],0,0,0
vikrant ko bahut man kr rha ki use koi i hate u bole,1,52,[],0,0,0
tere maa hai ghar pe puch rape and molest kya hota hai tu to desh ki rape kar raha hai you wl pay the cost,1,106,[],0,0,0
sab se pehle qanoon vevastha darustha kijye kiy aapne bajrangyon gundagardi aur juned ka murder ni dekha,0,104,[],0,0,0
dange bhi do tarah ke hote hain ek jo congress ke time hote hain jisme hindu aur sikho ka khoon bahta hai aur ek me dharm yuddh hota hai,0,136,[],0,0,0
agar bengal me rape nahi hua to apna rape karwayengi,0,52,[],0,0,0
jab bhi news dekho to yaha yaha hatya waha rape chori bas inhi sab ki khabar dikhate desh me kuchh achha ho hi nahi raha kya,0,124,[],0,0,0
aap ko aisa kyon lagta hai top evil man in history list me koi muslim nahi hai hitler genghis khan stalin ravan kans nero koi nahi,0,130,[],0,0,0
jaisa shaadi mein ek family member hamesha hota hai us taran pakistan aur terrorism,0,83,[],0,0,0
aap ke rape hochoki hai aap to padasi yahi ke ho,1,48,[],0,0,0
tune pehle bola tere jati k logo ne rape kiya aur maine uspar unka dharm btaya isko bolte jaise ko taisa,0,104,[],0,0,0
aman sakoon aur pakistan main tu kbi yeh,0,40,[],0,0,0
aur rape har cast me hote haiterrorism aur ralist ki aste nahi hoti,1,67,[],0,0,0
afgan me buddha ki murtiya todi gayi uska oppose aur nishedh kab karog,0,70,[],0,0,0
kya btane wale ka rape hua he,0,29,[],0,0,0
i hate this guy pata nahi samjhta kya hai khud ko,1,49,[],0,0,0
abe kuttay kanjaron patwarion thudday maar k nikale jaoge hosakta hai is baar ganja n company ko phansi hojayee salay chor,1,122,[],0,0,0
tum us aadmi ko apna ideal maante ho jis ne is desk ke azeem mahatma gandhi ka murder kiyaye hai desh bhakhti,1,109,[],0,0,0
india ke rules he glt hai sir chote chote baccho ka rape ho raha hai kya glti hai unke and ye sab krne waale ghum rahe bhar bcoz of rules,0,137,[],0,0,0
sahi kaha atangwadi hone par media wale ko agar ek bhi hindu ka naam ajae toh phir hinduterrorism ke naam par paisa kamate he,1,125,[],0,0,0
tab bhi aadhar card banane ka riwaz tha hitler sae ayi hogi yae technology,0,74,[],0,0,0
only islamic terrorism hai jo,0,29,[],0,0,0
behan me kaha jh ko hate kar rahi me dar rahi thi k uska na ho jaye jd seme episode k sath chal rahi to emotions to us hisab se ayege na,0,136,[],0,0,0
cow k naam pe log bhi nafrat mai haiwaniyat pe uthar aate haibina jane gunah kar baithey hai politician ki vote bank bharne k liye,0,130,[],0,0,0
even my relatives who hate modi when start losing an argument call me bhakt koi nai,0,83,[],0,0,0
ab tak to lag rha h centuri lag gya hoga rape ka tumra dub maro tum sharm se,1,76,[],0,0,0
aatanki ko surrender ko moka dete hesaal bhar ye moka_moka khel ra tha kyakher anandpal ne jitno ka murder kiya unko to insaf mila,1,130,['aatanki'],1,4,1
rupa fir ye btao tumra kitna bar rape ho gya h abi tak bangal me bhi tum bhi to bangal me hi ho,0,95,[],0,0,0
kasmir m hindu ko maara kaata rape hue dharm change kr aaye vo bhi india k muslim h,0,83,[],0,0,0
promotions suck samajh gaya ek hi niwala kab tak chabayega logo ke kaano se khoon aata hai wahi pravachan subah shaam sunnke maaf kar de,0,136,[],0,0,0
tum to wahi west bangal me hi rahti ho tumhara kitne baar rape huaa hai,0,71,[],0,0,0
a laash ho gayi baramad let me tell you meri jaan murder weapon par hain saare aapke ungliyon ke nishaan,0,104,[],0,0,0
a laash ho gayi bramad let me tell u meri jaan murder weapon hain saare aapki ungaliyon k nishaan,0,97,[],0,0,0
so called global islamic terrorism abe mulle tu chutiya hai bahut bada chutiya,1,78,"['chutiya', 'chutiya']",1,10,1
laash ho gayi baramad let me tell you meri jaan murder weapon par hain saare aapke ungliyon ke nishaan,0,102,[],0,0,0
hahah ye aap bhi seekh gayee haini hate this word,1,49,[],0,0,0
kya faltu bayaan hai bengal sabhi ka rape hota hai kya inn politicians ko sharm aani chaiye,1,91,[],0,0,0
murder murder hota hai mai shakha nahi gaya isliye murder condemn karne se pehle dharam nahi dekhta,0,99,[],0,0,0
aisi faltu ki id bnd ho chahiye jo nafrat ko badhawa de,1,55,[],0,0,0
ghulami khoon ki bemari jaisay hooti hayis ka koi illaj naiyeh pooray jism kay sath sath rooh main bhee sarryiat ker jate hay,0,125,[],0,0,0
hindutwaa bhagwaa terrorists ko bjp govt aur police ka support milta haiisliye wo musalmano ka murder kar rahe hai aur unko tirange me lipt,1,139,[],0,0,0
cawnporiah bhai aur hamera desh mein yeh kaam aap kae parivar wale kar rahe hain sanghis and musanghis are united by riots n terrorism,1,134,[],0,0,0
musalman tabhi musalman hota hai jab wo ya to maar kha raha ho ya acha kaam kar raha ho jab wo dusro ko maare tab terror has no religion,0,136,[],0,0,0
supreme court ka yahi doglapan desh ko le dooba hai hamesha hindu log hi kharaab hai aur jo rape kare bomb phore unse to inki phati hai,1,135,[],0,0,0
bro aik marti hoi owrat ko gali nahi do specially jub wo ap ki walida ki ad ki bhi hon i hate noora leag but apni apni samajh ki bat hay,1,136,[],0,0,0
rape no state hai mp hai or yeh bengal ko badnaam kar rahi hai drugs ka over dose le liya roopa masi nai,0,104,[],0,0,0
rape cases me capital punishment ka major scope nahi hai uske bawajood itna jyada misuse hua rape cases ka esliye females bhi oppose kiye,0,137,[],0,0,0
neech insan ap log ho jo mulk k dushman ki support karty ho or imran khan ki nafrat m pak k gadaar ko support karty ho lanaat ho asi awam py,1,140,['neech'],1,7,1
agar kisine compare karne ki kausis ki,0,38,[],0,0,0
accha hai ek do terrorism failane wale mulk duniya se mit jayenge,0,65,[],0,0,0
congressi ka channel hai to hinduon se nafrat aur mullon ki to chaatega hi na,1,77,[],0,0,0
tujhe sharm aani chahia tuchhe koi teri bhi beti ke sath rape kar sakta hai betiyo ki ejjat karna shikh le budhhe tujhe bhi marna hai,1,133,[],0,0,0
anil apna jo bhi gussa ya jo bhi hai woh jaa ke sahi jagah pe nikalo zubina pe is tarah ke ghatiya aur hate tweet mat karo,0,122,[],0,0,0
nai nai nafrat q koi kary ga itny ashy friends hain aur ap khud bi bhout ashi ho,0,80,[],0,0,0
bhai agar bakchodi ho gayi ho tho islamic terrorism ki baat kar leya radical islam ki,0,85,[],0,0,0
yeah aajkal use islamic terror se jana jata hai,0,47,[],0,0,0
es mahine me bihar me only bikash ke kary huaa murder lut chori dakaiti,0,71,[],0,0,0
terrorism bina logo ke support ke nahi panapta kya unlogo ke khilaph koi kadam nahi udhane chahiye jo hinduyo ko killing karbarahe hai,0,134,[],0,0,0
terror desh ka hi nahi waran pure world kanpur dushman ha,0,57,[],0,0,0
bhai cong govt mai saal mai bomb blast hotehi the bhul gaya ke baad kitne civilian mare bomb blasts mai,0,103,[],0,0,0
ye lucchi us bechari riya murder ke vaqt kaha gayab ho gayee thiiska jabab is haramjade aapiyo ke pass ha kya kyu ya kejri,1,122,[],0,0,0
cm thai to terrorism sai kasai ladna hai sab malum tha pm hotai hi sab bhool gayai or cake kaha nai pakistan bhi chala gayai,1,124,[],0,0,0
agar apke baap ka naam rajive gandhi hai dadi ka naam indria gandhi hai to rape karo up mai bangla milega delhi mai,1,115,[],0,0,0
aur stiil sah rhe haijake sekho bangal asam me kaise muslimo ne jeena haram kr rkha h hinduo ka har din murder har din rape,1,123,[],0,0,0
are yarr aur log chahiye tha muje tera murder karne k liye akeli kese krungi,1,76,[],0,0,0
isleye kuwait war main muslim iraqi soldiers ne muslim kuwaiti aurat aur ladki logo ke rape kiya na tab islam kidher gaya bolo,0,126,[],0,0,0
pakistani terrorism pe aik book kyun nahi likhtin ap kyun k ap ko tou yahan rahy beghair he hum se zyada pata hai,1,113,[],0,0,0
abe chutya bhool gaya kya kuwait war main muslim iraqi soldiers ne hi muslim kuwaiti aurat ka ladki logo ka rape kiya tha tum logo k aukad,0,138,[],0,0,0
us jamane k anpadh ganwaar logo k liye banaya tha registaan se chal kar samtal pathaar m fel rha h bina mtlb thopa ja rha h i hate it,1,133,[],0,0,0
rape me bhi no haisaal ki betiyabhi chaltiwaise abb sare kaam aghorioke dedokuch bhi kar saktegod permtd them,1,109,[],0,0,0
edge tumhare karan mera breakup hua hai nafrat karra hu mai ab tumse kabhi yum mere idol the but ab tumhe spear maru,1,116,[],0,0,0
waise meri soch aisi hai coz main religion maanta hi nahi nafrat hai kattar logo se aur unnki soch se,1,101,[],0,0,0
jab phansi di tab yaad aya k indian toilet ka hai,0,49,[],0,0,0
bari naamaaz padthe ho ek bari bi alla ko kaha terrorism band kar va dho,0,72,[],0,0,0
agar tum use support nahi karoge to tumhari nottanki dukan kaise chalege na i hate liberals muslims sharm kar allah ne mus bn,1,125,[],0,0,0
bcoz aur kuch kaam dhandha hai hi nai tum logo k paas terrorism felane ka business bhi hamare modi ji ne band karwa diya tum logo ka,1,132,[],0,0,0
where are ahesh bhatt etc he did not say any word on kulbhushan jadhav death sentence in sabko chaurahe par ikkhata kar ke phansi de do,1,135,[],0,0,0
jin jeso ko lagta hai army rape karti hai aur amanviya hai wo apni izzat bachaye aur desh chod jaye,0,99,['chod'],1,7,1
aniqa you are so sweet tujhse nafrat karna bhi chahu to nahi hogi dil to tujhe apna manta hai tujhe india wife banane ka dil karta hai,0,134,[],0,0,0
aur jumme ki namaz main loud speaker pe jo nafrat felayi jati hain uspe bhi kuch tweet karo,0,91,[],0,0,0
mera sabse favorite singer me se thaa tu per aaj se i hate you agar boond boond se samander banta hai toh kam bhi ho sakta hai,1,126,[],0,0,0
pehele tum log terrorism bandh karo phir america ka visa milega aur duniya main izzat bhi,0,89,[],0,0,0
par billi sekabhi nhii hate cat,1,31,[],0,0,0
muslim ko itna hate mat karo kiu ki muslim hai to aapka rojiroti sal raja hainahito raste pe aah jaega,0,102,[],0,0,0
bacchi chodne vale prophet k pille islam matlab bhadwe aur terrorism gandu k bacche,1,83,"['bhadwe', 'gandu']",1,14,1
bhai log mujhe to iss khansi vale kutte se nafrat si ho gayi haihe is the biggest joke ever happened to history of indiafraud hai sala,1,134,['kutte'],1,2,0
murder ki baat kar rahe ho,0,26,[],0,0,0
ishe pelna boltetorture kya hota hai janna hai apko to zara balochistan pe nazar ghumao miyayeh hitler hai to woh jahannub hai,0,126,[],0,0,0
but bhai agar aap kuch accha karoge to bohot log aapse nafrat bhi karenge iss case me muslim nafrat karenge but wo sahi hai,0,123,[],0,0,0
aap ke godfather jub mistake air strike karke hazaron syrians mardete hain unhe kiu hate nahi karte kiunke wo visa nahi denge phir,0,130,[],0,0,0
murder kr k aap khush hain,0,26,[],0,0,0
khoon ki aik bond kaghaz ko rangela ker gaye,0,44,[],0,0,0
toilets tak theek hai rape ka nahi banana chahye,0,48,[],0,0,0
bhutto zinda hai abhi phansi k khelaf hai us ki party is ka matlab jab bhi khud kash hamlaa hota hai tu ppp jhoot ki muzamat karti hai,0,134,[],0,0,0
rape aur toilets par joke banana koi bohat he ghatiya harkat hai,1,64,[],0,0,0
so sad our army has to go thru all this modi ji desh bhakt khoon ke ansu ro rahe hain aur kitna sehan karenge hum,0,113,[],0,0,0
meri fikr chod aajkal saare hindus aise hi baatein kar rahe hai nafrat hai mujhe islam se i hate islam,1,102,['chod'],1,7,1
haters ki to jalne ki aadat hai keep hating mujhe to hasi aa raha hai tumhara hatred dekh kar ka spelling to seekh jaake,0,120,[],0,0,0
sir we love kashmir and kashmirisi am no warmongerkhoon dekhkar to ulti aati haipar unko chahiye kyakya bigada hai humne,0,120,[],0,0,0
saudi me chori pe haath aur rape pe penis kaat dete hai,0,55,['kaat'],1,3,0
please my humble request hay usko kuch bhi pata nahi hay jo uske sade huye bheje me aayaa vo sade huye mooh mese bak diya i hate you nigam,1,138,[],0,0,0
hate nai krta to hate speech kyu diya wo,0,40,[],0,0,0
ager tum log pakistan me hote ya bhuk mari se mar hate h aatankwaadi tumhe mar dete apne khuda ka sukr karo india me ho,0,119,[],0,0,0
mai bhi pehle secular tha lekin life ke ek incident nemujhe badal diya mai nafrat karta hu musalmano se,1,103,[],0,0,0
kal to news se tumhara ye topic nikal jayega koi aur mudda soch lo chtukarita chamkaane ka dukaan khol rakhi hai tum jaiso ne nafrat ki,1,135,[],0,0,0
vade to aur bhi th lekin log apni convenience k hisab se bhul hate h kya kare,0,77,[],0,0,0
koi khoon ko holi nhi kheli ja rahi jiapko galat dikhaya jata hai taki ap india ke against rahi,0,95,[],0,0,0
paaji jyada w wale words health ke liye thik nhi h,0,50,[],0,0,0
kuyki suna h isse mind ka khoon mind tak nhi pahunch pata,0,57,[],0,0,0
hate ke siwa kya janenge jo idea of india se nafrat karte hai,1,61,[],0,0,0
aise report mat dimhaya kare sir khoon kholta hai ki hum hamare desh ka itihas raha hai hum hamesha jaychnd ke karan gulam bante rahe hai,0,137,[],0,0,0
matharu se ye poochiye ki ghaziabaad school mein kuch samay pahle rape hua tha inhone woh mamla daba diya,1,105,[],0,0,0
tweet karke hat gaya aur yaha hazaro log ek dusre ko bura bhala keh rahe apas mein mohobbat ki baat karo nafrat ki nahi,0,119,[],0,0,0
is ke tweets and replies parh k mera litre khoon jal jata ha,1,60,[],0,0,0
very true but ishake liye bhi khoon pashine ki kamayi dene k baad bhi ghar nahi mil pata,0,88,[],0,0,0
har ghadi badal rahi hai iski zindagi hate hai kabhi kabhi hai filth zindagi,0,76,[],0,0,0
har pal yaha hate hi rahe ladte raho kal ho na ho,0,49,[],0,0,0
har pal yaha hate hi rahe ladte raho kal ho na ho,0,49,[],0,0,0
yeh social side he humare desh me nafrat peda karte hai hakikat kishe ko pta nhi note dono ek dosre k nafrat wale video uploadkarte hai,1,135,[],0,0,0
terrorism kaun faila raha hai ye sabko pata hai,0,47,[],0,0,0
chalo sunke accha laga islam ko sharminda isis wale jyada karte haisonu nigam nahi jara hate filled comments padho aapke bhaiyo ka,0,130,[],0,0,0
aise scene dekhkar kai bhatke huve logoki vasna aur nahi bhadkegi chhedti rape cases me ijafa nahi hoga,0,103,[],0,0,0
bhosdiw pakistan me ladkio ka rape ni hota bakrio ka hota hai v,0,63,[],0,0,0
in blasts k dukh hai par kya delhi banaras rampur patna malda coimbatore ahmadabad bombay pune me to shabebarat mana the the log,1,128,[],0,0,0
hamesha abroad me rahne wale hame sabhyata mat sikhao nafrat ko failne wale singing me kuchh nahi ho raha to politics ki taiyari,1,128,[],0,0,0
koi hissa wissa nhi waha aurto se rape krte he pakistani sainik bhagna padega tumhe waha ki awam bhagayegi tumhe,1,112,[],0,0,0
ye saala pagal ho gaya hai shaitaan ki aulaadshut up u hate monger sonu,1,71,['saala'],1,2,0
subah subah chidiyo ki awaz se me disturb ho jati hun jab me koi bird nhi hu to unki awaz kyu sun rhi hu,1,104,[],0,0,0
kyo karte to ye ajan ka natak tak karna hai tumhe terror ka hi,1,62,[],0,0,0
rape sirf rapist hi nahin karta hum jaise log bhi uchhaalte rehte hain us aurat ki izzat,1,88,[],0,0,0
ye khoon se likhi hui prediction hai koi nhi rok sakta,0,54,[],0,0,0
sab ke andar kaam aur jiyada dharam ko lekar nafrat hai,0,55,[],0,0,0
abhi wo din aaenge jisme din loud speakers ka sound kisi ko sone nahi dega lekin koi bhi muslim against nahi hai hate,1,117,[],0,0,0
yahi jo azaadi gang n jo terrorist atack ho rhe hai ye bahut hatred spread kar rhe hai india ke log littely dare huye ye ksmir ke liye hi ha,0,140,[],0,0,0
thats good per kiya ye hosakta he hmre jahalat kamyabi nafrat muhbat ko ek insani amal qarar diya jae or use us bunyad p deal kiya jae,0,134,[],0,0,0
aise reasons ki wajesr hi hate badhti hai ind me,0,48,[],0,0,0
islam muslim se itni nafrat hai mohd rafi ki remik aur unki copy kyon karre ho shame on,0,87,[],0,0,0
chali hai rasm k koi na sur utha kay jiye her sochtay zahen ko aisay he khoon main nehlaya jaye ga i understood this after sabins murder,0,136,[],0,0,0
kashmiri pundits ne kya gunah kiya tha jo unka rape murders karke unko zinda jalakar bhaga diya tumlogo nethey arnt innocent,0,124,[],0,0,0
tere jaise log terrorism phaila rahe hain oopar chaley jaa hoor milengi,1,71,[],0,0,0
congress ko kahate thhe appease ki policy ab khud kya kar rahe hainye vote ki rajneeti apana rahe hain vaise nafrat k alawa kuchh nahin,1,135,[],0,0,0
namaste sir sir aap se milne ka process kya hai kab hum mil sakte hai aap se ek dost ka meerut mai murder ho gaya hai,0,117,[],0,0,0
kya ham kisi incident ke hone intazaar kar rahe h,0,49,[],0,0,0
sir kya aise ham terrorism se ladege,0,36,[],0,0,0
ak taraf nafrat ha jo kuch hi palo ma mehsoos kr li jati hadusri taraf mohabbat ha jiska yakeen dilany ma zindagian guzar jati hn,0,129,[],0,0,0
ek rape ki paydaish kehta hapakistan mazaak ha,1,46,[],0,0,0
arey rape se bada mudda terrorism hai uspe baat kartey hai,0,58,[],0,0,0
inhone apni suraksha ke liye khoon ki holi khelisalute to these martyrsjai hind,0,79,[],0,0,0
aho tumhy rape kar k barbad hona hai,0,36,[],0,0,0
tu mujhay bta agar teray ghar mai ksi ko koi mar day ya tri mai behen ka koi rape kara tu kaa unn logo kay sath party kara ga,1,125,[],0,0,0
haathon se malo aata rape ko boldo tata,0,39,[],0,0,0
alia ki jagah shradha kabhi nahi le sakti i love cute alia i hate shradha kapoor,1,80,[],0,0,0
jab gaand lagi fatne to campaign lagi karne aise tweet hi kyu karti ho ki tum troll hoti ho be indian khoon me to desh ka namak hai na,1,134,['gaand'],1,9,1
todays hate shate target snapchat ya snapdeal whatever chalo ussko bhi baandh ke gaari pur bithana hai,1,102,[],0,0,0
mishaal khan k killers ko phansi di jaye with in one month,1,58,[],0,0,0
i feel like nafrat se accha dusmani ho jaaye kuch toh result aayega,1,67,[],0,0,0
suddenly sabne mere andar ka veerji aur veera ke liye hate jaga diya god i hate these two with passion,1,102,[],0,0,0
but maine koi edit karke nai bhejabhaktgirise time mile tho kam se kam khud ke dharm ke kitaab padh loshayad nafrat kam ho jaye,0,127,[],0,0,0
wallah hate it matlab seedhi tarah drive nahi ker sakte,1,55,[],0,0,0
rape ho gaya yami ka,0,20,[],0,0,0
big boss show mera khoon ma ha rahaga sir agra sa hu sir kushal rajput from agra uttar pradesh sa moka please app niras nahi karuga sir,0,135,[],0,0,0
condemn kr dia hai pmln leadership nebhai mere agr vote bachane hote to mumtaz qadri ki phansi ki mukhlafat krte,0,112,[],0,0,0
we miss bhutto today ye sb zia ul haq ka kachra haibhai agr usnay koi gustakhi ki bhi ho to was this brutal murder justified,1,124,[],0,0,0
sir giri hui soch rkhne wale ko show m na bulaya jae usse desh m nafrat felti h kafi aise log b hote h jo khud m kch ni,1,119,[],0,0,0
so sad akhir kab tak jehadi logaaise hi khoon bahayege,0,54,[],0,0,0
chawwal hai or zyada tar aise elite liberal cum irani supporters ik se nafrat krte hain,1,87,[],0,0,0
such kahu to kisi female ke baare me bura kahne me mujhe bura lag raha haibut kya karu ye kaam hi aisa kar rahi hai khoon khol jata hai,1,135,[],0,0,0
relationship me ho to loyal raho,0,32,[],0,0,0
tumhare time pass k chakar me kisi ko pyaar se nafrat hi na ho jaye,0,67,[],0,0,0
hate you aapse baat nhi karunga kabhi bhi,1,41,[],0,0,0
chain say so rahay thi yehkoie jaga kay chal diyaqissa mishal kay murder ka is ko suna kay chal diya,0,100,[],0,0,0
sir ji pata hai ye log chor haibut aap log apne kam par focus kijiye log bjp ko utna pasand nahi karte jitni kejriwal se nafrat wajah modi,0,138,[],0,0,0
tumhain sharam aani chaheye is brutal murder ko politicize karne pe,1,67,[],0,0,0
headline to kuch or bnata bhai tu tere jaise media ki wajah se hi logon me patriotism kam ho raha hai and terrorism bad raha hai,1,128,[],0,0,0
toothpaste mein namak ho ya na ho lekin khoon mein desh ka namak hona jaruri hai,0,80,[],0,0,0
ye pakistani ko pata nahi haijo terrorism wo hindustan ke khilaf istemal kar raha haiek din uske liye bhi bhari par shakta hai,1,126,[],0,0,0
iska matlab ye nhi ki ek character ko pura bewkoof hi dikha de ya phle thodi kam nafrat dikhateya abhi aur koi reasons bhi dikhate,0,130,[],0,0,0
ye kabhi jat pat se upper nhi uth payenge inke khoon m hai ye dumb worker,1,73,[],0,0,0
hahaha hate maat ar usee jabsach pata chalegi vo phirse old sona hojayegi,0,73,[],0,0,0
ghunda girdi rape gurbat bimariyan kishmiriyon p zulam yeh sub tou bharat main hai,0,82,[],0,0,0
kohli out hojao abd alone is enough to score chal bhag birat chutiya hate u,1,75,['chutiya'],1,5,1
shraddha ko hate krna unki mentality hai,0,40,[],0,0,0
jo smjhabe bare hate sb ek ek se nikal bahar kare ab sb k ab ek jaise hi bche hokaunko guna kaunko bhag main nhi jaano kauko hisab,0,130,[],0,0,0
tum to apni hi sagi bhanji ka rape kar rahe ho unke liye to sharafat bacha kar rakho wo to hindu hai hain baqi love jihad ham par chhodo,1,136,[],0,0,0
ha strong hai kisne bola strong nahi hai fir bi uss dumb rohit ko nikalna chahiye i hate because rohit rahul gandhi,1,115,[],0,0,0
aap to patthar maarne waale se bhi gatiya log ho vo kam se kam apni nafrat khul kar ke dikhate hai lakin tum to bus,1,115,[],0,0,0
phir rape me mp abal number par kyon sirji,0,42,[],0,0,0
nahi aunty mujhe jarurat nahi paregi she hate pizza and i love pizza to kabhi pizza share karane jaisa situation aaya hi nahi,0,125,[],0,0,0
jab khana kaba mai sab namaz parh saktay hai tou why we have to decide kai kon kaha namaz parh sakta haithough i hate saudis on odr issues,1,138,[],0,0,0
i hate this word shaadi ghatiya se ghatiya photo bhejo reject hone k liye,1,73,[],0,0,0
to teri behan aur mummy jisko tune rape kiya wo log pakistan me jeans or top pehan ke ghumte hai kha,1,100,[],0,0,0
kya yaar konse terrorism ko support kar diya yahan kisine aise to saal ke faizan ko bhi terrorist bol dogoli maar di sar ke peeche uske,0,135,[],0,0,0
dhoni ko kaise hate kr skte ho yaar,0,35,[],0,0,0
ye kis ka narrative hai pehlay terrorism r ab blasphemy pakistanion pay na khatam honay walay khauf k saey riasat kab maan bannay gi,0,132,[],0,0,0
kd kiya tum mujhe kitna hate karti ho,0,37,[],0,0,0
paisay nahi toh elaaj nahi hoga ye b ek kism ki terrorism hai,0,61,[],0,0,0
tera bap shayad tujhe bhi yese hi najaro se dekhta hoga tu to apane bap par b kisi din rape ka case laga sakti hai,1,114,[],0,0,0
how can anyone hate pijjaa,0,26,[],0,0,0
hmare nhi tumhare bap dada gulam the isiliye aaj tum muslim ho samjhe apni maa bahan ka rape kra ke bn gye muslim sale gandu,1,124,['gandu'],1,8,1
vikas pyar karta hy shilpa ne hate nhi,0,38,[],0,0,0
agar vikas ne woh dost chune hai matlab woh ansu bhi sache the woh torture jo usne saha woh bhi sacha tha shukar karo vikas hate nai karta ss koarshi jaisa dil paane ke liye ss ko das janam lene padengeaur std ki baat ss ne bandgi n puneesh jaise ghatiya logo ko dost maana,1,273,[],0,0,0
jo bat ho rahi jawab us k dainyaha rape ki bat hi ni ho rahi,0,60,[],0,0,0
run be gairet be sharem insan huokaj rui kai shikar huo bachi kai rape ka ziker ker kai lutf mazay laitay huo shame tum par,1,123,[],0,0,0
bhai ye kaise bhul gaye ki desh ke sare rapist baba hi hote hai asram wale aur nhi to desh ko badnam krne wala rape to hinduo ne hi kiya tha delhi kand bhot jaldi bhul gaye bhai us par bhi kuch bolo,1,198,[],0,0,0
taki hum aur hate kare,1,22,[],0,0,0
rahjan hu to rahban ka pta kiun nahi date gr raste ka patthar hu to hate kiun nahi date,0,87,[],0,0,0
right bahar aake even hina jo vikas ko hate krti thi shilpa ko hate krti thi usne bhi last mein vikas se frndship krli and shilpa ke liye bola ki they will all go for some picnic or long trip but maharani shilpa bolti hai woh hina se and akash se kabhi ni milegi,0,262,[],0,0,0
ha ha abhi kisko dekh rhe ho sanatan rashtra ke shudra ji tumhari drama baji ka samaye poora ho gyaye varsh purani kathaye sunakar vartman me dalito ki hatyaye aor rape krne ka logic dekar tumko shram nhi aati,1,209,[],0,0,0
arshi ki wajah se mere papa ko kyu hate kar re ho,0,49,[],0,0,0
vikash ke pas jo be gaya usne shilpa ke buraye keya i hate vikash arshi,1,71,[],0,0,0
twitter pay kisy ko hate nae karta aur bahir kisy k lia dil ma bugaz nae rakhta,0,79,[],0,0,0
hina kal insta pe aa jayegi waha tum log minority bhi nhi ho saare hina fans ki power shilpa k peeche lg jayegi ye bhi dhyan rkhna ab tk shilpa ka twitter saaf pda hua h hate messages se bhar denge kal aao jara,1,210,[],0,0,0
pic kuch nahi bol rahi h yeh hamare thought bol rahe hki hum islam religion se hate karate h,1,92,[],0,0,0
milne kaha aana hoga paise nhi hai aur emotionly pareshan hun ya to aap aajao yaha mumbai me shelter ka aur rape victims ke liye do project karo nirali korodia animal welfare sambhalegi aur mujhe rape victims ke liye project chahiye,0,232,[],0,0,0
pata nhi sach kya hai rape accused,0,34,[],0,0,0
bate hate kyo janab reason to sab samne aate hai na dekho apni jankari achi rakho or agar hai to usko use karo barbad mat karo,0,126,[],0,0,0
or pakistan ki baat kaar lo majority aap logo ki hai baacho ka rape kark acid main dala jata haimeans asi asi harqate ki isnhan ki ruh kaap jaye,1,144,[],0,0,0
agar koi bhi insan india ke andar rape krta hai to usko marr diya jaye or char raste pr usko tanga diya jaye tab jake crime khtm hoga yeh saal or saal ki saja suna kr nhi,1,170,[],0,0,0
is song mein jo word bole hai aapne who is duniya ko except karna padega kyunki yeh sach baat hai paaji aap rape nahi mathe aap hum logo ko inspiration death ho paaji main aap jaisa insaan aaj tak nahi dekha kahin nice paji l love you,0,234,[],0,0,0
logon ne tujh jaise gawaron ko minister film pe review ke liye nhi banaya ram rahim ke talve chat liye ab pratidin ho rhe rape pe soch le,0,137,[],0,0,0
kisi ladki k sath ye sab kar k aap kya dikhana chahate ho apni abringing,1,72,[],0,0,0
agar hindu hit ki bat karte ho to aise aise babao par karrwayi karo jo chhoti bachhiyo se rape karte ha,0,103,[],0,0,0
iska rape to dekhna hai,0,23,[],0,0,0
kapil mishra tumhari party ki aukat dikha chukekumar vishwas bhi saap saabit ho chuke hkejriwal p aarop abhi hate nhi hsisodia ji delhi ki arthvyavastha sambhali nhi ja rhe desh mein kapil delhi bhi aatatum bhi aaj apne aukat apne baat se zahir kar diyeanti pm,0,260,[],0,0,0
sahi hi toh boli hain rape ke bina koi aaj netriabhinetri thodahin banati hain koieis mamale me pahale ki sarkare toh nikkami thi hi aaj ki sarkaren bhi nitthli hi hainkya hoga eis desh kakaun rokega eis jaghnya aparadh ko,0,222,[],0,0,0
sai hai ye kehri ban rape jaise aagey to sarkaar ne choot de rakhi,0,66,['choot'],1,8,1
i hate those people who play mind games bhai jo masla hai moun pe bolo fuzool k mind games khailnay ki aur nakhray karnay ki kia zaroorat hai ajeeeeb,1,149,[],0,0,0
duniya main koi sabse jayda achi kaum hai woh hai sikh kaum main tahe dil se sabhi sikh bahi baheno ka shukriya ada kerte hoon ki jab suar ki aulad muslim mughal hindusikh behno ka rape ker rahe the tab maharaja ranjit singh ne sabki jaan bachayi thi i am an indian and loves,0,275,[],0,0,0
personally ye hai ki ham jis kamre me rahte hain mera room partner jha ji brahaman hai aur pichhle saal se saath me rahte hain ek hi bartan me khate hain aapko rohingya se nafrat kyon hai,0,187,[],0,0,0
khud to dusro ka dil dukhate h log aur badi badi batein karte haibut kehte h na nafrat kabhi nai jeetti and mehar you n your hina lost,1,134,[],0,0,0
abe bc rape karna ek dimagi bimari haikam se kam ise to rajniti se mat jodrape karne wala bhi ek aatankvadi se kam nahi haidimag hai to us ko beta use bhi kar,1,158,['bc'],1,10,1
ravish ji itni hate speech kyon modi ke bare m,0,46,[],0,0,0
bhai fir bhi jeet pandawo ki hi hui thi pta hai kyo kyonki shree krishan ji dharm ke paksh me khade the puri mahabharat me sirf aur sirf surdarshan chakr ki dikha tha maharaj barbarik ji ko jo kalyug me shyam ke naam se jane hate hai khatu me unka mandir hai jai shree shyam,0,274,[],0,0,0
aajkal kuch kutey keh rahay hain buchon ko jinci taaleem de jaey woh beghairat yeh demand karein k zalmon ko sharai sazain de jain arab main kion jinci taleem de jati kya wahan kids se rape k cases hotey hain,0,208,[],0,0,0
agar piche hate to bewafa,0,25,[],0,0,0
are beshram mp sahiba ye baat to sahi he ki kai sallo se rape ho rhe he ye batane ke liye tumhari sarkar nahi bnwayi thi kuch upay nikalo ki rape kuch kam ho ya tumhari sarkar b yahi kahti he ki sallo se chalii aa rhi kuriti me hi jiye aam log,1,243,[],0,0,0
are sapna jee jab fulan devi ke sath rat tak gang rape hua aur use nange kuwa se pani magaya gayaus samay ye sare hathiyar kya modijee ke sath chay becho rahe the ya pakaude,1,173,[],0,0,0
taiji o bai hum chandan k jaise ghis jaaye par yahan kisi ko koi farak nai padta ne vaah lekin kya karein bade h na hume toh apna farz nibhana padta hai thnkyou abha mam fr making us hate taiji,1,193,[],0,0,0
pura desh mar raha hai koi mahengai se koi berojgari se koi note bandi se koi gabbar singh tax se koi rape se jawan pak goli se kisan bhukhmari sephir bhi modi ji mahan vote unko hi millenge,1,190,[],0,0,0
socha tha sath degi par guilt hai isme help me help rape victims,0,64,[],0,0,0
mai kangana ke alawa koi celeb ko hate nahi karta,1,49,[],0,0,0
itna bada comment rape ke against hi likh dete chutiye,0,54,[],0,0,0
jub kis larki ka rape hota hai jaisay aj kal pakistan main ho raha hai to woh mar jahi hai hain air us ki tadfeen kay bad aziz o aqarab un kay ghar jatay hain aur us kay walid aur qareebi rishtar ko kay sath afsos kartay hain aur kehtay hain,1,241,[],0,0,0
jub kis larki ka rape hota hai jaisay aj kal pakistan main ho raha hai to woh mar jahi hai hain air us ki tadfeen kay bad aziz o aqarab un kay ghar jatay hain aur us kay walid aur qareebi rishtar ko kay sath afsos kartay hain aur kehtay hain,1,241,[],0,0,0
pure punjab me is waqt rape case sab se zyada he showbaz sirf metro commisions k peeche laga hua he law and order ka pata hi nai drame baz ko,0,141,[],0,0,0
ye sari baate sab samjhte han bas humari sarkar ko samjh nhi aata wo bas tamasha dekhti han rape thodi badi baat han movie badi baat han aaj rajputo ne apni ekta dikha di agar aise hi sab ke rape ke khilaf khade ho jaye to,1,222,[],0,0,0
tere ko pyar toh nahi ho gaya usse love hate wala,0,49,[],0,0,0
hhhhhhhh beta jake gyan le tu pehle sale baramha ne apni beti se balatkar kiya jabhi tum log aaj usi ko follow kar re ho up me saga baap apni sagi beti k sath rape karta raha usi ki marzi se kahe to video dikhao tujhe usne bola k yah hamare dharm ki parampra hai baramha ji ka ads,1,280,[],0,0,0
rape kya plastic polythin hai kya boldiya ban to abse rape band kya yaar kon likhta ye sab,0,90,[],0,0,0
tune kya kiya rape victims ke liye,0,34,[],0,0,0
congress hindu terrorism ki baat krti thi khun kholta tha lekin jaat aarkshan aur karni sena pardarshan k bad india taliban banane ja rha h,1,139,['jaat'],1,1,0
karni sena k liye ye zyada zaruri hai baki rape doesnt matter,1,61,[],0,0,0
aasha n ritwik mere star me se ek the pvitra rista se bt now i hate both of u aasha n deepika apko hina se itni kya problem h jo uska mjak bna rhi ho phle khud ko to dekh lo hate u so much ab ap apne fans kho denge bs ku paiso ke liye,1,234,[],0,0,0
aaplog sun se garmi mat lena kyunki hinduo k devta hai surya are mil jul k raho upadesh rana jaise logo ko aaj isliye itna hate speech dena pad raha hai kyunki islamic rulers ne hinduo pr bahut atyachar kiya hai ye sirf reaction hai us terrorism ka jo islam k naam pr faila hai,0,277,[],0,0,0
kisko jyada prefer karne wali baat nahi saaf saaf dikhta hai hes die hard hater of srk maine to koi varuniac ko dekha nahi aisa andha hate karta ho kisiko like kya sirf looks aur wo log ki soch to pata hai na jo jyada hit wo hamara fav aadhe to us wajah se like karte hai,0,271,[],0,0,0
koi aisi cheez jo haryana mei acha hua ho crime rape baba har kuch hota hi rehta hai or khattar sahab masoom bane rehte hai jis state ka police officer rape ko jata hai bolta hai vo state mei ladkiya kaise aayngi,1,212,[],0,0,0
tab batana v sadi ar v sadi m antar aur haan jo rape ki ghtnaye ho rahi hai to tumhra kun ku thanda pada h ya rasta deekh rahe ho jb apna ghr jalega tb dekhrnge peso ki bhuk me tum jese log nange ho sakte hai rajput samman ke liye jaan dete h,1,242,"['sadi', 'sadi']",1,10,1
aap jaisi ladies sare world mai faila hua islamic terrorism ko khatm kar shakta hai dekhte hai pakistan mai sachche musalman kitne hai aur kaun aapke sath aata hai,0,163,[],0,0,0
kashyap madam ji kisi ko goli marane se pahle pucha jata hai ki goli lagi kya rape hone se pahle kya pucha jata hai ki rape hua kya,0,131,[],0,0,0
teri gaand kyu jal rhi h chutiya itna blind hate late kaha se ho brainwashed ho gya h tumhara salman is most loved star thoda tameez se bol,1,139,"['gaand', 'chutiya']",1,14,1
dont hate them kabi kabi khush b karte h ye,0,43,[],0,0,0
bhai ham to gareeb hain burari gaon ke bhole ke bikhari ham to apne bholenath ke saamne haath faelate hain tum piddio jaise bar waali videshan aur sukanya ka rape karne waale pappu ke saamne nhi,0,194,[],0,0,0
daily rape ho rhe uske virodh mat karo,1,38,[],0,0,0
pahle itne nahi hote the ab films bahut sex se bhari hein aur sharab ka prachlan bahut badh gaya hei films par to rok lag nahi sakti par pure desh mein sharab bandi ki ja sakti hei ap payengi ki rape ghat gaye hein,1,214,[],0,0,0
itlay waali bar dancer kabhi indian nhi ban sakti indian banne ke liye sanskar chahiye jo itlay bar waali me ho hi nhi sakta jisne aisa pappu janma jo sukanya ka rape kare ladies toilet me ghuse shame,1,200,[],0,0,0
kuch log bol rahe hai padmavat film dekhi nahi phir virodh kyon ek baat bataye rape hone se pahle koi dekhta hai kya kisi ka apman hone se pahle apman karane practice karte hai kya,1,180,[],0,0,0
jab mulayam mayawati ke izzat lutwa rha tha to ek akele sanghi ne lathi ke dum pe mayawati ki izzat bachai aur baad me mayawati ne sareaam usko rakhi bandhi ye fact hai pta kar lena aapke pappu ke tarah sukanya ka rape nhi kiya,0,227,['dum'],1,2,0
kiran kher ji aap k sath bhi huwa kya rape jaisa kuch warna aap kaisa kati hi k rape ek mamuli bat hi matlab aap k sath bhihuwa hi,1,130,[],0,0,0
sirrkash intna hungama rape k against hota to aaj india se rape khatam hogy hota itni himmat itni aawaj ye log hindustan ki ldkio ki safety ke liye dikhate to sach me is desh ki ldkiya grv see khti ha hm is desh ki rhne wali h bt reality kuch ur h,1,247,[],0,0,0
haa hamko hate karte hai na log jaise shilpa ko bure log hate karte hai waise hi humko bhi bure aur evil log hate karte hai,1,123,[],0,0,0
to sun aysha unki biwi thi jinka sabke samne btor nikah howa tha nabi pak se jis ki nikah ho jata hai to woh apni biwi ko bhaghaye ga kyo ab tum batao tumhare baap barahma jisne sara sansar banaya usne apni hi putri saraswati se rape kyo kiya aur apni ji putri se shadi kyo ki,1,276,[],0,0,0
kashmiri musalmano ki harket bhi to dikhao jinhone lakho kismeri pandito ko maar diyaunki bahan betio ka rape kiyabehisab atank machaya jiski vagah se lakho kismeri pandit beghar ho gaye,1,186,[],0,0,0
baramha ne apni putri saraswati se kyo rape koya tha,0,52,[],0,0,0
ya to ek kanoon bane ki rape karne wale ka private part hi gayab kr do banao aisa kanoon to janta jane ki kis party me dam h,0,124,[],0,0,0
ek rape iska bhi hota to samajh patti kitna bura cheez hai bjp ki leader hai paise and power se jyada matlab hai inlogo ko,1,122,[],0,0,0
koi ghotala hi nahi hua manmohan singh ke time sabse tez development thamain koi congress se nahi hui hate congressbut jo hai toh hainote bandi ne desh ko barbaad kar diya,1,171,[],0,0,0
arakshan hate to umeed jage ise hume nhi banana,0,47,[],0,0,0
kabhi na bandho nadan parindo koakhir ho ud he hate hai,0,55,[],0,0,0
bevkoofon ye rarhn nahi aatankvad hai terrorism hai deshdroh hai isme tum log desh ki property ko nuksaan pahunchaoge,1,117,[],0,0,0
is nalayak admi ashwini chaudhary se puchana chahiye ki usne rape victams ke liye kya kiyabhansali ho ya koi aur director sirf paise kamane se matlab,1,149,[],0,0,0
tera haryana me rape nhi hua kya abhi tak,0,41,[],0,0,0
i hate traveling alone ajakal to bajuwalo se bat karane ki iccha bhi nai hoti,1,77,[],0,0,0
saley ullu chor n rapist tere ghar mai ghusega to tu kya karega bibi ka rape honey dega ya lath mar kar bhagayega kabhi to akal lagaya kar,1,138,['ullu'],1,1,0
agar koi solon tak acche kaam kare aur last me kisi ladki ka rape kare to uske bure karmo ko bhula dena chahiye kya yahi sikhati ti humari sanskruti,0,148,[],0,0,0
thats my opinion dont hate me,0,29,[],0,0,0
shame on shilpa kairaath ki jeeth hai ithna udd math hina task karke paisa bacahyi thi evn lakh b usne jodke diya tha sharam nahi atha kisi aur ka mehnath ka paise leke gayi hai ab tho chup ho ja i hate u wen u laugh like crap,1,226,['chup'],1,1,0
though i hate ijt but ye dehshat gard wala hulya kaisa hota hay,1,63,[],0,0,0
bhuvan tu kabi social topic like aj kal boys ke liye koi law nai girls rape ka juta case lagti he boy pe uspar tu q koi video upload nai karta,1,142,[],0,0,0
kutte ke pile tu b kisi rape ka paidaish hai,1,44,['kutte'],1,2,0
so padmavat dikhane se rape bandh ho jaega,0,42,[],0,0,0
haa yaar wahi hogipehle meko laga joke hai fir dusra hate msg aagaya,0,68,[],0,0,0
modiji kab tak rape hota rahega india mai kab vikas aaega aadhar toh ban gaya ab kya chahte ho kuch toh karo pictwittercomxmspkdqwo,0,131,[],0,0,0
kahi aapko koi hindu terrorism failane wala na khde pictwittercomgfxkdhk,0,72,[],0,0,0
love hate ke baarein mein tu hi baat kar rahi hai,0,49,[],0,0,0
vaise tum mam ke haters ko hate continue karne ko kyun keh rhi ho inhe to koi haq hi nhi hai shirley mam ko kuchh bolne ka agar mere bas mein hota to main shirley mam ko hate karne waalon ka social network se naam aur nishaan hi mita deta,0,238,[],0,0,0
kuch din pehle ek news aya tha pakistan m ek ladkamurgi ko rape karte pakda gayatum logo ko or kuch nhi milta kya,1,113,[],0,0,0
aap sahi hai i know thats but salman say his interview in aap ke adalat with jo log ye kahte hai mere liye kya kiya wo salman bhai ke looser category m jate hai to salman bhai ye kaise kar sakte hai jab ki wo khud hate karte aise logo se,0,237,[],0,0,0
ab tak hazar civilian terrorism ka shikar ho gye hain kiya civilians ki koi aukat nhe aher kon responsible hai,0,110,[],0,0,0
hate kr ke dekhao ma nasan v pan deniyan p aho,0,46,[],0,0,0
ye rape rokega nahi shoot karne mein laga rahega kya gobar dimaag hai,1,69,[],0,0,0
vishal bhai ab to hate story ka poster dikhao,0,45,[],0,0,0
jis rajya me beti ka rape hota hai wahan asmaan se tatti hi giregi,1,66,['tatti'],1,3,0
fazool mei srk ke liye aur hate badh jaayega bc,0,47,['bc'],1,10,1
mera jawab un shilpa hatters ko hai k sunobe sale kamino tum jake kahni marjaoapna kutta giri mat dikhaoshilpians k liye mar mittneko tayar hnetum apna hate hume mat sunao apna ek group banao usme discuss karo kuttooo,1,217,['kutta'],1,2,0
kal ko bjp ki state govts ko agar rapists bol dein ki ladkiyon ka sadak pe nikalna ban karo warna hum rape karenge toh govt ladkiyon ka nikalna ban kar degi kanoon vyavastha bigadne ka bahana de kar,1,198,[],0,0,0
chingri ko hate,1,15,[],0,0,0
naa ji vo bhi hate karogi,0,25,[],0,0,0
elish mach bhi hate karti hu chingri bhi toh kya hua,1,52,[],0,0,0
correct y log tab tho aate nhi jab kise k saath rape hota hai jab kise ladki ki insult hote hain tab kaha hote hai y log,1,120,[],0,0,0
beta rape ki baat mat kar jub sheela rani delhi ko loot rahi thi tub wahan bohot rape hue the humari party fas sakti hai,0,120,[],0,0,0
bhai isse srk ke liye hi hate hoga,1,34,[],0,0,0
nai fokat ka hate nai chahiye srk ke liye,0,41,[],0,0,0
thank god mulle tera rape nahi hua bol bhi le mulle jai shree ram,0,65,[],0,0,0
i hate vikas gupti plz shilpa ka naam is bandar aur ghatiya aadmise mat jodi,1,76,[],0,0,0
abi tumhare page par hi comments karke aaya hu open challenge hai ke chamcho jine bhi ho aajao tumhari aisi ki tesi show chod kar bhagne wali bhagodi shilpa i hate you shubhangi mam ko copy cat bol me wali ghatiya actress teri bahut jalti hogi,1,243,['chod'],1,7,1
bhai tu khud rape karega to bhi kuch nahi bolenge khush,1,55,[],0,0,0
kutte tune vo rajsthan ka dekha hindu hi tha sambhu jo apni bhen ka rape kr rha tha or bjp wale or hindu uske account m paise dal rhe the,1,137,['kutte'],1,2,0
panel main vikas gupta ko napasand krti thi lekin ab nafrat krti hui hate him or looser sb kuch jante hue v shilpa ko blame kr rha hvikas ka chamcha,1,148,[],0,0,0
i hate sunil groverkoi agar mujhe free me v unko milne ke liye bulayee na main thukne v nahi jawungehe hurt me,1,110,[],0,0,0
naqli tasveer vaale daanishmand bhakt maharaj mujhe hate monger bulaane se pehle aainaa dekh liyaa hothaa jai hind,1,114,[],0,0,0
phir chae wo ander se hate kre,0,30,[],0,0,0
aapke samay bda mahilayaen surakshit thisir ji kitna jhut bologe desh se lgta hai nirbhaya rape case bhul gye aap,1,113,[],0,0,0
nawaz sharif ko btao k punjab police theek krle taaake chotu gang se muqabla krske take pornographic videos na bne taaake rape aaik shehar mae aik saal mae na hooo take rape pore punjab mae aik saaal mae na hoo,0,210,[],0,0,0
ek cm gaaye ki seva mai laga hua hai aur baaki cm ko ban kraane mai lage hue sabse jaada beshram haryana cm jo har baar mauka deta hai sabko kuch na kuch bolne pr chaiye voh ram rahim ho brutal rape ho ya padmavati ho i hate these cms of,1,237,[],0,0,0
agr cong hq mein rape hua toh pappu k chamche jisse rape hua us bechari ko bhul jayenge aur is point pr sibal ko bhejenge ki proof ko null n void karwane ki koshish karo coz chupkr banaya gya tha,0,195,[],0,0,0
bhai gussa hone ki baat nhi h ismem bhi fan tha me mere sath ka sara group ab hate karta h kejriwal se kyo ki wo pahle imandar tha lekin ab halat dekhoprashantyogivisvas saalo ke sathi se acha gupta lag rhe h unko,1,213,[],0,0,0
bibi pakistan kya sirf bomb banane ke liye or bakriyo ko rape karne ke liye banaya tha nation theory bhool gayi aap,0,115,[],0,0,0
baajirao mastani was a diff film and that movie was based on their love storyaur ek film ko aap log itnaa seriously le rahein hainjo itne rape cases aur auraton ke saath jo dush karam hotey hain uske liye toh aap log koi morcha nahin nikalate,0,242,[],0,0,0
tumhara rape kab hua tha kiran jii aur kitne saalo ho raha hai apko report karwana chahiye be brave aage bado inspiration bano,0,126,[],0,0,0
ki jkn ka mazak bana hai alia sahi this vd ne galt jawab diya sab mazak iska banate hai alia ko ab bas pause wale logo se matlab sid not a starkid thats why alia ko ab starkid buddha mil gaya hate alia hate,1,206,[],0,0,0
ye gyan ki baat batane ke liye dhanyabad kiran ji ye baat kisi ko maloom nehi tha ab apki sarkar hai ti rape hota hi rahega ya rokengeapki in gyan se rapist ko kafi himmat milegasabash,1,184,[],0,0,0
to tere hisab se rape hone ka karan choti dress hoti hai,1,56,[],0,0,0
delhi me nirbhaya ka janter manter me halla karvaya or anupam khair kiran ji apne bahut butter modu ji ko lagakar mp ban gaye or abhi rape jaise savensan point se kyu bhgati ho,1,176,[],0,0,0
haryana mein rape cases ho rahe hai uske against tune aaj tk kuch nahi kiya hoga aur yahan tu apni marwa raha hai,0,113,[],0,0,0
bhai isko malum hai ki iski maa bhahen ki ashram mein ijjat kheli ja rahi hai per kya kare inke waha rape ki prashad bolte hai,0,126,[],0,0,0
pata ni kya hoga is desh kaek movie ke banne se itna bawal so gayabc rajasthan mein sabse jyada rape hote h tab kaha chale jate h ye karni sena walechild marriage bhi waha se hota h sabse jyadatab kaha ghus jate h,1,213,[],0,0,0
gali dene ki ischa hoti hai jab nirbhya rape hua tha tab kaha soye hue the castinism desh ko khaa jayega,1,104,[],0,0,0
bahut hua yarr women k samman ki bat karne vale itihas ki bad me bate karo present me kitne rape hote hai tab kaha so jate hoo non sense,0,136,[],0,0,0
hes good yaar pata nhi bechare ko kyun hate aati hai,0,52,[],0,0,0
incredible india log bachchiyo se ho rhe rape pr skht kanoon ki maang k liye itne ugr nhi hote jitna pdmawat k liye shayed rape choti baat h inke liye,1,150,[],0,0,0
jo veerangana nahin raheee uskein liyeh johar karna chhatein ho aur ji veer aurtein rape ho rahee hain co zinda gain unkey liyeh kuch karro,0,139,[],0,0,0
arre waah osama bin laden k aulaad aaj terrorism pe gyaan pel rhe hai,0,69,[],0,0,0
dekho ek bat agar tune batai to kasam se tuze troll karana band karungi tu shilpa se etana jalati kyu ho akhir kya bigada hai shilpa ne tumhara jo use hate karati ho tumne aur shilpa ne kabhi kam bhi nhi kiya sath to problem kya hai,1,232,[],0,0,0
bubarak ho izzat dhak li abhi unki izzat bhi bacha lo jinka har do din me rape ho raha hai,0,90,[],0,0,0
par fir bhi har din rape hota hai har din bharat ke kisi na kisi kone me koi khilji hai jo kisi padmini pe aankh lagae hue hai uss ke lie koi protest kyu nahi karta tab koi khilji ko saja sunane ki maang kyu nahi karta,0,218,[],0,0,0
naa do huh chaheay bhi nae waise bhi i hate docs,1,48,[],0,0,0
jo muje follow karne k baad chupke se unfollow kar deta h me usko hamesh k liye block kar deta humuje gadaar selfish and makkar se bahut hate h bhai,1,148,[],0,0,0
vartman ko bachana utna hi zaroori hai jitna ki itihas koto fir kyu koi sawal nahi karta jab har saal sekdo auraton ko jauhar karna padta haikhud ko rape se bachane ke lie aaj bhi sekdo auraten suicide karti hai,0,211,[],0,0,0
we hate karni senasc ko chabuk chalana chahiy,1,45,[],0,0,0
agar sarkare unhe giraftar nhi karti ti barkhast kr deni chahir sarkareye sb kuchh netaomantriyo ke support sesarkare mil kar kr rhi hwe hate karni sena,1,152,[],0,0,0
kisika fan hona matlb dusre ko hate karna kab se ho gaya,0,56,[],0,0,0
r e bhaijan puri dyniya janta hei ki pakistan ka har ek moholla terrorist hub hei is baat ko leke kaheka jhagra pakistan to hua hi tha terrorism ke liye aj yahan saraswati puja hei hume puja karne do,0,199,[],0,0,0
ye jis jagaa k hain p waqaii koi muqaabla nahi karsaktaye jo naa karain wo kam haikabhi insaan ka gosht khaatay hain to kabhi rape blah blah blah bohot naam roshan kya hai inho ne mulk ka,1,187,[],0,0,0
bihesaab aake bohot achcha honey ka natak kar rahey heinhate them,1,65,[],0,0,0
saal lalu ka jungleraaj bolne walekhud saal se nautanki raaj bihar me kayam kar diyamahajungleraaj bihar me chal rah ahimurder rape under sum light are common nowits called vikas hota rahega,1,190,[],0,0,0
toh k dekar rehabilitation ke liya bhej do jaisa ki rape case hota hai india me,1,79,[],0,0,0
halala ki paidaish kuran hi chunega indian constitutuin k badle saale ye kyu bhool jate ho ki pahle the to tum bhi hindu hi babar aur aurangzeb ne hi tumhe hindu se muslman bana dia hai ab kaise banaya kiska rape kia kiska halala hua ye tum khud pata kr lo,1,256,[],0,0,0
ek aurat ka rape ho gaya hai yaha wo use bhi politics me uska bachao kar rahi hai,1,81,[],0,0,0
karani sena ko rupiya chahiye de de sanjay leela mamla pura ho jayega e log jab ladkio pe rape hota hai tab kaha so jate hai,0,124,[],0,0,0
abhi hi gye haiaane waale election mai dekhnanaamo nishan nhi rahegaaapne sabka viswas toda haihate you,1,103,[],0,0,0
mut toh tu peeta h katwe sir tere baap jinhone tumhare baap dada ki jabardasti muslim banaya tha tumhari maa behen ka rape kiya tha camel ka urine dubai me tum peete ho,1,168,[],0,0,0
am going to watch no matter wat my love fore deepika n ranveer and my for will never end desh ki bahu betiyon me izzat ke liye lado bharat bandh tab karo jab desh me kisi ladki ka shoshan horape ho,0,197,[],0,0,0
hume aapse deshbhagti ka certificate ni chahiye aap haryana mai honrhe rape pe bhi kuch bolo ya apni naakami chhupane k liye iss film ka sahara le rhe ho,0,153,[],0,0,0
ye kya guruji fake id banake aaye i am not supporting that hutiya khilji i hate those who r booking padmavat tickets instead of we want deal with karni sena jo log padmavat dekhne jayenge hum unhe jabardasti kaalakandi dikhayenge,1,229,[],0,0,0
arvind ji kya aap uss behanbeti ko juootha kehte houjis ko aap ke mla ne raasancard banne ke badle rape kiya thaaap ko sharm aani chahiye jab aap bolten hain jhoothe kes main fassa diyakoi ourat jhooth bolegi kya mere sath rape hua,1,231,[],0,0,0
kabhi ja kar kara lo to dard malum chal jayegi ki jinhe rape hua hai wo kis dard or mansikta se gujar rahi hai is liye me kisi neta wo bhi egoist or uneducated samajik tor par or actor ko nhi maanta ye log k liye sirf aam inshaan kirdase badh kar kuch nhi hai,1,259,[],0,0,0
tumari koi apni ladki hai jab uska rape hoga tab mai kaunga ki rape toh salo se ho rahe hai you darty women,0,107,[],0,0,0
gashti ki bachi hay tu woh kanjar parliament jo zainab kay rape or qatal pay na jagi wohi parliament lanat bhainy pay jag gyi or tera baap phoolon ki salamian lay raha hay helicopter say lanat tujh payterah bap pay or tumhary supporters pay,1,240,[],0,0,0
tu bhi zainab kay khoon or rape main brabar ka shareek hay teri baiti kay sath allah na keray kabhi aisa hojo shaks namoos e risalat ka mujrim hay woh tera ishq hay matlab ns teray liay nabi pak say berh ker haylanat teri paidaish pay and teray maan bap pay lanat lanat,1,269,[],0,0,0
ye log rape ko jurm mantey kahan hain sahab in k nazdiq in ka hr shitani amal jaez hai,1,86,[],0,0,0
i hate my university koi us jagah ko aag laga dey,1,49,[],0,0,0
ye bhai ke rape aur behan ke chori wale jawab sunne wale patrakar hain,1,70,[],0,0,0
yhan bat hate ki horhi hai,0,26,[],0,0,0
aarz kiya hai station peh gaadi aksar late hoti hai station peh gaadi aksar late hoti hai jisse love hota hai ussi se hate hoti hai mera rudy,0,141,[],0,0,0
apny bachon k sth rape kar k unko maar k kisi koodday men nhi phenktay,0,70,[],0,0,0
footage ke liye ithna gir sakthi ho hai maine kabhi nahi socha mein tume dilse respect karthi thi lekin aaj tumne ekr mai jo kiya tumne saari izath kodhi arshi hina chahathi thi tho tumari insult kar sakthi thi media lekin nahi kiya yehi farak hai tume aur hina mai hate u arshi,1,278,[],0,0,0
iski maa gai hogi koi mandir mein to bhahubai ne rape kar dala hoga isliye iska naam bhahubai hai,1,97,[],0,0,0
naaaa hate chai,0,15,[],0,0,0
to phir thik hai i hate shikas thing,1,36,[],0,0,0
rape ke liye koi bjp ya congress jimewaar nhi heske liye pura samaj jimmewar hai,0,80,[],0,0,0
bahate ho khoon tum ahle wafa ka,1,32,[],0,0,0
apka i hate you qubool hai baar qubool haihamesha ke liye qubool hai,0,68,[],0,0,0
aisa na i lovee youu u cant hate me mujhe pata hai,0,50,[],0,0,0
akkhi ki fan thi ab i hate him,1,30,[],0,0,0
hina ki awaz se problem hai tume kabhi khudh ki awaz suni hai kaano mai blood aajathai hai tumare awaaz tum show mai mazak ke naam pe insult karthe ho sabki woh sahi agar wahi kohi karde tho galath troll karna shuru hojatha tumara gatiya show ki gatiya employee hate u,1,268,[],0,0,0
pehlay aap inhein rape murder say tou bacha lein,0,48,[],0,0,0
han rape hoa bachi ka wo bhi maan baap ka qasoor tha din deharray jawan jahan aulad maar daali tou bhi parents ka qasoor,1,120,[],0,0,0
kiran kher ji ki khud ki beti ka rape hota to bhi yahi bayan deti vo samjhe bjp raj me hua rape bhi deshhit me aur rashtrawadi rape hota hai hai yar samjhte nahi tum,1,165,[],0,0,0
ye jitne bichari dekhti hai na utne hi chalu fake hai ki tarraha i hate her,1,75,[],0,0,0
aap do loogo ki din purani conversation ko stalk kr k apnay hate comments leave kar rahi hain meiney aap ki conversation me jaa k nahi likha aur na hee koi mean baat kahi,0,170,[],0,0,0
desh me tum bhi hu khud bhi kuch karo ke pehle tak kitne rape huwe hai,0,70,[],0,0,0
yogi for up k slogens lage hume b laga kuch naya hoga honestly in was the happiest person to hear this ab laga up sahi mein change hoga but kya hua crime bada rape cases badeab samjh aaya khel sirf kursi ka hai log hayen bhaad mein,1,231,[],0,0,0
teri bhahen to pehle se hi rape kar wa rahi hai tere aur tere dosto se,1,70,[],0,0,0
nd one more thing agar koi hindu apne haqq ki ya apne against kuchh ho tabhi pseudo intellectual ko rape inntolarancemurderkyun yaad aata hai and inko rape hui ladki ke sath itna lagav hai toh sirf nirbhayakand ke time kyun road par the,1,236,[],0,0,0
lekin bachho se rape normal ghatna nahi hai bachho se rape par phansi ki saja ho aisa kanun bane,0,96,[],0,0,0
everybody ignores such brutal rape cases,0,40,[],0,0,0
beti bachoo naaro do phir rape kro maar do phir media me aake bolu betioo ko ghr se bahar nhi nikalna chahiye,1,109,[],0,0,0
ye hai bjp walo ki akal koi isko puccho iski khud ki beti ka rape hoga tab bhi yahi bayan degi kya,0,98,[],0,0,0
yes but they should be bilateral aisa to ho hi nahi sakta na ke poori duniya ko jo aadmi pasand aata ho uska poore jor se hate karne wala hi honest ho,1,150,[],0,0,0
jali ko aag kehte hai buji ko rakh kehte hai jo apni maa bhahen ka rape kare aur rape karway use bhagwi hindutva kehte hai,0,122,[],0,0,0
news channel mein pata raha hai us suvar ne apni bhahen pooja ka rape kiya hai ek aur jhoot akhir zahil gatar chap kari kya sakta hai,0,133,[],0,0,0
tere bhagwi baap ki maa ka rape konse baba ne kara,0,50,[],0,0,0
yeduurappa is honest jay shah is honest mopalwar is honest prakash mehta is honest a raja is honest adarsh scam nahin huabetiyoon ka rape nahin ho raha haiaapko zara si bhi sharam hai kya jo ab bhi naitikta aur desh bhakti ki baatein karte hai sir,1,247,[],0,0,0
isliye ye chutiye media waale salman ko itna hate karte itni negativity karte h saal se yhi kar rhe h lekin kuch ukhad nhi paaye,1,128,[],0,0,0
betiyoon ka rape ho raha hai lekin aap toh apne aish aaram me mast haidesh ko bewakoofiyaan banate banate abhi maan nahin bhara kya sahebg nahin hua adarsh nahin hua mopalwar free axis bank free and pm saheb on world tourdesh sharminda hai ki aapko suna aur chuna,0,263,[],0,0,0
ek movie ne logo ko gyan gyani bana diya haryana me rape horahe hai kabhi uske liye b lecture dedijiye ya beti bheno ke liye guru gyan khatam hogua apke pass,0,157,[],0,0,0
sanbhu fir bhikari ban gaya aur usko crore pati banewale bhi bhikari ban gay kyu har ghar mein sanbhu balatakari apni bhahen ka rape kar raha hai,0,145,[],0,0,0
teri bhahen tuje kya keti hai bhaiya chor do mein aap ki bhahen hu haram khoro kam se kam apni bhahen ka to rape mat karo,1,121,[],0,0,0
kya huva apni bhahen ka rape kar raha hai kya sanbhu ki taraha,0,62,[],0,0,0
krishna chor jo ek radha naam ki randi ka rape kiya tha aur logo ko chutiya banaya ki mein makhan chor hu,1,105,"['randi', 'chutiya']",1,13,1
rape karwa jake apni amma ka are mein bol kyu raha hu vo pehle se hi rape pirit hai,0,83,[],0,0,0
hindustan ke tamam log chahte h ke jis trah se auraton ke upar crime bhadr rha h gang rape ke waqia ho rha iske liye central govt wali modi sarkar strong law bnaye,0,163,[],0,0,0
sab k dil ki baat aisi he hai koi working saturdays sey pyar nahi kerta we hate them,0,84,[],0,0,0
ladki rape karne k liye bani hai,0,32,[],0,0,0
karni sena waloo jara saa bhi sharam hai chotay bacche ka rape ho raha hai haryana may un rapistoo ko pakroo,1,108,[],0,0,0
ha vo to sab ko dikh hi raha h ki ap logo ki govt h haryana me kuch bolne se pehle thodi sharm kar leti din me rape ki vaardaat hui h aur baat krte ho beti bachao ki,1,165,[],0,0,0
days rape in haryana,0,20,[],0,0,0
bhai yeh sena tab kidhar thi jab terrorist attack hota haiyeh kidhar hoti hai jab brutal rape hota haisad to see this hope they do something for nationa rather than sanskritikyouki desh nahi toh sanskriti kya karegi,1,215,[],0,0,0
alhumdulillah we love khan or ha saal say jo log parliament kay sath rape ker rahey hai uska bhe jawab dai do pehlay,0,116,[],0,0,0
apney giraiban may jhankoo boss saal say parliament ka rape ker rahey hon sharam nahi ati,1,89,[],0,0,0
th feb ko aisa rape hoga mu dhikane layak nai rahega tu,0,55,[],0,0,0
dear main aapki bahut badi fan hu kyonki aapne mujhe aarshi aur mere jaise itni intense jodi di but still now i hate you kyonki aapne mere rikara ko mujhse in liya ab se main aapki fan nahi hun,0,193,[],0,0,0
tune dikadi na tumare jaat ki asli rang tum saab hijde ho tum jaise logo hi rape karte usliye delhi ko rape capital bolte hai madar chod,1,136,"['jaat', 'chod']",1,8,1
naah hate word galat hai me hate nahi karti inko but trust me mujhe acche se pta tha koi na koi shilpa ka fan mujhe bolega but aapko bta du ye bahut funny way me bola hai but jo shilpa ke fans nd pr hina ke liye show ke baad bhi bakwaas kar rahe hai na uska kya,0,261,[],0,0,0
rape and woman persecution ke khilaf awaz toh uthate hi hai iska matlab yeh nahi kisi aur ke khilaf awaz na uthae waise bata du film ka virodh bhi rapist aur womans kidnaper khilji ke wajah se hi hai,0,199,[],0,0,0
aaj jo kiya h na reality show ne i hate him for my life disgusting kaise koi itna gir skta h apne faide ke liye saari hade paar kr di,1,133,[],0,0,0
i really hate when girls call me bhai,0,37,[],0,0,0
congress s bda kutta koi nhi hai bloody deshdrohi inhe kuch kaam to hai na i hate congresss,1,91,['kutta'],1,2,0
i also hate shikas,0,18,[],0,0,0
lagao jhute shivraj mai i hate mama,0,35,[],0,0,0
bhrasht media ne lakho logon ka mansik rape kiya jo shareerik rape se jara bhi kam nahi hai,0,91,[],0,0,0
kitni jali hui ho shilpa ko kitna hate karti ho ki apne maase bhi pyaar karna bhul gayee nashukree kahi ki,0,106,[],0,0,0
sir aap kam acha krte ho but economy ko side rakh kr dekhe toh roj news mein rape ki news hoti hai usko bhi consider kijiye,0,123,[],0,0,0
bhabi ji ap karani sena k bare mein kuch na hi bolo to acha he kyon ki woh log apne history ko bech ne se bacha rahe hen aur up mein gundaraj danga mafia goons murder rape etc woh v jaat k naam p jo bilkul achi nain ravan k muh m ram ka naam sobha nain deta,1,257,['jaat'],1,1,0
ha pata he soldiers bhi pahele se shahid ho rahe he rape bhi pahele se ho rahe he tumhe to jakhmari karne ke liye janta ne bithaya he aur esa hi chalta raha to me tumhari party rape hona tay hejai hind,1,201,[],0,0,0
armaan ko baarish me bighne k baad wala nahana nahi pasand thts why he hate rain,0,80,[],0,0,0
o madam aapke ghar me ho rahe honge rape salon se free fund mein desh ko kyun badnam karti ho sharm ni ati maafi mango,0,118,[],0,0,0
bhai i never hate any religion baaki koi kuch bhi smjhe,0,55,[],0,0,0
abe chacha ye kya bol rahi hain aunty sikandar ko bhi rape karna sikhaya hai kya chi chi,0,88,[],0,0,0
jo padmavat ka virodh kar rahe ha aise hi log apni bahan betiyo ko dikchit jaise baba ko saup dete rape karne ke liyeaise logo ko kya kahe,0,138,[],0,0,0
i hate pungi unka naam maat lo mere samne shilpa or arshi k jhagde ki wajha wahi hai,1,84,[],0,0,0
eisi bat nahi hei ek chij band ho jaye to rape lagbhag khatam ho jayege wah hei sharab ka bikna,0,95,[],0,0,0
thk hai iska rape kro phr hum bhi bolenge ki rape to hote rehte hn,0,66,[],0,0,0
accha ji kahaan hai wo anupam naam ka kutta jo bahut bhonka tha nirbhaya rape hone par,0,86,['kutta'],1,2,0
jis desh ka kanoon andha ho rape jaise ghatana hoti rahegi,1,58,[],0,0,0
oye afghanistaniyo ki najaayez aulaad apne prophet ki randi ayesha ko puch uska rape kyu kiya tha,0,97,['randi'],1,8,1
sir jirape saal ki bacchi ka ho ya saal ki ladki karape to rape haior har rape ki ek hi sazaa honi chahiyevo hai sare aam fasi,0,126,[],0,0,0
tum toh sur ko apna najayez baap manate ho jo roz tumaahri maa kaa rape karta hai taki tum paida ho sako,0,104,[],0,0,0
khawajay tum ko kyun itni mirch lag rahi hai tum sab nay parliment ki aj tak konsi izzat ki hai isko to rape he tum or tumharay jesay logo may kia hai or aj tum he iski izzat k rakhwalay ban rahay ho zyada bhasgan na do or jao ja k prize bond nikelwao apnay,0,257,[],0,0,0
abhi tak tho terrorism has no religion ka bhopu bachta tha aab kya hua karni sena ke saab ko tu takle terrorist kaise bole sakta hai,1,132,[],0,0,0
maine aapko ulta sidh nahi bola jaise aap bol rahe hain mai kyun meri jubaan gandi karu aisa bol kar aur jo log thodi si baat par ulta sidha bol sakte hain unke liye kaya padmavati aur kaya kisi rape ki hui bachi ki chinta,0,222,['gandi'],1,3,0
han hate se zada kuch ho nhi sakta dil krta hai aese logo ko gair qanoni saza du,1,80,[],0,0,0
o chawal mullayzabardast dance hai u r v talented dance karna gunah nahinbachon ko rape karna gunah hai,0,103,[],0,0,0
air jo rape ho rahe h kabhi us par bhi bolo,0,43,[],0,0,0
gomata ka rape karna wala hindu nahi hai,0,40,[],0,0,0
bigg boss jitna imp nhi hai fans jitna imp hai nd vikas ne fans kamaye hai mataji ke fandom jaise nhi hai jo apne hi fandom se ladte rahate haishame on you shilpa fandom grow upwaise mataji plz yeh ladne wale logo ke liye live aa jao warna ek dusre ka murder karege yeh log,0,273,[],0,0,0
mr mulayam yadav ji kehte hai rape ki ghtna koi badi baat nhi hai bachho se galti ho jati hai,1,93,[],0,0,0
tu randi sirf sanbhu laal ki sister banke usse rape karwa sakti hai,0,67,['randi'],1,8,1
ab desh me ek tanashahi jaisa mahool ho gaya jo accha kam karega usko khatam hi karna haihate this judiciaryelection commissionpresident,1,136,[],0,0,0
ab hina fanz mere bhai ki fake id bnake ghum rhe i hate them,0,60,[],0,0,0
tum log apna dekho na yaha kyu aaye hum log apna enjoy kar rahe hai jo tumlog ko nahi aata tumahre mata ne sirf hate karna sikhaya hai na sad,0,141,[],0,0,0
abe bhn chod nhi dekhni movie bhosdi k samjh ni aata kya bhadwe abe gandu rape corruption b tere jse hi karte sale aa jata hai gali khane chutiye wo hamara ithaas hai hum nhi chahte us pe film bne smjha isko smjh le ab dobara mt bolna ki film dekho pehle,1,254,"['chod', 'bhadwe', 'gandu']",1,21,1
modi upar wale se darbina awaj ki lathi lagegi tub akal aayegidesh ke shubhchintak awaaj uthao democracy ke rape ka,1,115,[],0,0,0
agar usi tarah rape ke liye kiya hota to aaj desh ke haalat kuch alag hote,0,74,[],0,0,0
sabse bada dhokha to mere naam ka istemal hai jiske bharose rajneet se juda wo khone ke dar se congress se seat baant liye matlab jati kisi bhi desh ke liye terrorism se kam nhi demonetised notes ka channel real estate alcohol fuel par gst nahi pads par hai,0,257,[],0,0,0
i hate these muslim molvis n hindu babas jo dusro ki khushiyon ko daba ke khud itne maje lete he chupke,1,103,[],0,0,0
bhai humane desh main terrorism ka ek hi colour hai baaki saab public sentiments hai,0,84,[],0,0,0
kya chutiyapa hai fir kal peepli live wale mulla director ko kyu bari kar diya rape case me,0,91,['chutiyapa'],1,8,1
ye farzi hai ye lac jumla tha gale ki hadi hai main congress ka hath hai awara hai down technical error haichai pokoda vikas hai aug main bache marte hai haryana main rape fake haibc phir tum sab k mar rahe ho,0,209,[],0,0,0
aur jo muje day se hi nahi pasand thi jeehina khan i hate this girl tume usko bhi apni aukat dikhai so ya ab me tumari fan,1,122,[],0,0,0
koi bhi rape ho saja phasi hi honi chahiye,0,42,[],0,0,0
yayyyyyy koi to aya hate my,0,27,[],0,0,0
news dekhle pata chal jayega jiska rape hua woh mare bahen toh nhi thi but mujhe farq padta hain our ajj kya rozz dekh case mileage,0,131,[],0,0,0
aag tav kuo nhi lagta jab years ki ladki ko rape hota hai,0,57,[],0,0,0
international leval pe to desh ki bhut wah wah ho rahi hai acha hai par national leval pe bhi bharastachar chori rape ho rahe hai uspe dhayaan de ye sab kanoon sakhat na hona police dwara karwai na karne ki wajah se ho raha hai,1,227,[],0,0,0
saal ki ladki ke sath rape hua to faansiaur agar ki ladki ke sath hua to kya karoge saal mein bail ye konsa kanoon hairape kisi bhi age ki ladki ke sath ho sakta hai fir kya hoga saal mein bailagar crime proof ho jaaye to uska penis kaat do bass,1,245,['kaat'],1,3,0
great aap jaise hi himmat wali lady ki jarurat hai jo film ke liye nahi apne hakk ke liye haryana mein ho gang rape ho raha hai in sab ke liye jauhar kare gov jarur aur hamre society sunega,0,189,[],0,0,0
sir aap haryana me ho rahe rape ton dekhe,0,41,[],0,0,0
ajay so ramdas vill and post nawar ka nibasi hai jisne ek year ki ladki rape kiya hai aur us ladki ke parents bahut ghabraye huye hai ajay ke ghar bale dhamki de rahe hai case bapas lelo nhi to ham kisi ko nhi chhodenge so ham sab gav basi ka nivedan hai ki us papi ko kadi se,0,276,[],0,0,0
rape se age ka kya relation har rape k liye ye punishment honi chaiye jinki betiyan hai unse puchojab khud k saath hoga tab maa baap ka dard samjho ge,1,150,[],0,0,0
rabid is so old buddha makeup se buddha jawaan bantaa hai ab buddha jawaan bachi alia ko bhi nahi chodega buddhe much toh buddape aur apne karnaame ke chalte bachi alia ko toh chod deta jo bachi ko bhi fusla liya hate buddha rk hate sonam jitni age ki gf shai thi na ki bachi alia,0,280,['chod'],1,7,1
bilneka ek tarika hota hai kruti aur hamesha ye hina fans ke hate n abusive replies ko rt karta hai what about that,0,115,[],0,0,0
arey sach hai jbhi toh main hate krta hun un ko,1,47,[],0,0,0
beti medal jeet rahi is cheez ki bahut khushi haiand jo beta army mein jaakar mar raha hai unka kya har cheez mein jahaan dekho ladki ladki ladki padhne mein achi sabki baat maane wali but ye kyu bhul jaate ho ki fake rape cases lagaane wali bhi kisi ki beti hi hai,1,265,[],0,0,0
khuch daand ke kaam bhi kar leya karo desh me aaj bhi nabalik ke sath rape hote hai waha jaya karo virood karne,0,111,[],0,0,0
ye asal mein ghina khan ka hi supporter hai ya ab pese mile rocky se shilpa ke fans mein divide karne ke liye divide hoga toh fan folowing kam hogi hi yahan bhi dirty mind game chal rahi and ye sab karke logon ke mind divert kar rahe jo ghina ke liye hate msgs likh rahe the,1,274,[],0,0,0
ek sal ki ladki rape karke gav me ghum raha ajay ramdas vill and post nawar dist jalaun up cm yogi ji ki sarkar kya kar rahi hai us ladki ko insaf milna chahiye yogi ji se nivedan hai samst gram basi nawar,1,205,[],0,0,0
ki jab rape yanee atyachar hota hey,0,35,[],0,0,0
is rape pidita ke sath poora desh hona chahiye aur mahila congress is me poorta sahyog kre aur use insaf dilaye,0,111,[],0,0,0
tere pakistani bhaiyon ke hisaab se pakistan ke sare murder nawaz sharif ur imran khan ke crime bhee hinduwon ke khate mein,1,123,[],0,0,0
see againaap na apni hate nikalo uskey baad baat karengey,0,57,[],0,0,0
tum pakistanis ka wajood kya hai crs diya thhe partitions ke wakht aaj phir bhi tum bhikhari ho aur hum hindustani dekh lo hamra isro aaaj duniya ke liya satellite launch karta hai aur tum kya kar sakhte ho bus terrorism,1,220,[],0,0,0
ye vo murge hain jab kasai ek murge ko kaatne k liye nikaalta hai tab vahi chilata hai baaki sab dekhte hain yahi haalat aaj daleep thakur jaise logon ki hai naa to ye rape kaa virodh karte hain aur naa hi padmavati jaisi film kaa,1,230,[],0,0,0
muje shivika k love hate scenes chahiye balti bhar bhar k,0,57,[],0,0,0
aur rahi karni sena ki baat to kaya aap ye chahte hain jab kisi kaa rape ho to jhande nikaale karni sena k aur batayen ki hum virodh kar rahe hain karni sena kaa koi aadmi us nirbhya vaale virodh may bhi they kaya usme aap jaise log they,1,237,[],0,0,0
ye daleep thakur jaise vo congressi hain ye vo politician hain ye vo secular type insaan hai jo rape k upar bhi raajneeti karte hain ye aisi baaten karke rape ki aad may film release karvaana chahte hain inhe saram nahi aati bilkul,1,231,[],0,0,0
waise bhi aap to gobar bhakt ho dimag me bhi gobar hi bhara hai to aap kya samjhoge terrorism ka matlab,0,103,[],0,0,0
kahe kare hamara hate bahut mehnga hai,0,38,[],0,0,0
jo bhale ghar mein cow amma ko khate ho per bhaher logo ko bolte ho hum to bhai sakahaari hai,0,93,[],0,0,0
apki ager saal ki beti ke sath rape hota hai to aap kya karoge ap phasi ya sirf saja rape kisi ke sath bhi ho or koei bhi kre ussse sirf or sirf phasi hi milani chaiye,0,167,[],0,0,0
kya teri amma ka rape karne roj baba raat ko aate hai,0,53,[],0,0,0
kya nhi yaar teri bhahen ka mein rape nhi karunga pehle se vo tere se aur tere dosh se pareshan hai hamara lund nhi se paigi,1,124,['lund'],1,8,1
jake dekh teri amma ko kahi mandir to nhi gai na warna koi baba rape karke ek aur dawload kar dega,0,98,[],0,0,0
kyu hindu mein nhi hai kya are hinduo mein mein kese haram hoga hinduo mein rape karna bhi prashad hai,1,102,[],0,0,0
rape ki aulad bhagwi kutte ab tu apni bhahen ka rape kar raha hai,1,65,['kutte'],1,2,0
tune apni bhahen ka rape kar raha tha to teri bhahen ka rape karne mein tere dosh bhi hoge,0,90,[],0,0,0
teri amma ka already baba ne rape kar kiya hai,0,46,[],0,0,0
dekh tu kitni jaldi bhage ga salo apni behan ko chor do salo kabhi bhi daru pike apni bhahen ka rape karte ho kutto madarchod,0,125,['madarchod'],1,10,1
respected pm modi ji sabse pahele to crime horahe unko rokne k liye aise kanoon banaye k koi crime hi na kare rapiest ya gang rape ko sidha phhasi ki saza ho koi bhi hamdardi na ho,0,180,[],0,0,0
chal ab tu bata teri bhahen ko tune kitni baar rape kiya hai aur kitno ke karwaya hai,0,85,[],0,0,0
ja apni bhahen ka rape kar warna koi sanbhu apni bhahen bana ke rape kar dega,1,77,[],0,0,0
teri amma se puch bhagwi teri amma ka kitno ne rape kiya hai,0,60,[],0,0,0
rape ki saja se kahin ladkiyon ka rape and murder na hone lagefatafat saza aur jailzyada jarori hai,0,99,[],0,0,0
mei secular hu mei kattar hindu nahi hu jo aankh mund kar muslim se hate karata ho,0,82,[],0,0,0
teri sakal baba raam dev se milti hai kahi usne to teri amma ka rape nhi kiya hai,0,81,[],0,0,0
ja apni maa bhahen ka rape kar tum logo ka kaam hi yahi hai madarchod,1,69,['madarchod'],1,10,1
ja kutte bhagwi madarchod apni bhahen ka rape kar teri nhi tumari yahi aukat hai are vese bhi har ghar mein sanbhu hai tubhi salo kutto apni bhahen ka rape karte ho,1,164,"['kutte', 'madarchod']",1,12,1
after that i hate him now n ek baat priyank ne bilkul sahi boli bb mein koi jyada pretend nahi kar sakta jaise ki priyank vo kaisa ghatiya ladka hai ye usne bb mein dikha diya,1,175,[],0,0,0
sanbhu laal ne apni bhahen pooja ka rape kiya tha kahi vo tum to nhi,0,68,[],0,0,0
ise lagata hai is zagade me log shilpa ko hate karenge isiliye baar baar muh marane aati hai shilpa sabase upar samaz le,0,120,[],0,0,0
tumhare pidi bhaiya ne kya bola tha rape k baad pata hai naaur abhi ek bhi rape india k kisi kone me ho jata hai toh kitta bolte ho modi ye hai wo hai jab acche se delhi ko secure ni kr paye tumhare aka in saalon me toh kuchh toh compensate krne k liye krna parega na,0,267,[],0,0,0
abe rape pirit aurat ke bacche haram khor kutte ke bille suvar,0,62,['kutte'],1,2,0
ja tu apni amma ko bacha kahi uska rape to nhi ho raha hai,0,58,[],0,0,0
rajestan police ke ye jankari di hai ki sanbhu suvar khud apni bhahen ka rape karta tha,0,87,[],0,0,0
kyun aap log padmavt ko hi target ker rahe ho porkistan roj siezefire tod raha tab koi kuch nai bolta desh mai roj rape or murder jaisi vardaten hoti tab bhi kuch nai bolta maa padmavati ka samman mai bhi karta hoon per pehle desh wake up india or bhi prob hai,1,260,[],0,0,0
bachchiyon se rape karnewalon ko kutton ki mout mar dena chahiye,1,64,['kutton'],1,2,0
i hate this ad ap bhi baray ho k aise ads banain gi,1,51,[],0,0,0
prakash raj pe patthar nahi barsenge so he can speak up his mind khan surname ke saath bolke dikhate wo galati se famous hote bahut jayda to trp ke liye log us statement ka rape kar dete,0,186,[],0,0,0
talaq per kanoon badal sakta hai rape per nahi jayada jaroorat rape se bachane ki hai ya talaq se,0,97,[],0,0,0
lakin pasand na hona aur hate karna ma farak hai,0,48,[],0,0,0
i hate that shit kabhi join nai kiya,1,36,[],0,0,0
aap se dhyaan to hate pahle,0,27,[],0,0,0
yeh koi umar bhala hate ki,0,26,[],0,0,0
nahi pini hai murkh pappu ke saath coffee mufat me air ke aane jaane ke saath bhi because i hate him,1,100,[],0,0,0
sir jee kya saal sey upar walo ka rape rape nahi hota kya fansi ki saja sirf upto years kyu sab per rakho na ab rape waley b adhar card per age dekh ker rape karengey kya,0,170,[],0,0,0
abe chutye kya asaram asaram laga rakhkha abe yuhi deash barbad hora ek rapist ko sale guru maan lete ho aur apni beheno ka rape karwate ho,1,139,[],0,0,0
rajput ke khilaf post nhi hai ye galat soch ke khilaf hai jo supreme court ko nhi mane sena ko uksae ye desdrohi hai mgr sarkar khamosh hai agr krni sena ko fikar hai to rape hota hai uske insaaf ke lie aandolan kre naari ka samnan nhi ye apni takat dikhana chah rha hai,0,270,[],0,0,0
hindustan mei har din rape hote h tab toh awaz nhi utate jab baat movie ki aai sabke talwar hato mei aagai sharm karo,1,117,[],0,0,0
ek ate h shilpa shilpa bolne wale fir ate h vikas vikas bolne wale fir ate h hina hina bolne wale fir kuch pagal ate h shikas shikas i hate this shikas word,1,156,[],0,0,0
la bhai raid ko aug ko dhang se rape hoga vimal sir ka,0,54,[],0,0,0
ye jo geeta phokat hai na wo bhakt hai usko sirf muslim se nafrat hai rape se nahin bjp ke neta bole na rape to hota hi rehta hai,1,129,[],0,0,0
jab rape hote h tabkyun karni_sena chup hoti h tab nari shakti n samman kyun yaad nhi_aata n aaj bhi hazaro mahillae haryana n rajasthan up m harasment ka n rape ka sikhar hori_h apna gussa wahan dikhao_to jyada khushi milegi mjhe,1,230,['chup'],1,1,0
vikas gupta is worst person in dz worldhe is sooo meanshilpa ko show se nikal diyaphir bhi isko shaanti nahi haijoote maarne chahiye aise ghatiya insaan kohate u gupti to da core,1,178,[],0,0,0
all my close bhai logs hate deepika lekin mere liye seh lete hai,0,64,[],0,0,0
acha bc jab duniya mey mard log jo th saal ki bachi ko rape kardeyte hi aur jaan ley le try hi uska toh vo kuch nhi hi ladki adha kapadey pehney toh zulm kaisey log hi desh mey chi,1,180,['bc'],1,10,1
bhai chatne ka sukh hai bahut chato lekin rape victims ko gali na do bjp sirf rape victims ko gali deti hai or rapeist ko bachati hai,1,133,[],0,0,0
sir beti to beti hoti hai uska umar se kya lena denaaapko sabhi rape cases k liye ye nirnay lena chahiye jab marz ek hai to medicine bhi ek honi chaahiye,0,153,[],0,0,0
bhai chill marrdance hi kiya hai rape nai,0,41,[],0,0,0
mantri ji kripa kar ke priority haryana mein ho rhe minor ladkiyon ke sath rape ko control laane mein karein na ki padmavat mein,0,128,[],0,0,0
modi ji se phoocho se government job mai joining kyoo nahi ho rahi hai to modi ji baag hate hai,0,95,[],0,0,0
modi se phoocho demonetization se desh ki cr ka nuksaan ho gaya to modi ji bhaag hate hai,0,89,[],0,0,0
modi se phoocho oil kaa rate sassta hona chahiyemodi ji bhaag hate hai,0,70,[],0,0,0
modi se phoocho kisaan bhooka mar raha haimodi ji bhag hate hai,0,63,[],0,0,0
modi se phoochoharyana jal raha haimodi bhaag hate hai,0,54,[],0,0,0
kitna apne maa baap ka naam duniya me dubayega ye pata nahi parwah hoti unki to ab tak baaz aa jata jise hate karta hai uske hi naam se attention leta hai isey apne maa baap ka naam aur kharab karna haijab tak puri tarah se unka naam nahi dubayega chain se nahi baithega,0,270,[],0,0,0
vaise media walon ke bhi rape ke maamle saamne aate rahe hain tumhari media society ko kisne ganda kiya hua hai uska bhi report nikalo,0,134,[],0,0,0
aap lafzo ki rani h mohotarma qalam aap ki pehchaan aur aapke ishare s saare lafz sematt hate h aapki barghaa m aur,0,115,[],0,0,0
hahaha to apni aurato ko hi rape ker diya kareem lacs east pak ki aurato ko rape ker diya aur jab karne ki bari aayi to surrender,1,129,[],0,0,0
tumhe israeli kutte ke sath selfi nahi leni chahia thikiya tumhare ghar bachche nahi hekiya tumhare ghar bahubeti nahi heagar un ka rape ho to aap ko kaisa lageagatab bhi aap islaeri kutte ke sath selfi letesham on you bacchan,1,226,"['kutte', 'kutte']",1,4,1
sc ko masooon ke saath rape karne walon ko mritudand dena chahiyeiske liye kendra se kanoon banane ka aagrah karna chahiye,0,122,[],0,0,0
ye aur iska pati gaaliya khaane ke liye hi tweet karte hai it seems jaise hi ye kuchh bolte hainsaare log gaaliya dene lagte hainbut for bhi ye kabhi introspection nahi karte ki log hame itni hate kyu karte haini tell youcoz you are cong stooge and traitor,0,256,[],0,0,0
muze modi se problem nahi hai tuze problem hai tu dekha i hate congressmar jaunga lekin congress ko vote nahi dunga,1,115,[],0,0,0
os maa se contect kro jis ki beti ka rape jis ka beta qatel jis ki jawan beti aghwa or jin k ha khany ka rashen nhi he jo baap be rozgari ki waja se bachy bechny road pe khara hota he os maa se pocho jo logo k gher ja ja k kaam krti he naam sharif rakhny se koch nhi hota he,1,274,[],0,0,0
bihar vijaipurthana police bauhat hi bada kand hone pe risvat le ke chut hai ek ladki ki kidnap kar ke rape kar ke murder kar diya gya hai vijaipurthana police mila hai mukesh kumar bade babu jo lakh rupya le ke case ko daba rha hai pictwittercomjldkoqvdt,0,255,['chut'],1,8,1
shi khaye sale kutte ki olad netaon ki beti nhin inke to bete ka rape hona chahiye,1,82,['kutte'],1,2,0
bjp ko kyon achha khe n har din nafrat wale hi muddle uthate hn ar jin karabionmuddon par sarkar banaya we sari burayian inke ssrkar me aur chram par h modi achha bolte hn implement nhi karkebjp nam k dokhe se safal huwe nhi to rss ko des ki janta se hi nakar rakha h,1,267,[],0,0,0
sar aap se hate jodkar nivedhan karta hu ki meri sister ko baramat karyor polic ko karavay karane ke aadhsh d,0,109,[],0,0,0
bharat me muslim koun tha tumahre maa bahno ko rape karke lutero ne tumhe muslim banaya tum bhe hindu he the,1,108,[],0,0,0
loot lo mujhe itnii behen haior ye nhi ki koi bhabi bhi lekr aayei hate u all my dear behenoo,0,93,[],0,0,0
bht hate hai yaar in k dil mein or mujhy waja nhe pata,0,54,[],0,0,0
netanyahu is also against terrorismhe is saving his country,0,59,[],0,0,0
manda uns hate ai,0,17,[],0,0,0
i hate shanghai na talaga,1,25,[],0,0,0
kub tak ase hi ladkiya rape ka sikhar hoti rhya ge pm shab kub tak jin choti choti ladkiyo k sath rape kr k oun ko mar diya jata ha oun ki kay galti thi ki vo ladki thi bus jo rape krta ha oun ko year ki saja hoti h bad m oun ko chod diya jata h had h kuch to kro,0,263,['chod'],1,7,1
tab tum sab khna thai jab ladkiyo ka rape ho rha tha,0,52,[],0,0,0
pichhle din me kitne child rape ke case samne aaye hain pigistan porkistan meharamzado tumhari galti kam hai kyonki tumhare paedophile suar mohammad ne khud saal ki bachchi ayesha se nikah kiya tha aur saal ki umar me,0,217,[],0,0,0
hina winner hone chaye thi aap logo ne galat inshan ko jeetaya hai i hate bb,1,76,[],0,0,0
not boy his old uncle now bachi ko date karne we buddha jawaan toh nahi hoga jab bachi ko budha budha lagega tab naya bakra pakad levi i mean alia se hai jo uncle sarabi ko old ko date kar rahi hai i hate ranbir isne kat aur ab singal mother mahira ko bhi emotionally use karke,1,277,[],0,0,0
tumhe jatiwadi rajniti karte sharma nahi aati ek din tumhara wajood khatma ho jayega aur aur public tumse hate karegi,1,117,[],0,0,0
twitter pe hi karne ka natijasirf haye hate karna rah jata hai,0,62,[],0,0,0
bhaag i hate hina,0,17,[],0,0,0
vikas hate hina,0,15,[],0,0,0
vikas fans hate shilpa hina,0,27,[],0,0,0
bichare yaha jauhar aur protest krne se peeche to hate to vaha aayenge na,0,73,[],0,0,0
dhyan rkhan apna rape bahut ho rhe wahan,0,40,[],0,0,0
wo rape hogye dekhtein dekhtein,0,31,[],0,0,0
aor terrorism hum phela rahay,0,29,[],0,0,0
tujhe religion ko terrorism se aur rakptapaan se jodane ki jaroorat nahi hai koi tera intejaar nahi kar raha hai na hi tere approvaldisapproval ki koi value hai,0,160,[],0,0,0
i hate this guy jisnay itni galat baat ke,1,41,[],0,0,0
aurat sirf shakl o surat or jism ki waja sy khobsorat nai lagti waja kuch aur b ha wo ye k wo picha nai kerti wo rape nai kerti wo yaktarfa mohabat me qatal nai kerti,0,166,[],0,0,0
haan aur saal se upar wali ladkio ka rape karne pe aap rapists ko laddoo dena,0,77,[],0,0,0
main kbhi terrorism ko religion se nhi jodta,0,44,[],0,0,0
larkiyon kay rape may,0,21,[],0,0,0
kash itne political action or public support sare rape caeses ko milte yakeen maniye aj har beti safe hoti inch ki kamar ko dhakne k liye itne issue or jab kisi ldki ki puri izzat khrb ho jati uske liye koi kuch nahi bolta,1,222,[],0,0,0
i hate gupta,1,12,[],0,0,0
ek baar pakistan zaror visit karna bro lahore zaror visit karna political hate he hai hum payar karnay walay hai,0,112,[],0,0,0
agar tumhara payari bahan ko koi rape kare aur private place mein chaku markar khatam karde to tum ahinsa ki mukhota pahankar oose samjao ge,0,140,[],0,0,0
are bato agar tumhara bahan ko koi rape karke murder karde to tum ahinsa ki raste pe chalkar oose payar se samjaoge ki aur kisiko rape nakare,0,141,[],0,0,0
but maine suffer kar rha hoonyr ka ladka jo document main bhi yr police ki najar main adult hai hi nhi wahwah re up police aaj bhi desh jhut aur paise pe jivit hai na ki such pei hate bjp also up police,1,202,[],0,0,0
pandits komaar diya ghar se beghar kardiya lekin pandit terrorist nahin bana hindu terrorism kahan se aaya aur har ekuslim terrorist hai aur terrorism kha koi religion nahin hai kya baat hai,1,190,[],0,0,0
to log ab saal se kam ki rape ni karenge saal se jyada ki karenge phasi se bach jayenge agar rape ko rokna hi h to sbhi rapist ko phasi do saal se km aur jyada kya,0,163,[],0,0,0
gul bukhari sahiba sirf hate speech ki mahir hain in ka bus nai chalta warna maryam ki bait kar lain,0,100,[],0,0,0
charlie azadi charkhe se nehin balki lakho prano ki balidan ke badle ayahain ahinsa ok but koi tumhara bahan ko rape karke murder karde to keya tum ahinsa follow karoge agar aisa mera saath hota hain to main oose tukro mein bantkar on camera daru ke saath kha jaunga,1,266,[],0,0,0
ab khtaam hogaya tum mat larna mujh sy please i hate phaday bazi,1,64,[],0,0,0
we take so much pain in studying for ca and assholes like you call us nakli ca saale khud puncture banake dusre kom ke ladkiyon ko rape karke katl karte hai aur khud ke dharm ke ladkiyon ko burqe mein kaid karke bakriyon ko rape karte hai,1,238,[],0,0,0
nahi yaar yeh shilpa ji ghar main mummy bana diya tha sabne toh maine ek example dediya chahata tha ki aap chup hojaye priyank ke baare main aur bura mat bolo mujhe pasand haina woh isiliye dil ka achha ladka hai usse hate bhi toh kar paa raha chalo chhodo aap usko bura bolo,0,275,['chup'],1,1,0
veed no waisay hi itna hate barh gaya hai,0,41,[],0,0,0
hudda ke samay me isase double rape hote the lekin us samay sonia bolti thi hai na,1,82,[],0,0,0
sir ji i am sure chillane se kuchh valid nahi ho jata but i am more sure ki solid argument dene se bhi kuchh nahi haijinko jisko support karna hta hai wo karte hainyezidi women ke rape ke kitne solid argument chahiyepoori duniya me bataiye kitne powrful log saath hain,0,268,[],0,0,0
sanbhu kya haal hai jo apni bhahen ka rape karta tha us jurm ko chupane ke liye ek saal ke bujurg ko piche se chura bokh ke maar diya tha,0,137,[],0,0,0
o je rail mein to mumkin hi nahi hai rape karna dafa main nay koshish ki lekin nakam raha railway minister,0,106,[],0,0,0
wo rape nahi karti,0,18,[],0,0,0
shilpa shinde i hate u ghamandi ho aap bahar akarbhi burai kr rhi ho u know what aap jeet k bhi hari ho and hina haar k bhi jiti h smji shilpa shinde marathyanch nav matit milavl tuni,1,183,[],0,0,0
thats y i hate ranveer jo aaj pta chala,1,39,[],0,0,0
plz uska naam mat lijiye sab utar jaati hai hate him,1,52,[],0,0,0
i hate you we need you for shilpa ji,1,36,[],0,0,0
hamne colors channel ko dekhna band kar diya hai kyuki unhone kam vote ke baad bhi shilpa ko jaanbhujhkar winner banaya i hate you big boss hate u colors hate you salman,1,169,[],0,0,0
in one tweet i can see difference between hinduvta and hinduism no wonder jiski dp lagae usne tu dead women ka rape karne ko bola tha shakha ki paidaesh tujh jaise hindu subah durga sarswati pujte hain air raat tak kisi dusri nari ka rape kar chuke hotel hain,0,259,[],0,0,0
saale bhen ke lode bohot deshbhakt bana firta hai aur tere fraud deshbhakt ko koi kuch bol de to bhagwan se uske rape ke liye dua karta hai akki ki fraud deshbhakti se bahar nikal aur desh ke liye sach mein kuch kar kisi ki behen ki rape ki dua karke tu jhaat bhi nahi ukhadega,1,277,['jhaat'],1,8,1
han wo suit karta hai k bachiyo ka rape hota jaylog maryye corupt kuch na karydr aliya boli to suit nai krta ap ko,0,114,[],0,0,0
jo saal ki bacchiyo ka rape kar diya jata hai vo bhi kya khud gyi thishame on u,1,79,[],0,0,0
ranveer singh ne rape kar dia isliye,0,36,[],0,0,0
jub kis larki ka rape hota hai jaisay aj kal pakistan main ho raha hai to woh mar jahi hai hain air us ki tadfeen kay bad aziz o aqarab un kay ghar jatay hain aur us kay walid aur qareebi rishtar ko kay sath afsos kartay hain aur kehtay hain,1,241,[],0,0,0
are mc kya cong shashan me rape nahi hota tha,0,45,['mc'],1,10,1
betiya paida hi mat karogarb htyaa ko prmot karobetiyo ko gawar rakhokhuleaam rape hone doomardo ki duniya ko bhadwa doo,1,120,[],0,0,0
pakistan hindu ki gaand mei danda dete hain aur hindus apni women ko rape kar ke kush ho jatain hain,1,100,"['gaand', 'danda']",1,11,1
g capital punishment for rapist ya abhi aur rape hone ka intezaar karegi sarkar,0,79,[],0,0,0
or aap unkesath selfie le rahe ho muje ye accha nahi laga i hate you sir,1,72,[],0,0,0
kash ek picture muhhamad pr bhi bn jayeusne apne samne jewish mahilao ka rape kraya thakyuki ye allah ka adesh thaquran me bhi likha hissh pr film bnni chahiye,0,159,[],0,0,0
dont worry i also love her kebal shilpa kuchh jada pasand hai or kuchh nahi koi hate nahi karta shubhangi ko,0,108,[],0,0,0
modi jikya uttarakhand ke yuvaon ko army ke alawa koi option nahi haikitni gharo main matam aur karwana haiits shameful that we have lost so many youth due pak terrorismwe want answeri know it will again be ignored,1,214,[],0,0,0
jab kisi movie m rape ya bikni ka seen ho to aisi seen ko na dikhne k liye koi awaz tk nhi uthatasab maje le kr dekhte hainek padmavti movie hai jis k liye karni sena jaan maal ka hani tk phuchne k liye khule aam media m dhmki de rhi hai aur sarkar khamosh hai koi action nhi,1,275,[],0,0,0
useh gautam k bhai ne hire kia tha i hate that herdhusha jannani,1,64,[],0,0,0
jra haryana rape case pr bhi kuchh boliye,0,41,[],0,0,0
anyway aap kro jai meem jai bheem ka nara buland aisa hi jogendra nath mandal ne kiya tha me brahmin aapko tu b khde to manuwad najar aa jata h muslim chun chun k maar rhe h rape b ker dete h to aapko bhaichara njr aata h jio bahadur jio,0,237,[],0,0,0
aaj akhil ko rape ki baat bhi bata di dil p ek bojh tha halka ho gaya hai,0,73,[],0,0,0
rape ka matlab rape hai chahe vo kisi bhi age ki ho please age ki divar na khadi karen,0,86,[],0,0,0
pogat sisters waise to bada laap pelte hai aj kal khamosh hai ek sabd nahi rape cases k baare me,1,96,[],0,0,0
make jalannya hate hate,0,23,[],0,0,0
mashal khan ko too pehly insaf dila looo or us bachi ko jis ky sath logo ny rape kiya sare aam,1,94,[],0,0,0
par saal se kam ka ladka rape kare toh faasi nahi milegi,0,56,[],0,0,0
i just hate sahanubhuti dene wale log,1,37,[],0,0,0
superb koshish main lagi hui hai marya shakil ki salim jee kuch toh modi jee ke khilaf bolainthis is what i hate we are one if we want to be treated like one phir yeh sab dimaag main leker aane ki koi zaroorat nahin hai,1,219,[],0,0,0
saal se kam wali ka rape kroge toh fansigood,0,44,[],0,0,0
toh saal se upr wali kisi ki maa beti nhi hai ya unko rape ho koi fark ni,0,73,[],0,0,0
i hate you sakshi mahraj kyu dusmani hai unse aap ko,1,52,[],0,0,0
hate humari larki tu batman hai,0,31,[],0,0,0
jab bjp wale nirbhaya case ko laker andolan jar rahe the tab aap jaise hi log isme shamil the aur media bhi aap ke saath tha aur ab jab rape ho rahe hai rapist ko bachane ke liye bol raha ho,1,190,[],0,0,0
kaabil ka rape jo huauska yaadein abhi am taaza hai beechara eesliye roraha haiaur krish ki bhi bayenge koi na koiab yeh direct retire hoga,0,139,[],0,0,0
sir ye saal kya hota rape ki saja keval faasi ab wo kisi b age ki ladki kyu na ho,0,81,[],0,0,0
i hate both briyani ma sirf botii honi chaye,1,44,[],0,0,0
i hate polyurethane naam na lou uska,1,36,[],0,0,0
bhaiyuuuuuuuuuutumhe kuch pta bhi h ki nhihamare yha savan or sakrat jrur diye hate h or tum bhul gye hmesa ki trh pictwittercomxpglrokew,0,137,[],0,0,0
wo peecha nhi krti wo rape nhi krti wo yaktarfa mohabbat m qatal nhi krti,0,73,[],0,0,0
adhay loog wahan hate mail bhejtay hain,0,39,[],0,0,0
ka age limit hai kya jin ladkiyon par rape sabit hoga agar survive kar gayin unse amit shah rahul vote lenge kaise aap dono apne me haryana me rape survivor aur rapist se kya expect karte hain share kariye,1,205,[],0,0,0
ye priyank kya bol raha he ye khud nahi bol raha tha shilpa ko saand jaisi body wali wow man to kar raha he iske muhn pe chappal maar k aau or ye benafsha i hate you,1,165,[],0,0,0
ek hi rastaa hai reppist ke saat jo saudi arabia me hota hai yaha per b karo yakeen mano phir koi rape nahi hogaa,0,113,[],0,0,0
to kya saal ki hote hi ladki rape bardhasht karne layak ho jaati hai or rapist ka gunah kam ho jata hai bahot achhi soch hai,1,124,[],0,0,0
tere ma ka bhosada sorry sache dil se duwa tere ghar ki aurat behen ka rape hojaye nange nach dikho or tu apne ka rs mein dena ka kaam karega,0,141,[],0,0,0
din mai badi gang rape jis mai se ki student thi ki student ki student thi,0,74,[],0,0,0
jab tak rape ki saza fansi nahi hogi tab tak kanoon ka khauf nahi hogasakht kanoon kyon nahi ban raha hai ye bhi sochne wali baat hai,0,133,[],0,0,0
apne hate thoda kum karwaana,0,28,[],0,0,0
mam kind your informationkarachi ki rooshniyan kon laya karachi operation by rangers kis na karvaya altaf hussain par pabandi kis na lagayeinterior minister na mai kitna terrorism tha yaad haikitna qatal hota thay mai mai dekh lo karachi ki roshniyaaan,1,252,[],0,0,0
yogi g kuch toh bolo itne rape up ho rahe kya yahin vikas hai,0,61,[],0,0,0
sir ji yeh sab toh tik hai but rape ke baad garv,0,48,[],0,0,0
kasur punjab me rape cases me jali police muqablon me masom nojwanon ko maarna idher be koi bolay ga,0,100,[],0,0,0
dekhti hu kab tak hate karti hai,0,32,[],0,0,0
chup hojaohate nai sikaty,0,25,['chup'],1,1,0
jitni bhi thi lekin baat tho sabit ho gayi keh kuch khota nasal ke pakistanio ko koi farq nahi parta koi khattam e naboowat qanoon tabdeel kar de koi mulk ko loot loot ke kanghal kar de ya koi un ke bacho ko rape kar ke bedardi se qatal kar de,1,243,['khota'],1,1,0
ye log kaha jate h jub ek gul ka rape hota h,1,44,[],0,0,0
hina toh bas luv aur priyank ko use kar rahi thi i hate her,1,59,[],0,0,0
sarkaar ko puchkar to ye maamle nahin hote ye to aadikaalon se hote rahe hain ye hai ki kabhi kam kabhi zyada hue hain jaise jaise social activities aur jansankhya badhti jaa rahi hai us tarah ki ghatnayein badhti jaa rahi hain rk saini bjp on rape incidents in,1,261,[],0,0,0
sarkaar ko puchkar to ye maamle nahin hote ye to aadikaalon se hote rahe hain ye hai ki kabhi kam kabhi zyada hue hain jaise jaise social activities aur jansankhya badhti jaa rahi hai us tarah ki ghatnayein badhti jaa rahi hain rk saini on rape in twittercomzrgvjpucc,1,267,[],0,0,0
are m not her pa or advocate menu ki lena karo hate starting me meko bhi acchi nhi lagti thi phir lagne lag gayi aur fav ho gayi,0,128,[],0,0,0
sarkaar ko puchkar to ye maamle nahin hote ye to aadikaalon se hote rahe hain ye hai ki kabhi kam kabhi zyada hue hain jaise jaise social activities aur jansankhya badhti jaa rahi hai us tarah ki ghatnayein badhti jaa rahi hain rk saini bjp on rape incidents in twittercomejrczxq,1,279,[],0,0,0
sarkaar ko puchkar to ye maamle nahin hote ye to aadikaalon se hote rahe hain ye hai ki kabhi kam kabhi zyada hue hain jaise jaise social activities aur jansankhya badhti jaa rahi hai us tarah ki ghatnayein badhti jaa rahi hain rk saini bjp on rape incidents in twittercomsdkycxhi,1,280,[],0,0,0
iss desh me rape to kar sakte hai lekin rapist ko thappad nahi maar sakte,0,73,[],0,0,0
iski shaadi pyaar parva sav kuch zabdarstii hate those forced bonding,1,69,[],0,0,0
jis chutiye ka bhai hi rape ka criminal case khel rha haiwo kvi v against hi rahega,0,83,[],0,0,0
des me kitne rape hote haikya kabhi rajput ne talvar nikalkar rajput sharma nibhaya,0,83,[],0,0,0
agar tina marne ka shauk hai to unko maro ho rape karte hainrajput raksha karte the par tum log to rajput ke naam par kalank ho,1,127,[],0,0,0
bhai ht padhogang ka bhanda fod hua haifake rape ki report karke vasooli karne vaale cases the,0,94,[],0,0,0
kya zainab baby k rape se sare paki rapist ho gye hai gal ker di pyi hai,0,72,[],0,0,0
bass ye viku hina ka name kyun laata hai baar baar i just hate that,1,67,[],0,0,0
grammar nazi to vo hona chahiye na jise grammar se hi hate ho correct karne ka habbit wale ko to allied forces kehna chahiye,0,124,[],0,0,0
i am anti prakash rai no prakash raj because i hate himhis attitude,1,67,[],0,0,0
jo hai hi ni awein usko le k dimagh khate hain,0,46,[],0,0,0
jab bhartiya mari ki asmita roj rapists dwara tar tar hoti hai tab apki raksha karne ki kshamta kahan chali jati hai sabse jyada rape rajasthan me hote hain aaj ki dekhiyehazar saal purani kahaniyon se prerna leejiye,0,216,[],0,0,0
sir lovehate relationship ke bare mein aap ka kya vichar hai pictwittercomkqpgaf,0,80,[],0,0,0
tamasha jaane tuu yaa jaane naa i hate luv stories bachna ae haseeno,0,68,[],0,0,0
sanghis will rape bharath mata,0,30,[],0,0,0
main to wish karta hoon ki sonu ke titu ki sweety aur aiyaari iss canadian bhagode ka rape kar de,0,97,[],0,0,0
aise logo ka ek hath ek ankh ek leg n rape karne wala saman hi kaat dena chahye,1,79,['kaat'],1,3,0
bhai humne bas aik martaba terrorism sponsor kiya hai woh bhi sri lanka mein mai khud openly ye keh raha hun ltte ko humne support kiya aur humne uski keemat chukai terrorists waisay hi hote,0,190,[],0,0,0
ye ap ki galat soch hai hamaray kitne jawaan us ki war main wazirstan side main shaheed hoye lahk se zaida hamaray log terrorism main shaheed hoye aur ap keh rahe ho yeh desh yaa army jo khud itne affected hai terrorism se india main terrorism organized karti hai,1,263,[],0,0,0
jo delhane ka wo dekhate nii h hindu muslim ka debate dekha krr logon k andr nafrat ke aag jla rahe ho aisa kuch nii dekhao ge jis se hindu muslims aaps m ek ho jaye blke kese alg krna h wo zaroor dekhao ge,0,206,[],0,0,0
papa boy ka rape kiya tha yaad hai,0,34,[],0,0,0
hadonone bhi hritik ki maarliek ne mohenjodaro k sath aur ek ne kaabil k sath rape kiya,0,87,[],0,0,0
police ho ya fauji kaam to unka desh ke liye hi hai na police walon ko kya licence diya he pak me rape karne ka,1,111,[],0,0,0
din me se upar ladkiyon ke rape hue haryana me par ye so called rajput ghar se nahi nikle protest karne,1,103,[],0,0,0
women rape murder or gorakpur hospital children death par bhi bol do adityanath,0,79,[],0,0,0
yeh shehla rashid aur uske tweets ke niche hate comments karne wale dono kuchh zyada hi kar rahe hai,0,100,[],0,0,0
rape huwa kuch nhi bola hatya hui kuch nhi bacche mare kuch nhii dange karwae kuch nhi,0,86,[],0,0,0
jhooti rape nahi howa hai allah ka khof karo,0,44,[],0,0,0
ab rahi baat cousin se shaadi krne ki toh km se km hm shadi karte hain unse jo blood relation me nahi hain tumhari tarah thodi ki apni ma bahan ka bhi rape kr do jyada gyan ho agar toh jaake apne babaon ko bhi do asaram nityanad etc,0,232,[],0,0,0
bhai tension nahi leneka ye modiwodi aur aur sare selfie wale apna haq kho bethe he ke dunya ke samne terrorism khatam karne ki baat kare,1,137,[],0,0,0
jinki betiyon ki zindagi ujad gayi zaraa un parents se poochho unhe kya chahiye gau mata ki raksha gau mata ke liye hostel padmaavat movie ban ya apni betiyon ka rape na hona agar baat samajh me aayi to khattar ke napunsak governance pe meri narazgi asp khud samajh jaogey,1,272,[],0,0,0
wo picha nai krti wo rape nai karti wo yaktarfa mohabbat me qatal nai krti,0,74,[],0,0,0
i hate when kuch log bachon ki tarah bell baja k bhag jate hain actually wo sirf adhi baat share karte hain and dil ki bell baja k bhaag jate hain so please agar kuch share na karna ho to bataya hi nhi karo kuch tension hojati hai,1,230,[],0,0,0
i hate these socalled bhai bahen,1,32,[],0,0,0
kaha sub ko ap ke liye samjhaya krti thi ki kaha kisi bat me a ke glt samjh liya yr kaisi fan hu yr ki sub ki bat me agyi i hate my self,1,136,[],0,0,0
rape krne wala agar ya se zyada hai to islami kanoon q nhi,0,58,[],0,0,0
twitter hate hai bhaiaapko bhi pata haitrolling sab taraf se hoti haiso no issues,0,81,[],0,0,0
kaahe ka balidan khud aiyaary se clash karne jaa raha hai bhagoda akshay kumar pata hai isko padman ka rape ho jaata national holiday pe mard hota toh padmaavat se darr ke bhagta nahi,1,183,[],0,0,0
aap to antaryami nikli jai hoto ab ye bhi bta do ki kaladhan kb aayegabacchiyo ladkiyo aur aurto ka rape hona kb band hogaemployment kb milegakisano ki aatmhatya band kb hongiand so onjai hind inquilaab jindabad,1,211,[],0,0,0
arshi ne bahot rulaya shilpa koi hate u arshi,1,45,[],0,0,0
same here he is the reason to watch bb but i cant hate him because ladai unhi se karte hain jinki baaton ka humein asar ho and he is not opportunist aisa hota toh woh hamesa vikas ko hi follow karta apna stand nahi leta vikas kaisa dost hai dost bolta hai aur bracelet bhi toda,0,277,[],0,0,0
se muslim bharat me jihadi terrorism kar rahe hai,0,49,['jihadi'],1,4,1
kahin inke uksanesehi nahi huye rape aur murder,0,47,[],0,0,0
ab pata chala pakistan mien bomb blast terrorism sab kuch hakomat k log khud kerte hai jaise rao anwar,0,102,[],0,0,0
modi ki galti nahi hai galti hamari hai ek muslim bulata hai to sb muslim ekjut ho jate hai and ek ambedkar wadi bulata hai to sb ambedkar wadi ekjut ho jate hai lekin ye chize hinduwo me nahi hai pure india me roj kahi na kahi hinduwo ka murder ho raha hai rape ho raha hai lekin,1,280,[],0,0,0
han zainab ka rape and murder toh afghaniyon nay hi kiya tha na saaf suthron ki shakal dekho,1,92,[],0,0,0
sambitji jara un betiyonke bare me bhi sadness fill kijiye jinka rape aur murder kar diya gaya aapki haryana state me,1,117,[],0,0,0
kya chahate ho abh bata he do,0,29,[],0,0,0
milke jab chhora chhori ki masti thodi thodi bas pyaar ka naam na lena i hate love story,0,88,[],0,0,0
aise sexy photo upload kar ke likhegi dekho magar pyar se to rape ki vardate nahi badhengi to or kya hoga ye photo dekh kar hi kitne logon ke man me khayal aaya hoga ke kass baar mil jaye,1,187,[],0,0,0
par uske bad to kisi ki hate ka bhi koi faida nhi hoga,0,54,[],0,0,0
aur awaam apni betiyan rape karwanay ka intezaar karay yehi matlab hai na aapka,0,79,[],0,0,0
bhai tu dekh sabse pehle and now dont hate shilpa,0,49,[],0,0,0
jab ek banda positive tweets krega toh apne aap sab positivity fail jaayegi so ab haters jitna bhi hume hate kre ya bura tweet kre hum shilpa ki tarah sab sehan karege,0,167,['banda'],1,7,1
wah modijiek taraf seeta mata ko poojtey hain dusri taraf apke raman malik saab ko jind me rape hui bachhi me honor killing ka angle hone ka andesha hai din me rapes hue haryana me aur khattar saab ribbon katne padmaavat ban karne ya cow protectio me vyast hai wah ji,1,267,[],0,0,0
yrpuneesh ko blame nhi krunkya vikas ne puneesh se bola ki shilpaji se mat btana ki maine tumhe aisa bataya haipuneesh ne ticket to finale task mein kya shilpa ko dokha nhi diyapta nhi puneesh se kaise logo ko itni mohabbat haibt sorry i jst hate him,1,250,[],0,0,0
sambit patra jese paaltu kutto ke liye ek ms agar modi inki maa ka rape bhi karde to ye kahenge inki maa ka chracter kharab hai modi sahi he,0,140,[],0,0,0
anil nagpal jo kundali ka v writer haiuska dhiyan ab kumkum se jyada kundali par hai i hate kundali yr,1,102,[],0,0,0
ka jaadu dekho sab ke sir pe chadh kar bol raha hai shilpa fans jinda laas ban gaye hoge ye pic dekh kar vikuu tum ne sahi kaha tha itna pyar dunga sab ko ki hate karna bhul jaayege bilkul sahi kahe the aap gupta ji aap ke pyar ka jaadu sab pe chadh raha hai,0,258,[],0,0,0
ye rape karne walonko pucho modiji nahi bhej te or ek ladki hoke itana vayhat sawal kafi ajib hai,1,97,[],0,0,0
aur nahi toh cows aur karni sena se vote maang lena kyunki aapke rajyon mei toh aurton ka sirf rape hona hota hai nayehi toh chal raha hai haryana me ya to movies ban hoti hai nahi to days me rapes hoti hai aur crimes ka evidence tamper hota hai,1,245,[],0,0,0
itne rape ek saath hone par lagta hai ye koi saazish hai congress ki,1,68,[],0,0,0
bomb banane or terrorism failane ke alawa sab pata hai,0,54,[],0,0,0
ye bhi jaisa hi kuch ho lga kyajaise me school jaati ka rape ho raha hai aur fir apke pyada raman malik ko usme honor killing ki boo si asti hai khattar malik ko laat marke nahi nikala toh iss bar vote ke nam pe jootey padenge,1,226,[],0,0,0
aapke tarah hate nahi karte hai hum shinde so called maa bakwaas,0,64,[],0,0,0
film rls na karwaa ke history chng ho jayegi jo hua tha usko dikhane mein kya galat sarhad par jawan marta hai usko bhi dikhaya jata hai film mein rape dikhate hein real life mein saal saal ki ladkiyon se rape hota hai kya ye reality nahin hai roko een sab ko pehle,1,265,[],0,0,0
kruti yeh log nahi samjengeu dont even know yeh log shilpa ke liye kaun c language use karte hainyeh puneesh aur shilpa ko le ke comments karte hainthey hate shilpa sooo much they can stoop so low to degrade shilpa,0,214,[],0,0,0
jhuth aur dhokha badh raha jeben bharni badh rahi viglante badh rahe rape ghtnayen badh rahi chamcha giri badh rahi kahte jao mahngai badh rahi,1,143,[],0,0,0
i hate the song swag se karenge sabka swagat coz sirf pan parag se hi swagat karte hai yaar,0,91,[],0,0,0
i love bjp or modi par usse bhi jyada hate vasundhara,0,53,[],0,0,0
ashu bhaiyya ye kya ho raha hai shilpa ki pr jake vikas ko support i hate this triparna,1,87,[],0,0,0
chakki ko to sanjay kapoor bhi to rape kiya tha clash meiarey chutiye chakki se to rajpal yadav bhi behtar hayrajpal y ne flopsdisasters nehi di h,1,146,[],0,0,0
sirji yuvano ko carore jobs kishano ko dabal daam or ladkio par ho rahe rape ke baare me bhi davos me bolonge,0,109,[],0,0,0
aur kal ke din hi sindh main dozens of bachiyon ka rape huwa hai karachi main tho awam ne ehtijaj bhi kiya hai sachal main victim bachi ke parents wazir e dakhila sindh ke office pohanch gaye thay khurshid double shah ko apna area dekhna chahiay kp ke logo ko koi takleef nahi,1,276,[],0,0,0
lions of kasur ke baray mein bhi tweet karain jo bachchon ko rape aur video ker ke dhanda kartay hain aur jin ko punjab police aur rana sanaullah openly protect kertay hain,0,172,[],0,0,0
rozana india mein larki ka rape ho raha hai jismein sab hindu larki hai har saal larki ka rape saharam mein jo raha hai sab hindu bhabhio ka hi rape ho raha hai jisko baba kahete hai balatkar karne se suvar raam ashirwad dete hai,1,229,[],0,0,0
ohkayi seniko ke sahid hone per modi bachhe marne per yogi nabaliko se rape per khatter se bola must go,0,103,[],0,0,0
oh maadarchod ke bachey praful naukar how is modi hate anti india rundi ke bachey,0,81,['rundi'],1,7,1
hum nepali k hate kare k naikhi kahathum apan bhasa k aage badhawe k kahatani we have to show what we are we dont need to be fake dhanyabaad,0,140,[],0,0,0
bajye police ka nizam sahi kerne k ye duck rape ka lesson shamil kerna chahri hai bajye insaf ka mehakma sahi kere behayahi ko rokne k iqdam kare ye orat sex ki taleem dena chah rahi hai,0,186,[],0,0,0
gabbar aaj meine basanti ko nahate waqt dekha,0,45,[],0,0,0
ye rapist n killer pakra kyon nai ja raha is kutte ka b kisi gadhe se rape krwa k isse phansi deni chahiye,1,106,['kutte'],1,2,0
mai to sabhi se aagrah karunga koi bhi rape ka sikayat police se na kare nahi to barbad ho jayega policewale ulta case me fasa denge,0,132,[],0,0,0
muslim rape bhi kare to rape hui ladki femi nazi ban jati hai,0,61,[],0,0,0
netikta ke naam par istifa mangne par bjp ko sharm aani chaiye haryana main roj rape ho rahe hai dalito ko mara ja raha hai beef ke naam par musalmano ko mara ja raha hai maharashter aur mp main kisano ko mara ja raha hai aur natikta par resign kejriwal ji de wah bjp,1,267,[],0,0,0
koi kaise kkhh ko hate kar sakta h maine times dekhi hogi dialogue bhi yaad hai,0,79,[],0,0,0
aur vaise bhi srk ne aisa kuch kia nai hai jo tum usko hate karo selfmade star hai vo respect karo,0,98,[],0,0,0
are maine toh isko video bhi bhji hai baluch girl ki jisme unki police rape krr rahe hai woh bhi youtube se le kar,0,114,[],0,0,0
ek rapist mla ka naam bata do jo aap mein hai aur haan sandip kumar ka naam lene se pehle rape aur consensual sex mein difference pata kar lena aur ye bhi ki usko party se nikal diya gaya h nihalchand bjp mein barkarar hai abhi tak,0,231,[],0,0,0
shri krishna ne shadi kiya to krishna rangoli nhi mana raha hai nahate huye woman ko chhup ke dekhna nude woman ke sath rangoli manana shadi karna gareebo ke sath rape karna ye krishna ka asli face tha kabhi religion ki bhi study kar liya kro,1,242,[],0,0,0
kisi baba ke pakre jane pe cr ki property tor dete ho aur rape hone par beti ko bahar nahi jaane dete ek baar rape ke liye be utho,1,130,[],0,0,0
jnab bat ka rona rohain hain k kb tak ye racisim chalyga q in logo ko apny ap se door raka hain jb tak in logo ko hum gallein nhi lagayengy us waqt pak se terrorism khatam nhi hoge,0,180,[],0,0,0
i cant pyaar karna sab sikha dete hai magar us pyaar se dur kaise jaya jata hai ye koi nhi sikhata dont hate her,0,112,[],0,0,0
yahi to he naya bharat rape badhege tabhi to badhega india jay ho mera bharat mahan,1,83,[],0,0,0
ye humara hindustan hai yaha world ka rape capital bana hua hai india iski chinta nahi hai film release ke liye suicide kar rrahe pata nahi is country ke logo ki soch ki deevar see parda kab uthega,1,197,[],0,0,0
masla janab society hai is society ki approach aur mentality ka masla hai yeh poochna ke bachoun ka rape karnay waalay kaun log hai janab woh isi society ka hissa hai aur yahan yeh normalize kiya ja chuka hai twittercombungicav,0,227,[],0,0,0
badsha bhag gai bat kar k had he koi zaban deke aise mukar jae afsoos he shaikh sb i hate u,1,91,[],0,0,0
kisi ki maut pe kisi ki apharan pe kisi ki rape pe saab rajneeti karte hai karne wale unhi ke paltu kutte hote hai,1,114,['kutte'],1,2,0
ranveer ko toh mein suru se hi hate karta tha toh log pucha karte the reason lo aaj reason v mil gaya,1,101,[],0,0,0
abbe isse koi maaro bc ko agr itni hi fikar h to up m jo itne rape cases huye unhe rokne k liye kuch q ni krta,0,110,['bc'],1,10,1
rape k khilaf sirf candle march nikalny s kya rape hony band ho jayengy kya hamy apne pratinidhiyo ko yad nhi dilana chahiy ki hum mahilao n b unhy vote de kr sansad m pohochaya h to hamari suraksha ka daitav b unka h hamari ijat pr hath dalny waly darindo ko kewal jel ki saza,1,277,[],0,0,0
bt acche se hour karo to dekhoge shilpa bura insan nehibohot hi acchi hehate ko dur krke zara mn ke ankho se dekhoge to pehechan paogeby the way ap vi acchi hogod bless you dost,0,177,[],0,0,0
waah adi kaal se rape ki ghatnaye hoti arahi uai yeh bhool gaye early vedic kaal mie mahilao ko smanta ka adhikar tha jab santan dharam ki neev rakhi gayi,0,154,[],0,0,0
bhai jab govt koshish kar rahi h terrorists ko ek ek kar ke allah aur promised hoors ke paas bheja ja rha h tab aap jaise log hi khoon ke aansu bahate ho aur buuurhaan ka maatam manate ho aap sirf kps ke liye lip service kar sakte ho brownie points ke liye govt ko koste ho,0,273,[],0,0,0
sabhi cheezo me hum log tumse age hesirf ek cheez jo tumhe world famous karwa raha he wo he terrorism,1,101,[],0,0,0
sardana ji haryana me aye din rape ho rahe haiyaha bahubatia surkhshit nahi hai aap ko delhi ka raita dikh gaya,0,111,[],0,0,0
abe tuchiye pakistan ke rape ki taraf dhyaan de india ke bajaay pakistan ka khud ka rape raterapes per million population india se jyada hai asia ka rapistan hai pakistan par tum logo ko khud ke desh ki bajaay india ki fikr hai,1,227,[],0,0,0
shilpa fan ki wajah se hi shilpa ko hate krti ho,1,48,[],0,0,0
people dont love shilpa as much as they hate hina tu laga reh,0,61,[],0,0,0
chor bhi achay thay larki ko mara nahi india hota to larki ka rape he kar detay,0,79,[],0,0,0
hate u kisi kii image kharab karni ho to vo aap ae sikhe,1,56,[],0,0,0
jab pakistaniyon main dum na ho to india bhej do sabko waise bhi tum log sirf bacchon ka hi rape aur murder kar sakte ho aur uske baad bhi koi nahi pakda jaata,1,159,['dum'],1,2,0
sir agar rape rokana hi toh sabse accha tarika hi ki humare desh ke ladki ko khud apna raksha karna hoga ek bate batain ladki kabhi bhi,0,135,[],0,0,0
emaan ap ka kala haat dekh kr mujhe to sharam aa rahi h nafrat krta ho main ap se i hate you pictwittercomjsffvwp,1,113,[],0,0,0
ek choti bachi jo gita je shlok pade uss se darr gaye aur rape threats aur gali dene lag gaye tum jaise jihadi ek bacchi se hi gaand faat gayi yeh to israel ke pm hai samne aye to moot dega,0,189,"['jihadi', 'gaand']",1,13,1
insane kuch log or kuch rishte to chang nahi kar sakta na kuch allah ki taraf se ho i hate life is not beautiful for me,1,119,[],0,0,0
mujhy aksar log mohabbat kaha krtay hain tht mean u hate me,0,59,[],0,0,0
shilpa ji aap jaise tuchho ko jawab mat dijiyeye log aap ke sath kabhi nahi theaap ki popularity dekh kar khali footage karne aa jate haiaap ke reply ka jawab bhi nahi diyaitne to arrogant haihate these co call cheap tv chamchas n all gupta s chamchas,1,251,[],0,0,0
kon zimmedar in rape or murder cases ka,0,39,[],0,0,0
had hain aap b kia hakomat kisi ki brain wash kr rai hai k rape kro,0,67,[],0,0,0
bahir baith kar ap ko andaza nahi ho ga zara qasoor shehr ja kar rape hone wale bachon se aur un ki families se milen zainab k qatil ka ap ko bhi pata chal jaye ga aur thoo thoo karen ge ap apni n leage per,0,206,[],0,0,0
tune nhi suna kya kuch hi din phle ldkiya pkdi gyi h madarse ka maulvi rape krta tha unke sath ha ab tjhe dikhta nhi khud k ghar ki gandagi to baat alag hwaisw bhi tumhare m rape koi badi baat nhi hhalala bhi rape hi hota hmutah bhi rape hi h,1,242,[],0,0,0
bat krni aati naiaajati haiduaro ko bolne phle khud k greban mejhank k dekh khud ki chez kitna ziada bolti ap log to tameez e bhul hate ho jaise hina ne apka qatl krdia ho ufffff,0,178,[],0,0,0
zyada bol rahi ho sirf rakhne se taqat nahin aa jati hai pushpa i hate hawabaji,1,79,[],0,0,0
pawan kalyan ki sambandam ledandi we hate kathi mahesh forever,1,62,[],0,0,0
konsa desh chahta h rape suicide ho,0,35,[],0,0,0
desh main dinodin badhti rape ki ghatnao par aapka niranatar maun aapki is baat par prashnachinha lagata hai sir,0,112,[],0,0,0
ghatiya orat khi ki i hate this lady such me,1,44,[],0,0,0
fasi ku deni chaheye es darinde ko mai bhej raha hu video es muse par bhakto k mumh band ho hate hai pictwittercomymxzamtwh,0,123,[],0,0,0
aj amitabh ne dikha diya kala dil jis ka hota hai wo safaid nahi ho sakta i hate you,1,84,['safaid'],1,2,0
film ka virodh to theek hai humare gaurav par aaghat karne walon ko uttar milna chahiye lekin ye gangrape aur childrape par humari chetna kahan ja rahiaise logon ko phansi ho aur inke pariwaron ka samajik bahiskarin dono aparadhon ka koi justification nahi,1,256,[],0,0,0
aur besharam haryana k minister behuda byan de rahe hain k rape hum se puchh k thodi hote hain,1,94,[],0,0,0
yadav ji ye aapki neech mansikta hai sayad jo aap aisa bol rahe agar aap ki koi behen ya dost rape ka shikar hue hoti to sayad aapko bhi bura na lagta are chahe jo govt ho samne rape aur farmers suicide rukega aur jo aap galiyan de rhe ho mujhe kal taliyan bhi bajana,1,267,['neech'],1,7,1
dohti walay terrorist nahi hotay sirf rape kertay hai,0,53,[],0,0,0
haryana or baki jagah me jab rape incidents badh rahe hai sudhir modi z ko baata raha haiaap social media par kitne popular ho,0,126,[],0,0,0
desh mein rape bhagwe log matlab hindu kar rahe hai sanbhu laal regar urf suvar apni bhahen ka balatakar karta hai aur hame bol rahe ho mahila ki ijjat ka koi nhi lage raho balatakari bhagwi hindu boy,0,200,[],0,0,0
sare desh mei aag laga ke ye bhansali bhasmasur tamasha dekh raha heioukat bhul gaya yeise namepesashohratiss desh ne diya heiwarna ese janta kon thaaor aaj jese hi bada admi bana apni chotepan pe utar ayaapni maa ko nacha or uska rape seen dikha,1,246,[],0,0,0
jb dekho pakistan ja chali ja pakistan apne haryana me kitne rape ho rahe he uske baar me mt khio gaddar,1,104,[],0,0,0
bas na yar even vikas k interview me usko arshi shilpa aur priyank ka kuch karne bola tha par usne aisa majk nai banaya tha i dont want to hate u mat do muje aur reasons shilpa plz stop dis acha nai lagta yar apne idol ka majak bante dekh,0,238,[],0,0,0
haa ye sahi hai hate you se to acha hai,0,39,[],0,0,0
tabhi toh tum jaiso ka rape ho jaata hai aur phir candle march nikal kar naatak karti ho,0,88,[],0,0,0
bhaag koi rape ka case khuul jayega,0,35,[],0,0,0
karnataka me chunav ki taiyari kr rhe h modi ji or inke neta whi ki piditaa k sath rape krne ki koshish krte pakde gye shame bjp shame pictwittercomyjvd,0,152,[],0,0,0
hate u arsh trend karna hai kya me hi mila hate u bolne ko,1,58,[],0,0,0
murga kha ke murga halal ho gya hate u arsh,1,43,[],0,0,0
ek bacchi jisne gita shlok mein award liya usko tere bhaiyo ne rape threat aur gandi galiya di hai youtube mein dekhle abb tere jaise chutiye hinduyo ko hidayat dega,1,165,['gandi'],1,3,0
cheema sab agar koi police wala with police uniform kisi ka rape kar raha ho to us ko agar koi b ek banda roke ya gali b de to kaya us bandy pe police ke kaam me rokawat ka parcha hona chahiye,0,192,['banda'],1,7,1
is rakshas ki bajao hate u arsh,1,31,[],0,0,0
bo jeet gai itana hate mat kar koi fayda nahi hai ha ha tune dil se virus ko gift nahi diya tabi huya aisa,0,106,[],0,0,0
ars ye kya hai kucb or nai hai kya bar bar hate you kuch or bol do,0,66,[],0,0,0
hai isliye use koi farq nahi padta jab use koi chodega tab hi toh use pataa chalega sid ka mahira kat ka pain dirty both of you alia rk hate shit people inko koi film bhi nahi de toh sahi rahega ghar pe hi rahi mark dino pause ki kami bhi nahi hai ji love ghar badhke,0,267,[],0,0,0
par boht saary logon ne kahan bus krdo hate na phelao,0,53,[],0,0,0
haryana mai v hours mai bade gang rape city panipat khurukstra faridabad,0,72,[],0,0,0
khurukstra panipat mai gang rape ke bad mardiya gya haryana sarkar nakam,1,72,[],0,0,0
sirf bologe ya karoge bhi padmavati issue pe bolo ohh kaise bologe bjp me lafda chalu hai smriti irani bollywood ke taraf se aur unpad cm karni sena ke taraf se aur uske upar se badhte rape pata nahi kya hoga kuch karo aap pm ho desh ke,0,236,[],0,0,0
talent ko svi ijjat krte aur perfect to koi nhi kch to sb me galat rhta hi hai par hate bhut bada word h use krne se pahle sochna chahiye,0,137,[],0,0,0
yaar kabhi kisi ki band bajani ho to muze bhi tag kardena milke bajayenge like hina shivanidurga n devoleena these r in my top hate list,1,136,[],0,0,0
inke month ke works dekh lijiynafrat ho jayegi aapko inseanandpal ke liye julus aur julus me public ko khule aam patthro ki barish karnadhamkanapublic ke sir fodnahate all of u,1,176,[],0,0,0
kaise develop hogi uss country ki jaha ladhkiyon ka rape hota haur criminal khula ghumta hsarkar haath dhare rakhti hbeti bacho beti padhao jaise abhiyaan ke sirf naare lgati hsharam aati h khud ko indian kehne mein,1,215,[],0,0,0
bhai sahab sanghi to hum bhi nahi he lekin apne dharam ki ijjat karta hu aap ko to maja dharam change karne me aata he or ha i hate gandhi,1,138,[],0,0,0
khatam ho gya abb hiten bhai ko hate karte ho toh comment hi mat karo,0,69,[],0,0,0
kal ka debate dekha aapka kaise karni sena ke log ne aapko dalal aur bjp ke speaker ne anchor terrorism kaha bahut bura laga ye dekh kar ki kaise satta pe baithe log kursi ke nasha me choor hai,0,193,[],0,0,0
jitna tu ny apna rape krwaya hai zehar dal ly burger mai aur kha ja,0,67,[],0,0,0
jitn chahe aap hate kijiye vikas ko as said log o ko jisme khusi mile o kare,0,76,[],0,0,0
apney bachon ki hiffazet kero ye bhi ibbadet hey apney bachon ko quran perhney madersey ya mulla k pass nahen bhajokoiey bacha rape nahen hoga,0,142,[],0,0,0
yeah hum jindagi ma kabhi terrorism nahi kiye maa kasam cia ko poocchh lee jiye,0,79,[],0,0,0
iski biwi toh isse kadam aage hai i hate her muje wo kabhi pasand nhi its not like ab but pehle se hi they both are so fake,1,123,[],0,0,0
kash ek film k lie na ladkaris desh ki betio k lada ho to syd rape band ho jaeor humari sister b bina dar k ghum sake,0,117,[],0,0,0
ain hate hum kisi ko hate nahi karta,0,36,[],0,0,0
koi data nhi rkha aap nai unemploymet job gareebi rape et,0,57,[],0,0,0
love muslims hate islam as an ideology,0,38,[],0,0,0
sir haryana mein rape aur murder rukenge kya ya yahan ki govt andhi hai,1,71,[],0,0,0
bayan dene par aur social use karne par aur rape ka saza fasi hona chaiye rastrahith sarvopari,0,94,[],0,0,0
aaj garbo ka paisa amir gharano ko batt do i hate bjp,1,53,[],0,0,0
but yar ppata nahi maine bahot try kiya but priyank ko hate nahi kar payi,0,73,[],0,0,0
itihas sudharak government kyo rape ke against koi qanun nahi bana rahi h,1,73,[],0,0,0
aapke modi ji bhi multi task wale hain na di unse bol dijiye pm hain crore agar bolte hain to ussi me kisaan sc obc aur wo ladki bhi jo bus rape ka shikar hone wali hai kyunki ye wo mahan desh hai jisme har rooj ladkiyon se jada k sath rape hota hai,1,249,[],0,0,0
i hate him lagta hai kisi ledki ne uska aise dil toda hai ke poora badla apni films ke heroins se le raha hai,1,109,[],0,0,0
u r a part of godi media buddy sirf jhoot bolte raho aur haram ka khate raho le k duba do india ko sirf logo k dilo me nafrat ka zeher bharte raho aur hindu ne kya kia muslim ne kya kia isi me zindagi guzar do doob maro nadi me kood k desh ko mat dubao bhakt,0,258,['doob'],1,1,0
pakistan ne apne terrorist se civilian jadhav ko chabhar se kidnap karwaya hai bhagwa terrorism ki tarah india ko badnam karne ke liye pak military court ki trial fake and transparent nahi hai save jadhav from the jaw of terroristan,0,232,[],0,0,0
kon kon hate krta hai mujhe jaao gaali do na,0,44,[],0,0,0
ji ki pavan prerhna se ke sewadar manavta bhai ke kaam me na to kabhi piche hate the na to age kabhi hatenge ayein dekhe samaj ki safayi karyo ka nazara,0,152,[],0,0,0
pakhtun ko dekho aur goli maar ke bolo taliban tha sab yaqeen ker lain ge aur counter terrorism ki thapki alag milay gi heeng lagay na phatkari aur rang bhi chaukha aaye,0,169,[],0,0,0
palestinian k hamdard apko kabhi terrorism or pakistan k bare m kehte huye kabhi nahi suna,0,90,[],0,0,0
inki maa ka rape kr k dono randion ko kapray die baghair nikal dia tha kissi ne,0,79,[],0,0,0
bhai karni sena waalon pe jitna halla machaya hai jitney dande bajaye hain kisi rape case pe bhi machado to ye society pe bada aabhar hoga thank you,1,148,[],0,0,0
modi dadaji i love youlavanya from dehraduni am years old dadaji please aap sab kaam chor kar hum girls ke baare main kuchh kijiye dadaji roj news main dekhte hai ki rape ke baad girl ko maar diyadadaji main nahi janti ki what is rape casegande logo se bacho,0,258,[],0,0,0
kabhi bhi rape hua to rapist ke virudhh andolan kiya,0,52,[],0,0,0
pe patthar maarne ke sath sath rape karne ke order bhi aa gaye honge,0,68,[],0,0,0
logon ko padmavat ki fikar hai magar desh me itne rape ho rahe hain uskliye sarkar kya kr rahi hai,1,98,[],0,0,0
jab kashmir mein log violent protests karte hain to vo marte hain violence karne vaalon ko maar padni hi chahiye ek mari hui aurat se bhavnaye hurt hoti hain aur jo roz choti bachchiyon ka rape ho rha hai usse rajputon ko koi fark nhi padta,1,240,[],0,0,0
haryana me rape hue last din me itna josh waha k liye bhi bacha liya karo,1,73,[],0,0,0
yep they hate shilpa more than they love vikas,0,46,[],0,0,0
vibhuti ji wo jhanda nikal do apne naam se bjpmodi ko hate krne ke chakkar mein bhul gye ho desh ko pyar krna kya hota hai unity in diversity kya hota hai ravish hardik jaise ke fan ho lekin desh ke nahi,0,203,[],0,0,0
hamara maa ashra hi nakaam he q ke punjab hukumat ko agar nakaam kaha jae to kpk me jo asma ka rape hua wo kis ki nakami thi or karachi me nakeeb ul mehsood ka katal wo kis ki nakami thior bohot se sawalat hain lekin jawab koi nahi,0,231,[],0,0,0
rs pm g aap mn ki baat krne k liye logo se suggestion mangte ho haryana me to the gang rape par bhi suggestion mang lijiye ta ki un logo ko bhi shanubhuti mil have,0,163,[],0,0,0
aur us waqt kisi ne intolarence hai desh mein aur communalism terrorism hai desh mein nahi kaha,0,95,[],0,0,0
sab hs ki wajah se i hate them,1,30,[],0,0,0
tu to bolegi k teri maa ka bhi rape kiya hai modi ne sunega kaun teri maa ko sun k khushi hogi wo baat alag hai ja puch k bata,1,126,[],0,0,0
i hate ur bnking pattern garibo ki minimum balnc par unke khun ke paeso ko aap ne kata hai garibo ko loan dene me makkari karte hai aapki es kartut ki sajaa govt ko milegi jarur milegi,1,184,[],0,0,0
hina ki wakil i hate u sambhavna ji aap ne shilpa sath q nahi diya,1,66,[],0,0,0
abhi to sirf bakri ka rape kiya haiagla number aapka bhi ho skta h,0,66,[],0,0,0
abe tu kya hate krega apni sakal dekh pehle fir kisi ke baareme bolna,0,69,[],0,0,0
kabhi bjp ko bhe badnaam karo madam ya dalaali khaai h bikil hui media ne haryana mein rape ho rahe hain aur khatara sarkaar so rahi hai,0,136,[],0,0,0
jis din padmavati ka virodh ho raha tha us dauran india me se zada rape cases aaye hain unme mahine bachiyon k bhi h is par kisine virodh kyu nhi kiya jis par virodh krna chahiye us par krenge nhi ek movie k liye itna bda,1,221,[],0,0,0
ye tere dalit bhai hi he jo rape karte he,0,41,[],0,0,0
kuki love dikhate h jo unhe koi ni puchta hatred vale hi raja h,0,63,[],0,0,0
bhai rahne do yeh andhe hai inke liye islam hi sab kuch hai and jo inko appease kar de woh inka devta jo uppar see leke neeche takk hate see bhare hue ho usko koi sense nahi hai samjhane ka,0,189,[],0,0,0
jo film ban rahi haibahan hogi teriyahi sari filmo ka karan rape ki ghatana bad rahi hai aaisho filmo ko ban karna chiya,0,120,[],0,0,0
kaabil ki rape karchuke hai nanaakabil beta ki krish ki bhi ch jaayega toh aur bhi majaa ayegauske baad uska career khatam jo hojaayega,1,135,[],0,0,0
koi paise ke liye ita gir sakta hai ke rape case karde chiiiiiiiii,1,66,[],0,0,0
haryana main rape ho rahe hai kab hoga debate us par,1,52,[],0,0,0
sari duniya hate karti to islamic desh nhi hota aajhaar roj duniya me average log muslim kyon ban rahe hai,0,106,[],0,0,0
fulandevi jab police station gai complain karne tab policewalo ne police station me nyay karne k bajai abla fulandevi ka rape kiya,0,130,[],0,0,0
dusro se questioning karna bahut easy hotta hai mr gandhi tum ek baat batao saal mein congress ko youth rape ki yaad nahi aayi is desh ki asli barbaadi ki zimmevaar sirf congress hai is statement ko modi bakht samjh kar ignore mat karna answer me,0,246,[],0,0,0
mard suwaro jaisa yea kutia jaisa bachhe paida nehin karya tumsab aur suwar mein koi fark nehin aj pura dunia hate karta hain aj rahul jaisa ek mulla patost bhi janeu lekar nikal pada hain sudhar ja nehin to shambhulala ajyega,1,226,[],0,0,0
north doklam pe chin ne kabja kr liya haryana me betiyon ka rape ho rha huspe bhi dangal kr lijiye sir,0,102,[],0,0,0
teri baari bhi aayegi beta kar le comments gande velle log priyank ka naam dekha nahi aa hate hain muh utha kar why are you so obsessed with him shilpa me kuch nahi hai dekhne laayak priyank se itna pyaar hai,0,208,[],0,0,0
agir balatkar rape to ye hi to kar rahe hai eisa kaam sirf zahil gatar chap rajput hi kar sakte hai,1,99,[],0,0,0
tum mahila nari ladki ke naam par kala haryana daily rape ho raha hai tum bjp ka baat kar salary lo sharam ki baat hai,1,118,[],0,0,0
azhar ali teri maan aur bahen ka rape pakistan me howa tha kya mahajir kutay ja kar marr jaao na india me jahan ka namak tum khaatay ho haram kay,0,145,[],0,0,0
fir bhi itne saare rape ho rahe hai kaha hai rajput ladkiyon k pallu k piche chupe hai kya,0,90,[],0,0,0
haryana pe bhi baat karlo kabhi roj rape ho rahe hai,0,52,[],0,0,0
ye shilpa k fans hai jinhe hate k alawa kuch nahi ata,0,53,[],0,0,0
rajputo ko khud apni ijjat ka khyal ni hai inke yha itne crime hore hai ladkiyo k rape hore hai uspe inka muh khulta hai nai,1,124,[],0,0,0
kyun bhai sahab aapka banaya hua wo law ka kya hua jo ladki ko lagataar mins dekhe wo rape hoga,0,95,[],0,0,0
is begharait k sath dafa rape hona chahiye yehi iski saza hai,0,61,[],0,0,0
haryana me pichle ek week me rape ho chuke h or wo sab hindu h,0,62,[],0,0,0
is hate k peeche ek chammat hai jo whatsapp pai milega _,0,56,[],0,0,0
tumne to sirf boye hai nafrat k beej bas ulfat batan se thi to kuch kar dikhate tum hota na agar tajmahal lalkila to duniya ko sirf gaye ka gober dikhte tum jai hind,0,165,['beej'],1,6,1
haryana me rape ho rahe hai waha to moral to holiday pe hai,0,59,[],0,0,0
issliye ke saare ko lootne par bhid gaye ke alawa kuch case mein aur koi aur anye cases mein ander hain,0,103,[],0,0,0
i dont hate shilpa tum zara socho bina kisi galti ki tumhare upar koi itna bada ilzaam lagaye,0,93,[],0,0,0
yeah sab milay huye ji ec sc sab aap see hate hai ji,0,52,[],0,0,0
bhai tum log kahan se aate ho achanak movie ke baare mein itna sochna tum log kahan chale jate ho koi ladki ka rape hota hai aur usme koi action nahi hota hai aa gaye sab moh utha ke,1,182,[],0,0,0
or goverment ko sabhi chanel or dig ko inform kar dena chahi a or luis rape ladki ki caste newspaper me print n hone de pictwittercomhbpgxwzqnz,0,143,[],0,0,0
miiyan teri roz gan marte the rape ka case kiya kya,0,51,[],0,0,0
bhai maire man mai aisa vichar aabat rahi tum jitna fiam wo hai ka padmavat ko rokne mai jitni koshish karat ho itani koshi apne desh mai rape rokan mai karo to kau desh ko rastpati ji na kahego k india mai sabhal k jaio,1,220,[],0,0,0
is dgp ki maan ka bhi rape hua joga,0,35,[],0,0,0
ye rape case bacho barnabegunah ko police muqablo main marwana ye baruni hat mulavis hain or gov ko b sab pata hai,1,114,[],0,0,0
congress ke agents ho ya maha murkh rape rape hota hai use dalit or non dalit see jo kar mat dekho,1,98,[],0,0,0
ohhh i see hikas or vina mujhe acha laga i hate shikas shit,1,59,[],0,0,0
case example h es cheez k,0,25,[],0,0,0
i hate this shikas crap kitna parishan krte hai vikas ko inko nhi dikta kya vikas irritate ho rahe inn sab se,1,109,[],0,0,0
bhaiya jiska kaam hai wo karega na pm bolega to kya rape hona band hojaega sundar ladki dekhke tumhara man machalta h ki nhi kya isme bhi pm ka dosh h bataiye,0,158,[],0,0,0
dhyanya hai haryana sarkar kisiko darr hi nhi kanoon ka har dusre ghante me rape hora hai koi kisiko utha ke le jara hai is it khattar sarkar or kachchar sarkar,1,160,[],0,0,0
maalik aajkal mai madarse me nhi ja rahabahut rape ho rahe haiu know waise meri bakri bhi lapata hai what should i do,0,117,[],0,0,0
mai jis se bhi puchta tha fav kon hai sab bolte the i hate arrogant lady hina khan,1,82,[],0,0,0
rapist marenge tb hi rape rukenge,0,33,[],0,0,0
ya arab ka kanoon laiye q ki rape bar hota h pr media aur samaj betiyon ko roj sabdon se nirvasit krte h,0,104,[],0,0,0
bas an koi nahi chalayega hate naina campaign dekhna p,0,54,[],0,0,0
haters ka kaam hai karna hate,0,29,[],0,0,0
kal maine aar par dekha amish devgan khud ko kya samzta hai karni sena ke liye bahot apashabd bole hum hindu karni sena ke sath khade hai amish hindu ke virodh me mut bolo aaj se mai tumhara canel kabhi bhi nahi dekhanga pahle mai har roz aar par hum tuo puchhenge i hate amish,1,277,[],0,0,0
aab kitna roop dekhayegi aaur kitna hate karen tumko apna band kyun bajwana chah ragi ho gajini tum,0,99,[],0,0,0
bhadvo haryana me ho rahe rape par khamosh kyu ho kya rape deshbhakti he or modiji se sawal puchna sena ko target karna kaise dallo dub maro,1,140,[],0,0,0
mai apse ya puch raha hu ki kya haryana ka rape kand koi bjp wala kiya hai kya jo bjp ko bar bar nishana banaya ja raha hai saach hai ki waha bjp ki sarkar hai to police chape mari kar rahi hai gunahgar ko baksha nahi jayaga,0,224,[],0,0,0
pakistan se jitna khatara desh ko hai uss se jyda toh bharat me pal rahe gunde or rapist ka jyda hai sal ki beti ka rape kar ke marne vale gunde hamare bharat me hai wo kisi aantkvad se kya kam hai,0,197,[],0,0,0
wo ghar par jo kal paratha bana kar rakh tha use kha rahi hogi and ab master chef me jane ki tayari kar rahi hogi kyuki baki kuch to aur us ke bas he nahi khairati winner ban kar and pese lekar bethi he sharam bhi nahi aati usei hate her,1,237,[],0,0,0
film padmavati ka virodh karne wale wo hi hai jinhone gareeb dalit phoolandevi ka rape kiya thaaaj ye film padmavati ko hindu dharm ki prathistha ka sawal bata rahe hai me inse puchna chahunga ki kya phoolandevi hindu nai thi,1,225,[],0,0,0
pehle confirm kar lo kya karte ho hate or love nahi to baad mein joota laat hota hai fir,0,88,[],0,0,0
aur sun sirf woh cheej btta jisme pakistan se aage koi naa ho bheek maangne aur terrorism failane kai alawa,0,107,[],0,0,0
doori no hate karda se,0,22,[],0,0,0
par priyank se itna hate kyu,0,28,[],0,0,0
tum rape k baat kar reheho toh main tumhe bolta hoon saare musolmaanyoo ko desh se nikal do dekho rape bandh ho jayega,1,118,[],0,0,0
ha sahi hai bhai yaha ram rahim jaise baba ki jagah sahi hai yaha sambhu jaise logo ke liye hi jagah hai jo apne bahan ke sath rape karta tha jiska virodh ek muslim ne kiya to usko love jihaad ka naam lekar berahmi se mara gaya wah mera digital india,1,250,[],0,0,0
by the way pakistan me kirne lrkian is trh ki pai jati hain kia hmare villages me is trh ki khawateen moujood hain phr b rape ratio wahan ziada e kuch farmaen ge ap is barey me,0,176,[],0,0,0
are yaar kabhi wo baba ji ko bhi yaad karlo na asaram bapu ram rahim jaise pakhandio ko inke hi sewa karo maa bahan ko bhejo inke hi paas kabhi ye ye news me suna hai ki mulla molvi ne kisi larki ka rape kiya hai,1,212,[],0,0,0
hahaha hassi toh aayegi hai tumhare karne pai isse karne kai chalte toh bangladesh aazad hua tha waha bhi teri pakistani terrorist army nai awrto ka rape kiya tha lagta hai abb baluchistan ki azzadi ki baare hai,0,211,[],0,0,0
ye le madarchod dekh iss video ko kase tera fauji urf terrorist baloch awrto ka rape krr rahe hain live video de raha hun,1,121,['madarchod'],1,10,1
ne jo kiya apne dam pe kiya lekin kundali par toh kumkum ki meher haifir v kundali wale jamin par pau ho nahi rakhterat ke baje akar trp lao fir bolnai hate kundalibecause kundali ke karan kumkum bhagya no par nahi hai,1,218,[],0,0,0
mujhe reality show mein nahi dekhna hina ko itni mehnat karti hai aur finale mein aakar kisi aur ko jita dete hain really hate reality shows now hina ka dil toot jata hai pehle kkk mein sirf sec se haari and abhi big boss mein few votes se,0,239,[],0,0,0
are you sure multan me larrki k sath panchait me rape karwaaya kasoor me se ziyaada b child abuse hui model town k logo ko qatl kiya gaya hospitals k baahar aurten delivery kar rahin kasoor me protest karne walo ko qatl kiya aur bhi boht hen lekin ap ko smajh nahi ani,0,268,[],0,0,0
khattar baba so rhe hai aur ek dun me char rape ho rhe hai bhakt abhi bhi khattara sarkar ke bachau me aa rhe hai,1,113,[],0,0,0
iska bhi survey kar lete mam kitna rape hua abhi tak modi raj mein rape ek din me hua upar survey kiya aap ke news channel ne yaa aap ne engineering kar ke banda chaprashi ki naukari ke liye line mein khada hai isper kabhi survey karo,0,234,['banda'],1,7,1
u r right bhai shab g jaise bjp sarkar ke under main rape murdercrime am bat ho gyi hai inko bhrkast kr dena chaie ab log apko cm ke roop main dekhna chate hai,0,159,[],0,0,0
ha apne behen se rape karne wala aapke ghar se zarur shamboo nikle,0,66,[],0,0,0
ohh now i am khan koi khan he to usse hate karlo ye tho tumhein pata hi hoga nah,0,80,[],0,0,0
uss mother fucker ne mujhe msgs kiye tumhare nam se that i hate shilpa usne mall me mujhe gaali di are bhadkhau kutrya tujhya sarkha chu samajlas ka mala tere jesa chu aur kahi nahi dekhaaur kruti ke nam ki bhad khana band kr tere nam jesa hi fake h tu,1,252,[],0,0,0
haan yaar i hate all this taam jhaam,1,36,[],0,0,0
a poori ghtana peedit ke prakran me peedita ke aour uski betio ke ko pahle mob par fone karke fir jankari hone par mana karne ke bad bhi jabran rape ka pryash kiya gaya thha ingry report bhi hai ka bayan bhi coroboreted hai kai anya evidence hai bawjood iske i o ne f r pictwittercomwjesgeyhz,0,292,[],0,0,0
madd tum jaise harami aur suwar jaise logon k wajah se aaj government manmani kar raha h aur developement k naam pe garib dalit muslim ko maara ja raha h rape ho raha har din,1,174,[],0,0,0
tume tho akki ko hate karna hai bus kisi ko bhi baap banalo,0,59,[],0,0,0
agar hamari hakoomat ko begunahon k qatal se koi farq ni prta bachon k rape se koi farq ni parta aur wo kahen k aise waqeaat hote rehte han to waqe ee lanat bhajne se b koi farq nahi parta,0,188,[],0,0,0
mey ek week mey teen bachchiyo ke saath gang rape hue par hamari aatma ko ye khabar jhakjhorti nahi kyunki paththar ho gaye hai yahaa insaan sabke sab gunaahgaar betiyo ko is tarah bachaoge,1,189,[],0,0,0
waise zainab ke qatil ka kya bana us se pehle qasorr me masoom bachiyon ke rape cases ka mamla hy us ka kya bana bachon ka rape or video scandal tha us ka kya bana,0,163,[],0,0,0
haryana me ek ke baad ek rape hue or govt ne ek lafz nhi bola aye desh ke pradhan sewak ye ka dhong band kar dizie aapse ilteza karte hai,0,137,[],0,0,0
tera hate bhi chlega,0,20,[],0,0,0
mujhe laga tumhara rape to nahi ho gaya,0,39,[],0,0,0
aap september meh chal yeah report ing aajtak aur zee news ki udhar mass murderer kiya gaye hindu ka aur womans ka rape aur conversation kiya gayebindi nikal diye gayeaise community ko india meh rahena koe hak nahi hai,1,218,[],0,0,0
nhi bhai ab kha hote hai ab to rape nhi vupaksh party ke log sajish krte hai,0,76,[],0,0,0
bilkul sahi yea baat media ko samjna chahiye media he bolti h dalti ladki ke sath rape hua muslim ladki ke sath rape and all,0,124,[],0,0,0
kya adhed mahila ka rape nhi hota hai,0,37,[],0,0,0
khattar ji chief minister banay rahaygay modi ji kay khass hai unhay desh chalana nahi atta aur enhay pardash agar rape casses ko rokna hai to mujrimo ko chok main fassi do dus latkaygay to baki khud sudhar jaygay,1,213,[],0,0,0
january ko haryana ki jhanki me rape aise hota hai darshaya jayega scene kuch iss tarh hoga kuch gunde ek nabalik ka rape kar rahe honge aur lg prsident pm vicepresident cji ls speaker mook darshak bhism piatamah ki tarah baithe honge,1,234,[],0,0,0
gov employee ko nikal do sab kam to ab indian army ko karne pad rahe hai salute to indian army hate to gov authority,0,116,[],0,0,0
waise in chuchuo ko ye to pata hai na ki nw khud bataya tha sabko ki bikas gay hai jab usne ek ladke ka hi rape kiya,0,116,[],0,0,0
ye brainless bhakt h jinhone rape ko bhi hindu muslim bana dia,0,62,[],0,0,0
ik ney na ko nhi os pay behtay chor rape karney walaypmln logo ko kha haiaj in log ko ye baat yaad aa gae hai k imran khan ney ye word bolay haiarey begharato jab tumara baap god mafia hamari army aur hamari supreme court ko bolta hai tab gharat kahan mar jati hai,1,264,[],0,0,0
kyuki hum har religion ki acchai ki kadr or burayi ki khilafat karte htaj agar desh ki shaan h to hum ise maante htumhare jaisa nhi ki dusre religion ki ladkoyo se rape karounke mandir todo or fir kaho we are peaceful thoo h tumhare jaise jaahilo pe,1,249,[],0,0,0
pakistan ki pol khul gye ab bhi pakistan ki pass kuch kahene liye rahe gya h kya sarrm karo india nassa me space me pahuch gya our tum abhi terrorism me he atke ho samemonyo,1,173,[],0,0,0
rape karne wale ke liye sirf fansi ki sja honi chahiyeab sochna chahiye sabhi party ko,0,86,[],0,0,0
desh hit ki bat hindu terrorism ko badhawa dene wale log krte h to mazak lagta h,0,80,[],0,0,0
i hate him isko sirf insta family dikhti hai buri baat,1,54,[],0,0,0
tu tou hai hi begairat ganje tera past kya hai subb ko pata hai kaal taak bbc main dhake khane wala aaj jew news main chill maar raha hai mardan main bhi kya th incident hai kya bachon ka rape mardan main hua tha lanti shakhs,0,225,[],0,0,0
ambala ho ya patiala i hate laddoosss,1,37,[],0,0,0
koi nai tum yaha anaa kashmir mai kyu k tum safe nai ho india mai har din rape hota hai aap logo ko,0,99,[],0,0,0
yar terrorism start kaha se howa hai,0,36,[],0,0,0
i hate palak paneer paalak dekh ke mera dimag kharab ho jaata hai lol,1,69,[],0,0,0
tere abba ne kitne nikah kiye se jyada behen se bhi kiye honge pak me aurte rape register nahi karti roj ki baat hai naa,1,120,[],0,0,0
randi ka bachon terrorism tu karate ho chahey kapoor kitna be bara ho jaen rahatn lun ka necha han,0,98,['randi'],1,8,1
kishan ki hatya karne wala musalman nahi tha india me haar m me ek rape hota hai wo musalman nahi karta hai hindi apas me lardta h bhaiyo pictwittercomuauitif,1,158,[],0,0,0
loot maar danga fasad rape yehi vikaas hai up me kya,0,52,[],0,0,0
itni ku jalti hai modi se tumlog ki tumhe terrorism pehlane me rok raha hai is liye,0,83,[],0,0,0
ye tumlog ki bakwas h jiske bina pe tumlog nafrat ko failana chahte aur khudko bachana chate ho mr pakistanimere hisab se tum pakistani ho,0,138,[],0,0,0
phir se aa gayi na rape pe khud ladki hoke yehi batein karne me maza aata hai chhi chhi,1,87,[],0,0,0
beta bht bonkra tha ek bat batata tujeh tu b kisi rape ki he paidawar hai salay lundian bathroom hai batain dhko lundian ki,0,123,[],0,0,0
i hate those darzi jinhey design kuch batao banatey apni merzi ka hain matlab humein pehanna hay ya apne,1,104,[],0,0,0
mai ladkiyo ko bs gandi nazar se dekhta hi nahi hu unka rape bhi kar deta hu,0,76,['gandi'],1,3,0
dear modi sir kal bhi ek ladki ki rape hui hai gurgaon meaise roj roj ladkiya rape hoti ja rahi hai,0,99,[],0,0,0
at least ashram chap to nhi jaha sikhsa ke naam par rape hote hai jaise asa raam babu pakhandi baba milenge,0,107,[],0,0,0
chiii krk ewww i hate that ghatiyaa insaan,1,42,[],0,0,0
sir mujhe roj news me womens rape ki khabar milte hai eske liya kuch sakhat rules aur banana nahi chayiya hum log bhi safe ho jai,0,129,[],0,0,0
magar jab rape murder kishan hatya ki jati hai,0,46,[],0,0,0
par yaha to suar jhund bana ke army pe patthar fekte hai jis jamin ka namak khate hai usi pe terrorism faila ke nirdosho ki hatya karte hai,1,139,[],0,0,0
anaye waley dinon main bhi tumhara rape karengaye cricket main pakistan tumhara baap hai,0,88,[],0,0,0
teri ammi ka rape roj chinese aur arabi karte hi pehle mughalo ne tumhari ammi chodu ab chinese chod rahe hi,1,108,"['chodu', 'chod']",1,14,1
porkistan me to hona hi nahi hai rape kyuki tumahare baap ki se jyada biwi hogi waha behen se bhi shaadi karte haiisse bada rape aur kya,1,136,[],0,0,0
or tmhari ka roz rape krtay hain kyun k tujh se khud tou kuch hota ni,0,69,[],0,0,0
apny bachon ko bahir na bhejna koi unka rape na kar dy magr ap khush he as me ho,0,80,[],0,0,0
bhai aaj phir se tune mujhe tujhe hate karne pe majbur kia h pehle msd ka sapna toda wc me or ab anil kumble sir ko hata ke,1,123,[],0,0,0
bjp ka terror prem kyu nahi dikhate ho sahab kabhi aisi bhi kya patrakarita,0,75,[],0,0,0
bhaiya aap yogiraj k crime rape gunddagerdi k muda ko leker rod per aaeyetak ka time aap aur hmara sanghars ka hai,0,114,[],0,0,0
khana sab milawati hai kheto ka chemical yukt anna talab ka pani mila doodh jiske pass sab toilet hate hai gavo mei correct so replay,0,133,[],0,0,0
naamardo ki aukkad hai ye rape karne ki soch mard hotha tho rape hone se bachata aurath ko,1,90,[],0,0,0
wah ji wah kash aap jaise log pakistan ki gaddi me b baith jaye to ye terrorism or border ki samasya hal ho jaye,0,112,[],0,0,0
twaadi maa di jai i hate you kutti,1,34,['kutti'],1,2,0
tu soch na sake kaun tujhe hate karega,0,38,[],0,0,0
av barabanki rape pidita via,0,28,[],0,0,0
rapist log rapist ka bachalo hmesha karte jo inshan murdon se rape karne ki slah de usse insaf ki ummeed kaise rakh sakte hain aap log,1,134,[],0,0,0
abey thullon idhar rape pe rape ho raha hai udhar tum aise chutiyaape faila rahe ho,0,83,[],0,0,0
bichare ne apna opinion rakha ladkiyo ke baare me par ladkiya uska rape kar rahi hai,0,84,[],0,0,0
iss se acha tha jo terrorism pe paisa barbad pakistan kr rha hai vo apne koom ke tarki mai lagata tou aaj pakistan itni garib mulk nhi hota,0,139,[],0,0,0
apna dhanda chalatesasti or farzi deshbhakti dikahologo ko ladwaohate failaokhoob maal kamao,1,92,[],0,0,0
sab yahi ki thi rape kiyetum huye,0,33,[],0,0,0
sir ap kashmir wala terrorism pehlay khatam kerwa dain aurto aur bacho ko maarna terrorists ka kam hai army ka nahi,0,115,[],0,0,0
aaj phli baar aap ka dna programme dekha bhai terrorism k alwa kuchh nhi hota chee news chee,1,92,[],0,0,0
mein to teri maa ke paas se guzra to us ne apna giraban phaar ke mujh pe rape ka ilzam laga dia phir tu paida huwa hahahahah,0,124,[],0,0,0
devdasi bana kar mandir me rape kiya hai,0,40,[],0,0,0
jahan har mint mei ak rape hota hai khud ko safe rakh nahi sktay aur humain batain kartay ho,1,92,[],0,0,0
aree maine dekha h varia fans shraddhu ko hate karte h aur varshra fans alia ko isliye,0,86,[],0,0,0
aur tumhra bhai abba khud tum logo ka islamic rape kar dete he,1,62,[],0,0,0
achi baat hai koi toh hate karta hai,0,36,[],0,0,0
bilkul sahi bole tumhara desh tumhare terrorism kartuton k liye hi chota bann gaya hai duniya k samne,1,101,[],0,0,0
inka malik bolega tab bhokenge ye abhi koi brazil se koi hate video aya nai hai shayad,0,86,[],0,0,0
bhai ghalat bat ni rape case hain,0,33,[],0,0,0
for modi bhakts who hate jageera,0,32,[],0,0,0
aaj phir ek raajneta aaya aur mere shahar ka rape karke chala jaayega,0,69,[],0,0,0
tumhari aukat guy ki moot peene ki hai sale guy ko mata mante hai fir uska rape karte hai,1,89,[],0,0,0
jaa kay apny behan ky izaat bacha koi rape kaar raha hoga,0,57,[],0,0,0
bhaiagar usse hate karta haitoh ignore kar naa uske related posthatred kyoun baraha raha hai,0,92,[],0,0,0
pti main lote hate hai khurram bhai,0,35,[],0,0,0
jo trains pakistan se aa rahi thiseparation ke time peusme hatyaye aur rape kyun huejinahne bola tha kya,1,104,[],0,0,0
bhai inke moitarma ke rape wale comment per maine likha rape koi bhi kare uski bhartsna honi chaye rape ek bemari haikya galat kaha,0,131,[],0,0,0
bharat me rahne wale bhartio par goli chala rhe hai sarkar rape kar rhe hai or kya kar rhe hai,1,94,[],0,0,0
tere baap ka hai india tu sirf eik hate monger hai jis ki na koi okat hai na dharm oor hater agar brotherhood se itni nafrat hai thn,0,132,[],0,0,0
kuch indians itne ghatiya ho chuke hain k cricket ki baat kro tu terrorism k randi rone shru krdete hain,1,104,['randi'],1,8,1
yahan hum safe hain india ke tarha rape ke tension nhi hai,0,58,[],0,0,0
tumlog kaunse wafadar kutte ho ladkiyo ka rape karte waqt wafadari desh ke liye kaha jati hai guy bail jaise tuche janwar,1,121,['kutte'],1,2,0
aaplog bhi thapthapao keuki up rape murder chori dakaiti jatwad me tarakki ki hai media ne apna roll bakhubi nibhai hai,0,119,[],0,0,0
i hate pinky shivay ka dard usko dikhai nhi deta,1,48,[],0,0,0
rape chori dakaiti murder jatwad itna badhane ke bad pm moooodi up ko aage badhate najar se dekhate hai,0,103,[],0,0,0
potato i hate milagai bajji i eat only vaalaikai and potato bajji,1,65,[],0,0,0
koi us bandar ko pahari se dhakka ya mukka marke pekh doi hate that chepdi ragini,1,81,[],0,0,0
abe to ye sharam ki baat he pakistan k liye vha insan safe nhi he salo tumne khud ko narak banak rkha he salo terrorism ki aulad,1,128,[],0,0,0
sir ji news wale to pakistan india ki haar jeet per debate kar rhe hai murder rape to aam ho gaya hai news walo ke liye,0,119,[],0,0,0
inki ristedar ka rape hua hai is hospital me jispe ye pattharbaaji kr rhe the,0,77,[],0,0,0
are tu hindu nahi hai tu eik fake hai without ny identity oor india tere baap ka nahi hai woh humara hai kisi free bethe hate monger ka nahi,0,140,[],0,0,0
haan tum log tou apni indian females ka rape kar dete hoon tou kashmir main rape aur killing karna tou joke he hoga tumhare liye,1,128,[],0,0,0
tumhari tou india main har female ka rape hua wa hai tum hara tou har bacha he haram ka hai tou tumhe bachoon ka kiya dukh hoga,1,127,[],0,0,0
i hate you paresh raval tum sachendulkar ji k bare me galat nahi bol sakte kyoki vo bharat ratan h tumari unse apsabd bolne ki aukat nahi h,1,139,[],0,0,0
aur jo india ma har min mai rape hota hai uska kiya kiya who bhi pakistan hi karwata hai,1,88,[],0,0,0
kya tume lagta hai agar islam nahi hota kashmir mai to kya terrorism hota kashmir mai nahi,0,90,[],0,0,0
beta jaa apni maa behno ka khayal rakh roz india mai tumharay log apni maaoun aur behno ka rape kartay hainsharam say doob mar ja,1,129,['doob'],1,1,0
kuttay ja k kar rape apni maa ka bc maa agar budhi hai toh behan ka kar salaay rapist,1,85,['bc'],1,10,1
bhai jab tumne decide kar hi liya hai ki tumhe ek qaum ko hate karna hi karna hai to no can change u its up to u think sensibly,0,127,[],0,0,0
jis rape ke laws and rules ko koi darta nahi un law ans rules ki desh ko kyu hai jarurat,0,88,[],0,0,0
tum apne maa bahno ka rape iss tar karte ho ki rape rate ki race me hume bhi piche patkte ho,0,92,[],0,0,0
unka to confidence hi rape ho gayi,0,34,[],0,0,0
stupid endian muslim rape toh bande hotay nahi hai delhi mein batain tum muslims ki kartay ho phattu rss say lar na aur gua rashkhe say,0,135,[],0,0,0
nhi allah ka shukar ha pakistan mei sb kuch ha hr naimatkhush haal mulk ha agr aur sazishen bnd kr dy,0,101,[],0,0,0
or jo log apni daughter se rape karte haiunko kya kahenge,0,57,[],0,0,0
ab sab chup rahenge manak ji dusre kare to koi terrorism ni hai,0,63,['chup'],1,1,0
aurto par hone wale rape ko roko modiji talaq k naam par aurto ki himayti dikha kar rajniti mat karo pehle isko rolo fekuuu,1,123,[],0,0,0
i hate jihadi bhai and also hare bhakt dono kamine hain,1,55,['jihadi'],1,4,1
aap jitna nich nhi hi m ki kisi ko rape ki dhamki du hai ko mc maarne ka dhamki dega uski maa behan ek kr dunga,0,111,['mc'],1,10,1
rape ka dhamki kb diyass dikhao ya aap bhi vanda singh ki behan ho,0,66,[],0,0,0
stop hate speechcomments pa ji dusro par bharosa kar k apnay shayad kuch ziyada hi keh diya result dhiskiyaoooo,0,111,[],0,0,0
hahahahahha fazool mee lambi karny ka kiya faida mere bhai wasey bohat ajeeb baap hai apni betiyan nahi bacha pata rape hony sy,0,127,[],0,0,0
tu kab se koshish kar raha hai india me illigal conversion me tum sab haramzade ho tumhare purkho ke rape hue,1,109,[],0,0,0
yoga baad m karna pehle ye gudgaon noida delhi k rape cases ka kuch karo,0,72,[],0,0,0
mana be kiya tha bahir na nikalna wrna rape hojaye ga lundistan mai har koi tau rapist hai,1,90,[],0,0,0
yeh koi delhi nhi jahan buson main rape hoty hain smjhaa,1,56,[],0,0,0
sali kutia rapists hain teray mulk mai bahir na nikli rape hojaye ga teray pak aja safe hojaye gee,0,98,[],0,0,0
roj ek rape ho raha hai kaha gaya inch ka senaaa,1,48,[],0,0,0
agar rape ka comment padkar thodi si bhi sharm ati hogi tuje apne logo pe to apne pair se chappal nikal kar apne muh par marna,1,126,[],0,0,0
tumlog ladkiyo bhed bakrio ki nazar se dekhte ho jaha mile sirf rape karne ka aur mera madarsa aurto ki izzat karna sikhata hai rape karna n,0,140,[],0,0,0
tum phly apnay desh ko rarest logo say bachao jo masoom girls ko gang rape kart hy then telus,0,93,[],0,0,0
se bharat me dange rape badhe he kya yahi he vikas,1,50,[],0,0,0
es eid me chara khane wale ek or janwar ka ka kima banega i like it but i hate non veg,0,86,[],0,0,0
aur tum mata ka rape ais tara karty ho jasy tumary liya race ho,0,63,[],0,0,0
jb delhi rape hua zalim rappist ko saza di gai hmne ibsaf ko bosa liya lkin kya bijnore kand rape ni thi,0,104,[],0,0,0
aaj se main bhi upma ko hate karne laga hoon,0,44,[],0,0,0
tumhare purkhe kamzor the apni aurato rape hone se nahi bacha paye,1,66,[],0,0,0
muslim invaders ne tumhari daadio nanio ko rape kiya,1,52,[],0,0,0
mrrishi kapoor sb pahly apne mulk ko dekho tumhere log bokh k marey mar rhy han or dosri taraf rape tumhere mulk sy khatam nai huty,0,131,[],0,0,0
sale muslims se hate nahi karta hmtujh jaise pakistani suwaro se karte haisuwar ke bacche,0,89,[],0,0,0
i hate bre bre nails wali kuriyan susti le k ghomti hen yaak,1,60,[],0,0,0
yahan sab ab fan haiisliye srk ko hate krteaur srk ko hate krte isliye aamir salman ko like krte,0,96,[],0,0,0
bhai aap log srk sir ko cr nahi karne doge wo bechare sabke paun pakadte hai aur aap phir hate le aate ho unke liye,0,115,[],0,0,0
jab nirbhya ka rape huwa tha to pura desh uske saath khda tha aur bijnor me rape huwa to kisi ki awaz tak nahi nikli,1,116,[],0,0,0
hajaise bijnor rape kaand wale ko hui hai usi traha,0,51,[],0,0,0
tujhey india mein ladkiyon kaa rape dikh rhaa hai parr india meinmitti ko maa aur aurat ko maa durga maan kr puja hoti hai woh nhi dikhta,1,137,[],0,0,0
jaha dekho waha rape rape koi kuch bolega bhi kese unke hi admi jo he,1,69,[],0,0,0
sb k desh men me zulm rape n murder badh raha hai r modi kahta h k desh badh raha hai,1,85,[],0,0,0
spread karne na karne se kuchh nahi hota indians pakistan se sirf terrorism khatm karne ki baat bolte hai na kam na jyada rightly so,0,132,[],0,0,0
dhamki dene wale rape ki paidaish hi hain saale,1,47,[],0,0,0
yogi tere raj me roze dar ladki ka rape hua,0,43,[],0,0,0
waha to awaz nahi nikalti hai kyuki wo rape hindu bhai ne kiya na wo crimanal nahi hai jao jakar pehle rape karna band karo phr bhonkna,1,135,[],0,0,0
yogi tere raj me rape bad gaya,0,30,[],0,0,0
hahahakr lia theek kia muje pta ta zarur kroge ab abvp pe aagye arey kisko rape ki dhamki di gurmehar ko bhai wo banda abvp ka ni ta,0,132,['banda'],1,7,1
wahi jo mera naam leke i hate you wale tweets karti hai,0,55,[],0,0,0
bhikh me mila hu desh baris se bachne ki aukat nai baat karte ho rape karne ki benched zinda jala do pakistan ko,1,112,[],0,0,0
jitne rape cases hue sab rapists ko phansi do phir dekho india me kese hamari maa bahen safe hoti hen,0,101,[],0,0,0
delhi me bhi gang rape ispe kab tok lagegi,0,42,[],0,0,0
indian maharashtara me rape hua,0,31,[],0,0,0
kisi judge ki beti ya poti ke saath hua hota tab pata chalta ki iss society mein rape ki saza sirf maut ho sakti haitabhi rukenge rape,1,134,[],0,0,0
aap log indians terrorists ko paida karna chorh do terrorism khud khatham hojayega,0,82,[],0,0,0
bijnor me rape insaniyat sharamsar lkin wajahid k nazdeek rape jurm ni,1,70,[],0,0,0
bijnor me rape insaniyat sharamsar lkin naqwi be zameer,1,55,[],0,0,0
aise hi rape hote rahenge jabtak rape ko rarest of the rare case maan kar rapist ko death sentence nahi diya jayega period,0,122,[],0,0,0
tajmahal aap k samajh se bahar ki cheez hai rape karna aap ka pesha hai aap mohabbat ko nahi samjhenge,0,102,[],0,0,0
virender sehwag tumhara to rape hogaya final main,0,49,[],0,0,0
bijnor me rape aur wo bhi polce man kitni sharam ki baat he kaha gya aap ka power,1,81,[],0,0,0
saal ki bacchi ka rape hua gurgaon me or aaj bhi log mansikta ki bajay kapdo ko dos dete hai,1,92,[],0,0,0
thik usee tarah terrorism bhi muslim bina mumkin nahi,0,53,[],0,0,0
abe tere mami ko suar ne rape kiya tha kya jo tu peda hua or bol raha hai,0,73,[],0,0,0
bharat jaise bimar democracy me ka koi kuch bigaḍ payega ka e agar pak me hoti to abtuk eska rape ho chuka hota,1,111,[],0,0,0
tujhe to log hate karte hai tu kab le raha hai,0,46,[],0,0,0
rape band karna he to islami qanun ko apnavo,0,44,[],0,0,0
indiame bhi vohi saja honi chahiye rape ki jo saudia me he,0,58,[],0,0,0
tumhare statements se toh tum khud ek rape karne wale lag rhe ho report kari tumhare us tweet ko,0,96,[],0,0,0
ka ho ac me sutal hai rape crime badha haiaise to v gya aapko is per jan andolan krna chahiyerode pe aaeye jnab,0,111,[],0,0,0
wo bhi apni ammi se pooch k aao ki baar rape hone k baad phhna bnd kr diya kya,0,78,[],0,0,0
aur phr bhe tera sasta nasha na utra ho to zara kashmire ke traf dekhe terrorism kon pehla rahe hain,0,100,[],0,0,0
doosri baat ye k kon terrorism mn hey kon nai heydunya jaanti hey pakistan tuo khud iss ka shikaar hey jnab,1,107,[],0,0,0
aur hum par terrorism ka label lagane wale duniya ache tarah jante hai aur tu bhe india is the main base of terrorism,1,117,[],0,0,0
chal pata nhe kitni khae he ek mari to bacho tarh khush rape krdala poora match me over me dher,0,95,[],0,0,0
aap to jaahil ho jaahilon jeaa attitude kabhi apka fan hua karte the par ab pata chala ap dil ke buht kaale ho hate u,1,117,[],0,0,0
q tumhare rape honay k baad ab pehenti he nahe kiya adat se hogae hoge nahe,0,75,[],0,0,0
bro ushaanza kum hate dogo,0,26,[],0,0,0
virat bhai agar haar na hi tha to south africa se haar jate pakistan team se harne ki kya jarurat thi i hate your captaincy,1,123,[],0,0,0
na minorities pe drama banta hai na hate aur bigotry pe drama ban raha hai na politics pe drama ban raha hai aur na kisi aur cheez pe,0,133,[],0,0,0
yad rakhana india ki haar ke baad jo indian log phatake fod rhe hai wohi log kal chalake bom phodege,1,100,[],0,0,0
paida hoga aur rape karega tab hum maar dalenge usko ab kya,0,59,[],0,0,0
aur raha sawal terrorism ka to tum logon se ziyada to koi hai he nahi atankwad jo apne he kisano ka khoon baha rahe hain,1,120,[],0,0,0
i hate dudh ch malai,1,20,[],0,0,0
sir yesa rule nhi ban sakta city ke har shop aur makan me cc camera lagna aniwar ho yesa agar ho jaye to rape jaise ghatna kuch had tak ru,0,138,[],0,0,0
future ke terrorist hai ye log essi masjid me bhi terrorism ka hi path padaya jata hai,1,86,[],0,0,0
rape ke liye kanun be badalav lane ki jarurat kyu nahi pictwittercomgkmyeyk,0,75,[],0,0,0
is horn ki awaz se to hate gi indians ki bro,0,44,[],0,0,0
tere yaha to rape normal hai isliye report nahi karte jitne pak ne run banaye usse jyada log roj marte hai bomb blast me uspe ro sale,0,133,[],0,0,0
thakuron ki naak kata di bhai tune i hate you you are so selfish apne naam ke age se singh lagana chor de bhai tu thakur nai hai gola hai,1,137,[],0,0,0
bhai ek kaam kar book hi publish karde reasons to hate kohli,0,60,[],0,0,0
bhai hate failane ke alawa kabhi aur kuch kar liya karo,0,55,[],0,0,0
aaj bhi halat jaise ke tese sho ke phone aaye sp traffic ko bhi bataya lekin nahi hate wahan ab to car bhi khade ho gayi,0,120,[],0,0,0
gang rape or rape karne walo k liye ek hi sazaa unka ling kaat dia jaay tabhi yeh sab mamle band honge,0,102,['kaat'],1,3,0
aur ek rape in yogi rajkya saheb,1,32,[],0,0,0
jab tk rape ke liye faansi ka kanoon nhi banta tab tk ye rape aise hi hote rahngekyunki inko naa to kanoon ka bhay hai aur na hi police ka,0,138,[],0,0,0
aapiye sabse jada hate failte hai sabse pahle inko saaf karo,0,60,[],0,0,0
kon sa pyaar ap dekhana chahte ho hamen ko shaheed kar k rape kar k kashmir ko graveyard mai tabdeel kar k an kon sai pyaar baki hai,0,132,[],0,0,0
bhai gd mrng jo v ho gaya use sab vul kr anewali west indies series ke liye dhyan do haters kaa to kaam hai hate krna,0,117,[],0,0,0
kam sey kam budapa mein to sudhar jao yahan koi rape nahi ho raha tum muhajir baloch aur pashtun ki chinta karo,1,111,[],0,0,0
sir aaye din hamare desh mai jo gang rape hota hai ladkiyo ke sath usko insaaf dilane ke liye aap kaunsa law banayenge,0,118,[],0,0,0
ok par dhyn na hate padhai se doctor banna hai majak nai hai samjhi,0,67,[],0,0,0
yes pakistan got sweets khairat mein to mili hai rape to hota hi nahi pakistan mein bomb blast terrorists bhi paida nahi hote hai na,1,132,[],0,0,0
lakhoon k hisab say rape hote hain india main apni ma say pochna tu bhi kisi rapist ki aulaad tou nahi,1,102,[],0,0,0
madarson me jaane walon se aur kaisi bhasha ki ummeed kar sakte hain badtameezi aur terrorism hi to seekha hain inn logon ne,1,124,[],0,0,0
tera baap to to teri ma ko mullon ke hatho rape hote chod gaya thatu to illegitimate hai,0,88,['chod'],1,7,1
sab se bada criminal indians hai apne bahnu ko b nai bakshte ho khali rape karte ho jab b mei zee news ya aj tak pe aata hu khali rapes,1,135,[],0,0,0
rape ke against kanoon me badlaw ke liye aur kitni bahu betiyon ki bali chadhwaoge do something plzzz,0,101,[],0,0,0
lol aaja bhai le le tu kashmir inko toh hum fashi dekar marenge we dont hate pakistan n pakistani but this is intolerable,0,121,[],0,0,0
bihar ki real sthiti dekhe rajya ke pal aise the jo bihar me lit pat dahej dalit rape crime daily ho rahe ab desh me karne,0,122,[],0,0,0
pearl palace jesi jaga ho jahan us city koi hate kesay ker sakta,0,64,[],0,0,0
chori ek paise bhi hoti hai aur lakhon ki bhi chori chori hai terrorism is terrorism ek maaro ya hazaaron dont try to defend yourself,1,133,[],0,0,0
ab jo bhi ho tera to rape hogai re baba,0,39,[],0,0,0
sir terrorism band kar do kya matlab hum to kab say kar rahay hain is kay khilaf kar rahay hain hamari army kar rahi ha par ap bi kuch karo,0,139,[],0,0,0
tumhari aukat kya hai midi se chudna apnay bachon ko unse jalwana or rape karwaana lol nahi tum lul ho rip,1,106,[],0,0,0
indian apni behan k sath rape karte huey,1,40,[],0,0,0
chutiye pakistani logo tumara ghar me toh ma bhen k b sathe rape karte hai,1,74,[],0,0,0
are wo teri baaji hongi jo tujse rape karwati hongi isme kya hai,0,64,[],0,0,0
abe bharath baap hai thera pakistan ka terrorism ka bheed hai thumara saara desh,1,80,[],0,0,0
yakeen maan bachay tujhay kuch nahi pata asay hii boli jaa raha ha ghr ja sakoon say soo ja you know nothing about pakistan and terrorism,0,137,[],0,0,0
ap bhi kashmiris pe pallet guns ki terrorism use krna chor den balke behter hoga kashmiris ko bhi chor den,0,106,[],0,0,0
tum kashmir aur balochistan mein terrorism band kro piece khudi aa jaye ga,0,74,[],0,0,0
hahaa bhai ap jakey apney maaata gaein ka peshab peeyo bathroom nhe apni maaa behn ka rape krne band kroarmy ko roti nhe detay,0,126,[],0,0,0
izzat se yaad ap ke ghar ki maa behn ki izzat bachi hoi hay yah wo kia hay na aj kal endia main rape kuch ziada hi ho rahy hain,0,127,[],0,0,0
sahi bat hai didi ji ye harami shale asukat bhul hate hai aapni,1,63,[],0,0,0
woh to filmo wala tere bhai to actual mein rape kar rahe hain pahley apney andar jhank kar daikh phir doosron ko bol,1,116,[],0,0,0
inko bolna nahi ata isi liye jb lrki mujhe choro keh rahy hoti ha to wo mujhe chodo boldeti ha aur saley chodo sun k rape krdete hain randi,1,139,['randi'],1,8,1
i jz hate ths looser reason being jo sala apne baap ke diye naam ki ijjat na kar saka usse or expct b kya kiya ja sakta hai,1,123,[],0,0,0
ye terrorism islam ka hissa nhi ha,0,34,[],0,0,0
hum khud terrorism ka shikar the,0,32,[],0,0,0
abey tumhare tattu kalbushan jese haramkhoor or phattu yaha aa kar terrorism karte hain,1,87,[],0,0,0
indians mauka mauka rape and aur ghatiya ads bnayein baap baap krte rahain theek hai hum kuch bol dein toh yahan sab ko aag lg jati hain,1,136,[],0,0,0
teri maa ka rape ho gaya aisa mat bol be khud hi aa gayi wo apni gaand chudwaane uski garmi dekh ke tu thanda ho jaega,0,118,['gaand'],1,9,1
kabhi rape case kia hai,0,23,[],0,0,0
tum kaha se aaye ho sabko pata hai muslim invaders rape kiya tha tumhari dadeeo ko,0,82,[],0,0,0
bht bap bap kra tha na kya hua tv kahan tuthay lol lundistan mai tuthay kisi rape ki paidawar isliyai kehtay kam bola karo,1,122,[],0,0,0
abey fake arab apni behen ka rape karke thak gaya tum arab nahi ban sakte tera dna hindu tha aur hindu rahega blood test karwa,1,126,[],0,0,0
agar tum dur se hi bologe tb tk to thik nai to hate ke chakkr me nibta bhi degi tumkobandi kadak hai,0,100,[],0,0,0
pura mood kharab kar kiya hellll pehle se hi mood kharab tha abh phir i hate twitter,1,84,[],0,0,0
salay hamari jeet ko bhe terrorism kehta hai,0,44,[],0,0,0
na yr lucknow kyu nei jayenge har jagah hate hai sr,0,51,[],0,0,0
chutiye sunn teri tarha hum sarak par susu nahi kartey aur larkiyon ko ozzat dete hai we dont rape them,0,103,[],0,0,0
nidhi aaj se tu meri dushman hate u,1,35,[],0,0,0
abhi na rookatoh najane sir kitni ladkiyan ki zindagi barbad ho jayegi stop rape,0,80,[],0,0,0
dushman ka dushman dost hota hai na we both hate our phuphoz,0,60,[],0,0,0
ek nahi cup chai bhar ke lelo bus yeh terrorism band kar ko cup se kuch nahi hota kashmir toh ab bhi humara hai,0,111,[],0,0,0
ohh aise log bhi haen tum aise lagte nehi ho ke tumhe koi hate kare,0,67,[],0,0,0
sir hum piche isiliye hai ki desh ka kanoon sahi nahi hai har m me ek rape hota hai bharat me daily koi javan saheed hota h border par sir,1,138,[],0,0,0
to chal bol mohmad ne saal ki bachi ka rape kya,0,47,[],0,0,0
bhosri k kutay ab ek bap ki ulad hai man ja teri maa chud gai salo kya bonkra tha rape ki paidawar salay bathroom banwao,1,120,[],0,0,0
gaii hamari maata hai agay rape k baad kuch nhi ata h rip indian darinday,1,73,[],0,0,0
tujhpe gussa isliye nhi nikal rhe ki haar gye isliye ki tm maderchd terrorist ki aulad ho aur tm bhi terrorist i hate pakistani kutte,1,133,['kutte'],1,2,0
aj bharat me karodo log chori rape etc karne ko majboor hai yeh sab ke jimmedar ap hai modi g kyuki agar in sab yuvao ko rojgar mile,0,132,[],0,0,0
nahi bhai wo nahi haii hate mallu one,1,37,[],0,0,0
nahi bilkulbhi nahihate every drop of rain,1,42,[],0,0,0
es desh k politician hi ekta se kaam nahi karte hai sir yaha apne hi apno ka rape karte rahte hai apne hi kishano ki hatya pictwittercomoucljayk,0,144,[],0,0,0
drd thode hi h ab baar rape hua icc tournaments m uska,0,54,[],0,0,0
ab bol match haarna rape hota h,0,31,[],0,0,0
india is nd in the world for terrorism so aap ke munh se yeh baat juchti nahisirf gaye ka goubar hi juchtaa hey tumhary munh me,1,127,[],0,0,0
sahi kaha apne sir magar kya kare ye india hai yaha logo ko career banana hai jab india k andar rape murder hote hai tab bhi awaj nahi ati h,0,140,[],0,0,0
saharan pur ke dalito ki hatya aur rape pe chuppi keyo thi,0,58,[],0,0,0
ruk ja abhi behen wapis aa jaye gi teri rape karwa rahi hogi kahi pe,1,68,[],0,0,0
haat may tiranga leke hate mongering horahi hai hahahabengal ke dushre parts may pakistani flag leke naarebaaji horaha haio kya hai,0,131,[],0,0,0
cricket k liye bs desh se awaj nikalti hai har m me ek rape hota hai india me koi awaj nahi aati kyo kyoki career banana hai mahan h india,1,138,[],0,0,0
usi ka pichwada dekh ke apni behno ka rape karte ho tum log,1,59,[],0,0,0
ramdan ke mahenna may randiyein kapre phen ke a jati ha i hate all live show majan bhejte ha or yi sanam shaista noor sab bekao mal ha,1,134,[],0,0,0
abe hindustani hai hum chahe kuch kre yaa kahe tum jese pakistani soch waalo se to terrorism control nhi hota h apni me rah,1,123,[],0,0,0
acha hate speech basi,0,21,[],0,0,0
aur kashmir main apni tum terrorism band karo phir hum se demand karo ok,0,72,[],0,0,0
janab shadiya karna rape bhi,0,28,[],0,0,0
india jo kashmir main kar raha he wo nai nazar ata apko bachon old man and women ko shadeed terrorism ka nishna banata he bullets gun bhool,1,139,[],0,0,0
jis din tere jaise log kashmir chod denge yeh terrorism khatam hojayega joh apne he logo ko bhadka dete hai,1,107,['chod'],1,7,1
hahah bhenchood aadha pakistan terrorism ki wajah se toh bhukha mar rha hai aur tu isko job dega jaake kahi aur tu timepass kr chupe,0,132,[],0,0,0
aapne crore indian ko dhokha diyaagar thodi sharm h,1,51,[],0,0,0
president post ke liye bhi raajneeti karte hoi hate this partydalit ko vote maangna election ke time,1,100,[],0,0,0
jab tum paida howe thy os waqt bhi india me rape hote thy or tum osi ka result ho,0,81,[],0,0,0
phir rishi kapoor sab se pehly aap kashmir se apni army nikalo na yaar aap khula terrorism karo or sirf blame karo pakistan par,0,127,[],0,0,0
sir thoda time nikal rti act ka rape ndmc kaise kar rahi hai khud dekh lijiyeek seat par aap bhi virajmaan haipti pictwittercomswcpbbe,0,134,[],0,0,0
icc ranking aaj no hui hai pak kiek match jeet liya lagta kya jeet liyaterrorismkashmirsrinagartoilet etcsab kuch add kar dala lolo,0,131,[],0,0,0
i dont hate indiameri koi zaati dushmani thorri hi h aap seor rahi khail ki baattou haar jeat tou khail mn hi hoti h,0,116,[],0,0,0
ye sabse bas pyar karte h hate nahi pictwittercomtrarikqfa,0,58,[],0,0,0
hahaha nahi mere kis kam ki yahn sekh b jaon to bhol jati i hate pashto,1,71,[],0,0,0
ar haa bhul gaya may tujhay kaha ye samj ayega tujhay bs rape karna ayega,0,73,[],0,0,0
rahi baat terrorism ki to kisi k dil ko dikhanay walay zuban se kahay huay alfaaz bhi terrorism hi hotay hain,0,109,[],0,0,0
ye bharwa sir kaha se hai kashmir me innocent ko martay hain or terrorism b muslim,1,82,[],0,0,0
cpec banane ke liye pakistanworld terrorism corridor pehle band karo gadhe kashmir ka sapna dekh rahe hai,1,105,[],0,0,0
apne jasoos pakistan bhej kr terrorism ka ilzam ham pr lagata hasharam kr,1,73,[],0,0,0
kavi raj jis din aapki beti ko koi aapke samne rape karega uss din samjh nhi aayega ki deshbhakti kya hoti hai,1,110,[],0,0,0
bharway kalboshan mo tum bhejo kashmir me tum logo ko maro or terrorism ko him band krebharwa gir chal nikal,1,108,[],0,0,0
is pic mai jiska rape ho raha hai wo teri maa hai kya be madarchod,0,66,['madarchod'],1,10,1
maan lete hain aur hate krna start kr dete hain,0,47,[],0,0,0
abi rape ka details dene jaunga to tm no kahoge ki majhab bich me la rha hai ji haa mostly rape me tmhre bhai hi accused hote hai,0,129,[],0,0,0
lol ab ayaan bura ho gya jab maya ne fake rape case mein phasaya to bhi maya achchi thidouble standard,0,102,[],0,0,0
chacha ap start karte hai phele terrorism ki nath ham ne ki thi or jo kashmir me terrorism phla k rkhi hui ha wo bhi batao zara,0,127,[],0,0,0
kutte to tum hotum jaise log terrorism ke alawa kuch ni jante shame on pakistan,1,79,['kutte'],1,2,0
gandagi ke dher se tum jess pillay pida hote hen rape ki paidwar ho tum log,1,75,[],0,0,0
pehli tumhare army tumhe protect karle from terrorism wohi enough hoga kashmir to door k baat hai,1,97,[],0,0,0
sharm nahi aati soch ker ki ek din tumhare bacchon ka bhi syrians jaisa haal hoga wo bhi tumhari ignorance ki wajah se,1,118,[],0,0,0
uncle ji pichly saal se kia kashmir mein aap ko india ka terrorism nazar nhi aata aapni sooch positive rkho bas sab theek ho jay ga,0,131,[],0,0,0
umrah ke baad bhi terrorism se kinara na kiya to faida kya hua,0,62,[],0,0,0
jin par bharat karodon kharch karta hai ve pak se har kar ate hain jin par hajaron kharch hate hain vo pak ko mar ke ate hain,1,125,[],0,0,0
gud job lage raho modi yogi ke piche salary badhti jaayegi aapke bhai ko to nitish ji ne rape karne ke baad bhi bacha hi liya,0,125,[],0,0,0
tum beshak jeeto but ghareeb aurton ka rape band kar du yar sara asia badnam hu raha hay,0,88,[],0,0,0
tu log ye q bhul hate ji ki tum india se nikle ho,0,49,[],0,0,0
paki log zyada hate kartay hain,0,31,[],0,0,0
parshuram killed kshtriyas than whykshtriyas dont hate him or oppose him,0,72,[],0,0,0
but i hate your fatichar krishna tohmain sikhunga nahin usko dekhnawoh ek hi ched ki badiya ho rahi,1,99,['ched'],1,8,1
per ajmer ke nal goodam ke addhakri un booster pump ko nahi hate rahe hy or na he un per koi karwahay ker rahe hy ajmer lakhen khotri,1,133,[],0,0,0
bhai sab pakistan has nothing to do with terrorism ap ka raw ka banda hamary mulk main dehshat gardi karty huey pakra gaya,0,122,['banda'],1,7,1
barra incident mein ek bacchi ka rape hua icu mein aur aapke pyaare thulle hospital management aur rapist ko bacha rahe the,1,123,[],0,0,0
i hate ppl who tweet like thtzindagi jhand hai aur inhe chudaayi ki padi hai,1,76,[],0,0,0
we arent aap khud cricket aur terrorism ko leke agaye abhi tu sirf main ne jawab dia agar saray pakis ajaye gay to aap gaye lol,0,127,[],0,0,0
ap bhi terrorism bnd kry kashmir mai gurat mai balochistan mai azadi ki tehrikh india mai start hai,0,99,[],0,0,0
kaminon terrorism toh tum loggon ne machai hui hai aaj pata chal gaya tum logon ko kai baap baap hota hai,0,105,[],0,0,0
i hate laauu stories,0,20,[],0,0,0
kashmir mei terrorism chor dein balouchistan chor de aurto ka rape band karei aur toilets lagwa le,0,98,[],0,0,0
kya hua hai desh ko langda tha langda hai koi imandari se desh chla lo modi ji bhuut kar li metngs ab to kuch kro roj rape ho rhe h kuch kro,1,140,[],0,0,0
choozey bhi pak pak pak pak karte hain naa aaj rape ke baad choozey maarne toh nai shuru kardiye,0,96,[],0,0,0
beta teri chud gai na ab kutay ki trah maat roh kisi rape ki paidawar sala randi ka bacha ab tv tauray ho salay,0,111,['randi'],1,8,1
ka baap hai tou ki baat q ni karta,0,34,[],0,0,0
aur ap logo k yahan roz hota hoga baap beti ka rape keray,0,57,[],0,0,0
isko jitna hate karti hoon shayad he kisi aur ko karu cipku kisi ka bhi fan ban jata hai dekh ke,1,96,[],0,0,0
mahi tu kutte ka baccha nikla kya yarrmaa kasamjust hate ubhen ke laude teri maa ki bhosdike,1,92,"['kutte', 'laude']",1,9,1
trophy nhi apne desh ke terrorism ko roko,0,41,[],0,0,0
waise jeet gaye apne kaha tha jeetne denge to terrorism band kar denge,0,70,[],0,0,0
aur jaha tak terrorism ki bat ha wo tum logon ne e shuru kia hua ha hamare mulk ma bhi,0,86,[],0,0,0
tere har pr nhi bharat ko bechne pr i hate yeh umeed nhi thi bhai tujhse,1,72,[],0,0,0
sir we all know kuch nahi hi ho sakta jab tak world ke against khada nahi hota har koi apne hisab se iski definition deta hai,0,125,[],0,0,0
bhai haar gaye toh haar gaye ky h usme ab jadeja ne haraya ya amir ne rape kiya ek hi baat h,0,92,[],0,0,0
bc aaj to dil kar raha hai khud ka rape karwa lu haar se mood khrab ho gya,0,74,['bc'],1,10,1
tumhare yaha to bahno se saadi hi kar lete ho fir rape ko saadi ka naam de dete ho,0,82,[],0,0,0
arey yr ye log apne abba huzoor k saath b aise he karte hongeinhey respect karna kisi ne sikhaya he ni sirf terrorism karna sikhaya h,0,133,[],0,0,0
galti sab se hoti hai par cr logo ko fark nhi padta hai par tumne jo aaj kiya i hate u man,1,90,[],0,0,0
abey chutiye ye kashmir hai we hate india neither r we a part of itindia has js occupied itjaa k haar ka sog manaogai ka mutr piyo,0,130,[],0,0,0
abb terrorism dhk rha ha dhamki khud hi khud ko data ha or naam hamara bad naam,0,79,[],0,0,0
wah bhai wah ap kashmiri bahiyon pe jo najaiz zulm kar rahy ho wo thek hai aur ham us ki azadi ki bat karen to terrorism wah wah,0,128,[],0,0,0
tv sahi hn lekin larikyan sahi nai har roz kisi na kisi ka rape ho jata hy,1,74,[],0,0,0
kohli ne paisa khaya hai i prop aur mere is tweet pr koi new wala nhi dekhega kyo ki sabko apna apna paisa mil gaya hai i hate kohli,1,132,[],0,0,0
tum bhi rape karna bhanf kardo,0,30,[],0,0,0
tum bhi rape karna bhand kardo,0,30,[],0,0,0
jo log orat ka rape kartey hai unko mot ki saja deni chaheye to be hang kill death,0,82,[],0,0,0
bhai tu masi rape case se reha hogaya sach sach bata lagta tu nahi tu aesa kar skayga,1,85,[],0,0,0
waqayi ap logon k liye ghussa nikalne k or tariqay bhi hain jese kashmiriyo ko maarna or masoom larkio ka rape karna,1,116,['ghussa'],1,6,1
paray likhay hoaaj take samaj na payaa kon terrorism ko peda kr raha havo tu katputli ha jo hadee de ga osse ka kutta,0,117,['kutta'],1,2,0
rishi sir abhiii app ko pata chal gaya hoga kay real terrorism kya haiiiii india walo ko kutto ke tarrah marra,0,110,[],0,0,0
tou aap logon ney aaj keh rape keh baad ganduistan kuin naee rakh liyaa wouu bhi tou marwaane mein aap log maahir hain,0,118,[],0,0,0
tu kitna gawar hai bc illiterate bhi bola aur gawar bhi badve nikal ab srk chutiya hai aur tu bhi ab bol i dont hate srk i was kidding,0,134,"['bc', 'chutiya']",1,15,1
aur tum log rape karna bandh karo joh bee cheez dekto ho usi pe lagh jate ho,0,76,[],0,0,0
duniya janti hai k kon kis tarha hai aur rape kahan pe hotay hen,0,64,[],0,0,0
yes aj pakistan ki bowling bhi terrorism hi lag rhi hogi na tumhaain dhakan kahangya kohli dhoni rohit,0,102,[],0,0,0
ha baap baap hota hai woh india hai aur tum nazayaz aulad jo ban chuke ho khoon mein hai tumhare,0,96,[],0,0,0
pehle apna illeteracy ratepovertyterrorism ke baare mei baat karoindians har chizei aage h pak seek match kya jeet liya uchalne lag gaye,0,136,[],0,0,0
klkah launch karne k bad mujhe star plus se jitna pyar huya tha usse kayi jyada abhi nafrat horahi hai iss channel se seriouslyhate u,1,133,[],0,0,0
bap bap hota hai ab apni gaao mata k peshab me doob k mar ka india ka,0,69,['doob'],1,1,0
tum rape kerwane ko bheek bolte ho hindi me,1,43,[],0,0,0
tum haaray hum jheete is he terhan kashmir bhi har jao terrorism khud ba khud khatam hojaiga kyun k zulm sy terrorism barhta hy,0,127,[],0,0,0
match jeeta hai khatam nahi hua abhi se,0,39,[],0,0,0
rape se yad aaya sister aa gai ghar wapis,0,41,[],0,0,0
jadeja hate youkud ko senior player manta hai fir batting mai jalwa dikhana chahiya thaachhe player out karvdo fir tum bhi out ho jao,1,133,[],0,0,0
was i the only hate not liking selfie jab wo camera ke agay zabardasti aa raha tha trophy ke sath baqiyo ko anay de bhai kuch sharam kar,1,136,[],0,0,0
kis shastra me likha hai ki shudro ka rape karna chahiyebatana chutiye,1,70,[],0,0,0
aaj saarukh ka manhoos chehra tv par dikha tabi india haar gayee i hate saarukh,1,79,[],0,0,0
dekha mere bhai ne rape phir,0,28,[],0,0,0
lol kashmir me to ap log holi kheel rahy han na wo bhi check kr lain k terrorism kon kr raha hai,0,96,[],0,0,0
apny modi the bucher of gujrat ko bhe suggest karain k kashmir mai bhe terrorism khatam kary,0,92,[],0,0,0
keval rape seen dikha k trp lutte hai ye petrol wale,1,52,[],0,0,0
tera gyan bas yehi tak tha dimwit waise laal salaam walo ke liye to danga aur rape bahut common baat hai,0,104,[],0,0,0
han btaya hai yahan rape nahi hotay aae din k kis ne choda or kahan bhag gya chod k kchh ata pata nahi,1,102,['chod'],1,7,1
pehle apni auraton ko rape se bachao,0,36,[],0,0,0
ap kalbhushan yadev jaisun ka na bhaijain terrorism khud ba khud khatm o jaey ga,0,80,[],0,0,0
ye aapiye modi ji ke liye hafiz saeed ka bhi tweet rt kar denge yaarbahot hate hai inke man me modi ji ke liyelagey raho terms dila doge,0,136,[],0,0,0
jo kuch ap kashmir me kar ray ho wo terrorism nahi aur kia hy,0,61,[],0,0,0
abhey ghandu tumarahy waha bhen koh pojtay hai k chudtay hai duniya mai sab say ziada toh rape waha hotay hai loro,0,114,[],0,0,0
kahi inka bhi rape na hojaye,0,28,[],0,0,0
rape par ek sakht kanoon kab banega,0,35,[],0,0,0
apnay pita jee kulbhushan ko yaad rakhain jis nay yahan hazaron pakistanion ko mara to terrorism ap kerwaty hain yahan ankhain kholo apni,0,137,[],0,0,0
tum jo apni maa behn ko gashtiyon ki tarhan chod dete ho sb se zyada rape aap k cases aap k mulk mein hein meri jaan,0,116,['chod'],1,7,1
fitaay muu ab loc pe bhi apni terrorism khatam karo you indians nahi issi tarhaan pitoo gay hum se,0,98,[],0,0,0
beta laundon ka bhi rape karta hoon beware,0,42,[],0,0,0
sirf paiso or randiyon pr marne vale kabhi desh k bare me nhi sochtei hate viratkohlidesh bhakt ho to gautam gambhir jaise,1,122,[],0,0,0
rishi sab terrorism hum nhi aap log ho shak hai to kashmir ko hi dekh lo kon phela raha hai terrorism,0,101,[],0,0,0
or ek baat i hate womens life hame aurat bannkar dubara janm nahi lena,1,70,[],0,0,0
ye nahi ho payega iske liye terrorism khatam karo,0,49,[],0,0,0
rishi kapoor sahab agar ap hamare mulk ko terrorist kehte ho tou hamare mulk may terrorism indua hi karwata hai,0,111,[],0,0,0
history main likha jayega logon ne crore ka rape kiyavo b aik sath,1,66,[],0,0,0
tum log terrorism band kardo balochistan mai aur pakistan kai doosray provinces mai,0,83,[],0,0,0
some times we lose some times we winbut jadeja ka sar phodo century to ho jati pandiya ki hate janta maaf nhi karegi,1,116,[],0,0,0
agar terrorism daikhna chaho to maqbuza kashmir man daikh lo aur agar thorhi se bhi sharam baaki ho to apni us shakal per dhob maro,0,131,[],0,0,0
koch din phalay tu nay bakwas ke thi na terrorism pa bc apny agent bajty ho ma wo pakray jaty hain phr manty nai ho rondu,0,121,['bc'],1,10,1
bhai rape chal rha hai kya dikha diya ye bachon ko,1,50,[],0,0,0
bhai ye bateyn kar sakte hai basbheekh par palne ki adat hai iinheterrorism par bada guman hai inhebcpeshwar bhool gyesorry to say,1,130,[],0,0,0
rape tumhare yaha hota bosdiwalo apni behan se sadi kar lete suar jise bache paida karte,0,88,['sadi'],1,5,1
tumhare kul bhushan ne jo kia wo terrorism nahi tha kya usko phansi se bachao agr g m dum h tu,0,94,['dum'],1,2,0
rishi ji baap wali baat ka jawab to mil gaya hoga rahi baat terrorism ki wo dunya ko pata hay kon zimedar hay,0,109,[],0,0,0
sanjiv bhatt hate me kitna niche giroge shobha nahi deta,0,56,[],0,0,0
kuttay ke bachay terrorism tum log karwatay ho afganistan ke sath mil kar kuttay ke load ho tum log harami,1,106,[],0,0,0
se to tera rape hote hue aa raha he thore saran to kar aaj fathers day hebaap se jaban ladata he,0,96,[],0,0,0
aj ki taza khabar bharat maata ko logo ne gang rape kr diya,0,59,[],0,0,0
balochiyo ki bari tension hai phly rape cases tu hatm karoaye bary,0,66,[],0,0,0
ek baar jeete horecord dekho ind ka and pak kaacha hai abhi kuch din suicide bombing and terrorism nhi hoga,0,107,[],0,0,0
acha yar ap jeet jao or toilets bana loacha yaar rape karna band karo,0,69,[],0,0,0
baaki sab chizo me hum tumhare baap ke samaan hai rape rate ke alawa usme tum baap hi ho india ke,0,97,[],0,0,0
betay abb pata chala baap kaun hay kashmir may terrorism bund hona chaiey warna jald hee ye hee haal karien gay tumhari fauj ka,1,127,[],0,0,0
main terrorism k thekedaron ny pakistan ki jeet ki khabar chalany ki bijaye k hath main hi trophy dikhi di twittercomnispwt,0,123,[],0,0,0
i hate,1,6,[],0,0,0
gift me rape nai karwana chaye that at least wese b heejra baap nai hota,1,72,[],0,0,0
aur rahi terrorism ki ye tum khud jante hoo kon kahaan karta hai,0,64,[],0,0,0
baap nay bharat mata ka rape kar diya,1,37,[],0,0,0
yaar dekho bhai ham to koi terrorism promote nahi kerte teri family ki auraten kapre hi itne ache utaarti hain khud per control nahi hota,0,137,[],0,0,0
baniye ka rape aur amir bhai ki daring,0,38,[],0,0,0
aaj papa ne bete ke liye kurbani de di jao khush rahe betabas ab terrorism phailana band kardo,1,94,[],0,0,0
apne bhagwan k naam pe mass murder rape krne ka nyaya ramrajya me lena,1,70,[],0,0,0
baniye ka rape aur fakhar bhai ki daring,0,40,[],0,0,0
yaha pr aik sports terrorism bhee hota hai mubarak ho aaj dhaishat gurd dhaishat grdi krnay se pehlay hee pakray gayetwittercomhfvxcbcsc,0,136,[],0,0,0
bhai bas paise terrorism pe mat kharch karna,0,44,[],0,0,0
haha bs ab koi faida nai bolne ka jiska itna ganda rape hua hai begairat tho tum log shru se hoo hazar lanat tumpr haar gye laanthi,0,131,[],0,0,0
abay toilet main rape ki pedawar bakwaas na kar,1,47,[],0,0,0
warrior bhai masss too much lovers haters yaha to hate karne wala bhi koi nahi hai,0,82,[],0,0,0
yeh kisi ki fan bnne k layak hi nahi hain ek number ki vahiyat insaan hai i hate her,1,84,[],0,0,0
sir rishi aab baap kon hai pata chal gaya chalo choro aap log har gai aab tu terrorism band kar do,0,98,[],0,0,0
fathers day per apne baap pakistan ko or is rape ko kabhi mat bholna,0,68,[],0,0,0
shat up rishooooo gabar terrorism tm logon ne shuru kiya hai hum pakistani bandh kar rhe hai idoits looser rascals,1,114,[],0,0,0
rishi bhaii aap ki cartoon jesi shakal hai tou kuch bhi bologe aap loug rape rates kam karwao india ke pehle maindak jesi shakal wale,0,133,[],0,0,0
k budhe baata nakko kr tum log jeeto hazar baar jeeto it seems they won and terrorism bhi kahi dikhayi nai dera theyre all one,0,126,[],0,0,0
tissue du tujy ya pamperrape report to krwany ni jaa rha khibecharo ka rape ho gya ajj too,1,90,[],0,0,0
i hate tem india,1,16,[],0,0,0
sir irony toh ye hai ki puri zindagi aap logo ne kaha ki aap terrorism ke shikaar hai but aap log khud he terrorism phaila rhe hai,0,130,[],0,0,0
ye midia bale yogi or modi ke gungate rhate hate hai up mai dalito par ho rha ateyachar nahi dhikhata kya,1,105,[],0,0,0
kuch bhi ho jaaye terrorism khatam nahihogaeska reason pak nahi indian muslim ki soch h,1,87,[],0,0,0
hum ne ko nai ko haraya haialhumdolillah,0,40,[],0,0,0
pakistan kissing the pitch agar itna pyaar desh ko kiya hota to terrorism nahi hota tumhaare desh ne,0,100,[],0,0,0
wish pakistan terrorism ko bhi aise hi haraa de,1,47,[],0,0,0
khane k liye pase nahy kahi tere sath koi rape to nahy nahy tera kahi tatty karne gya ho or larko ne paker kar kam kar diya ho tera,0,131,[],0,0,0
kuchhhh bhi bolti hai i hate u,1,30,[],0,0,0
haro to haro pan izzat mat utaro aaj aap logo ne hamara man samman sab utar liya i hate u virat thoda lagta hai hamari tarah to,1,127,[],0,0,0
chalo kabhi toh kuch achieve kara pakistan ne apni zindagi mai nahi toh sirf kalesh aur terrorism hi karte hai aur jhelte hai,0,125,[],0,0,0
sir je ab pakistan ka paani tou khol dayen aisi bhi kia terrorism kisi ka paani bandh karna achi baat nahin hoti,0,112,[],0,0,0
endia kaa rape kar diya sarfarz ney tooo kaha tha naa baap baap hota,0,68,[],0,0,0
abhi toh ye deal poori bhi nahi huyi pehle hi haar gaye yaarterrorism band kya karna hai cricketers ne hi bomb phodne start kar diye,0,132,[],0,0,0
raaj k baygherat hotay hein indian sar per jootay parnay k baad bhi entertainment dhond rahay hai rape k bachay,1,111,[],0,0,0
khud ko rape karwake,1,20,[],0,0,0
orr agarr dil sa khelain to best batting line up ka bh rape kar detay hain,0,74,[],0,0,0
zaida baap mat bana karo betay ho betay ban kar raho aur ab tum terrorism funding band karo,0,91,[],0,0,0
hum to jeet gaye rishi kapooraaaaay ab washroom mein ja k terrorism karein,0,74,[],0,0,0
we hate u for ever thu,1,22,[],0,0,0
besharam bharat maa ko baap boltay ho transgender ki aulaad aaj betay ne teri maa ka rape kar diya,0,98,[],0,0,0
match ho gaya now we must ensure ki terrorism bhi khatam ho jaaye,0,65,[],0,0,0
viru ji aapka to alag se rape ho gayaaur india ka alaag se,1,58,[],0,0,0
i hate you jadeja aapne hardik ko rin out kyu karwaya,1,53,[],0,0,0
bharat mata ka rape hogya,0,25,[],0,0,0
paaji apki team ka to rape hi ho gaya hain fikar nai karo green kapra upar dal k bhejen gay,0,91,[],0,0,0
jesai katil pm hutey hue terrorism ki baat kartey hu saley kapooreyyy,0,69,[],0,0,0
galiya khane wale kaam mat kiya karo hate media line bloody hell,1,64,[],0,0,0
apnay raw bap ko jab tak lagam nahi do gay tab taq pakistan ma terrorism bandh nahi ho saktachand kutay abi be lock up ma hain kalboshan,0,136,[],0,0,0
aj to mata g ka rape kr diya,0,28,[],0,0,0
isko kehte hain bund phar jawab beta baap ke saath panga nahi bc shaklen dekho inke chutiay ki rape zara aurat lag raha hai,0,123,['bc'],1,10,1
all pakistani are pig ye saale kabhi terrorism band nahi karenge,1,64,[],0,0,0
vai ye tune kya kiya bangladesh ke ke sath haar hate,1,52,[],0,0,0
aaj ravindra jadeja jo bhi hardhik pandya ko out kiya isi se lagtha hy ki jadeja losses his fans jadeja fans starting to hate him,1,129,[],0,0,0
jeet tou hum gye hai aur rahi baat terrorism ki wo ap ki motti sarkar kr rahi hai kashmir mai,0,93,[],0,0,0
oe genday kese seedha ho gya hai ab ab haar to gya hi hai ab shabash pakistan me terrorism phelaana band kro smjhe,0,114,[],0,0,0
chal chord yar bus stop women rape in india,0,43,[],0,0,0
aap ghar me pakistan se aye aur atankio ko panah doge to dhundna to padega na aap terrorism ka sath mat do picture change hoga,0,126,[],0,0,0
aaj india ka gang rape hogaya,0,29,[],0,0,0
tum ghar par raho khelnay layak nahi ho tumare baje aaj india her gaye i hate u,0,79,[],0,0,0
choro yaar bas aj kashmir main koi terrorism nahi karna yaar,0,60,[],0,0,0
i hate u na khud kuch karo na dusro ko karne do pictwittercomvojyoobrk,1,70,[],0,0,0
your country is famous for rape right aesa rape dekha hai aaj ke baad baap ko baap maniyegaa,0,92,[],0,0,0
saale haraamkhor kya ukkhaad liya bhai dhesh ka pata nahi i will hate u forever chutiya saala,1,93,"['chutiya', 'saala']",1,7,1
all hate you,1,12,[],0,0,0
pakistan aur iske muzafat main eid ka chaand nazar agaya hai rapist ka rape lmao,0,80,[],0,0,0
i hate gaddar indian behuda mullathese molwimuslimo ko gandi barbaad soch de rhe hye islam ke dusmnislam ko kbr me dalegeaamin,1,126,['gandi'],1,3,0
but i still hate him,1,20,[],0,0,0
jaow behen jaa k pehly rape ke khilaf awaaz uthaow apny mulk phir aaky tweet karna,1,82,[],0,0,0
kohli dhawan dhoni yuvrajuu rohit lite kani jadeja dorikithe brutal rape chyali,0,79,[],0,0,0
i hate u bastardpandya ko out krwa diya khud toh kuchh maarte nahi jo maar raha tha use bhi out karwa diya,1,106,[],0,0,0
pakistan is hub of terrorism,0,28,[],0,0,0
aur koi bolo mauka maukapandya atleast faught jadeja ko maut aa jayehate this game hate it,0,90,[],0,0,0
so as said match jeeto pas terrorism band kro to padosiyon kal se chain aur aman hoga,0,85,[],0,0,0
ohto halala krwane wlo ko bhi rape ki chinta hai,0,48,[],0,0,0
baap ke taraf se gift hai tumhare liye rakha lo aur wahan hockey me apko se rape kar diya,0,89,[],0,0,0
imaranjan are isi liye to bar bar bar hate ho india se,1,54,[],0,0,0
terrorism to aap b kar rahe hain pakistan meinaur apki govt is baat ko maanti bhi haihum to khud terrorism ka shikaar hain,0,122,[],0,0,0
achaa iss terrorism ki baat kar rahe thay jo oval mein ho raha hai acha theek hai paayn,0,87,[],0,0,0
ab bata kis ka rape ho raha hai,0,31,[],0,0,0
sharam ani chahie live rape ho raha ha tum sab dhek rahy hho,0,60,[],0,0,0
us ne chodo yaar kaha tha fakhar aamir ne rape kr diya,0,54,[],0,0,0
khel mein harjeet hai janab rape jaise ghinoni harqat nahi,0,58,[],0,0,0
curnel rank kaa aadmee kubhee terrorism kurwata duniyaa maay nhi pukraa guyaa,0,77,[],0,0,0
dekho to terrorism ki bat kon kr rha hai jo khud hmare mulk me terrorist bhejta hai,0,83,[],0,0,0
aap terrorism kee baat kurtaay hoo humnaay balochistan saay apka curnel pukraa hai joo balochistan maay terrorism kurtaa thaa,0,125,[],0,0,0
jeeto or hazaaron baar jeeto lekin plz kulbhushan jeson ko apne pass ho rakho ta k pakistan me terrorism nah ho,0,111,[],0,0,0
we will because we can and regarding terrorism golbohshan yadavh bhabi netu singh ko ghomany pakistan aaya tha kiya,0,115,[],0,0,0
aaj pehli baar logo ka aik saath rape hoa aur live bhi dekhya gya,0,65,[],0,0,0
abhi teri hockey team ki rape hui dekha ya nhi g ki speed se,0,60,[],0,0,0
yahi toh main problem hai toh bas i hate him,1,44,[],0,0,0
kaha mar gae uncle olad ne bap ka rape kar dala aur ap chup ho,1,62,['chup'],1,1,0
at baap se khelne ka shoq poora ho gaya,0,39,[],0,0,0
tumhe to cricket me jeetkar bhi terrorism par hi jaana hai,1,58,[],0,0,0
jab india haar se pagle ho kr jo andolun kry ga to pata chal jye ga kon log aman pasand hy aur kon terrorism krty hain,0,118,[],0,0,0
ki baari hai apne kaha ta ke pakistan apne mulk se terrorism khatam kare tu ab indian suported terrorism ko khatam kar rahe hai,0,127,[],0,0,0
bhai se tution le le she predicted this bola pak jeeta tho terrorism katam hoga lets see,0,88,[],0,0,0
stadium tak agaye hain to ab himmat kar k apna rape bhi dekh len,0,64,[],0,0,0
aisa hai to june ko rape ho chuka tha pak ka,0,44,[],0,0,0
phati to terrorism par agaey janab sharam tum ko magar nahi ati,0,63,[],0,0,0
humary han doodh wala literally roz roz uska rape karta hai,0,59,[],0,0,0
bhai chai wala ka endian state sponsored terrorism in pak n kashmir band karyo sab bariya hou jaye ga,0,101,[],0,0,0
bhadwe hain salle yebhadwagiri khoon me hai inke khate india ka hain or aada porkistan ka krte hain,1,99,['bhadwe'],1,6,1
aj india ka rape england mein ho rha hailoosers baap baap hota hai panga nae laity baap se,0,90,[],0,0,0
wese tau rape india me hote hain lekin oval me hum ne kar dia chadar daal do khoon nikal raha ha,0,96,[],0,0,0
itna ganda rape tou hamara bhi nahi hota waise,0,46,[],0,0,0
gobar kohinor se behtr hota hai u know nadont hate gobar,0,56,[],0,0,0
ye tou seedhi seedhi terrorism hai,0,34,[],0,0,0
koi is bharway ko btye k is k tatti bharat ka rape ho ra h,0,58,['tatti'],1,3,0
yaar hum bhi bura haray thay lekin yeh to rape hai kyon,0,55,[],0,0,0
bharat maata ka rape ho gaya aaj,0,32,[],0,0,0
suna hai rape bohat hotay hain,0,30,[],0,0,0
baapo bharat matta ka rape karte hoye,0,37,[],0,0,0
bete ne baap ka toh rape kar diya viru ji,0,41,[],0,0,0
dekhen bahit na aiegaa apky rape honay k chances ziada hai,0,58,[],0,0,0
abhi jo ground mai terrorism ho raha hai who kisi sorat band nahi hona,0,70,[],0,0,0
apne desh ki national game hockey hai usme aj india ne pak ko se hraya haicricket angrejo ka khel hai i hate crik,1,113,[],0,0,0
waqai baap baap hota hai sara sal bacho ko khus krta hai but fathers day ko tumary jasy bacho ka rape hna chaheya lol pictwittercomdxkgivhby,0,140,[],0,0,0
aaj pakista ne world ke no batsman ka rape kar diya,0,51,[],0,0,0
haan bhaoooo ye terrorism se kam nahi hai dekho bohot gandi li hai khoon toh nahi nikal raha,1,92,['gandi'],1,3,0
kaisa kiya terrorism ab batao tumhara baap kaun hai bilkul isi tarah hum kashmir bhee lai karr rahaygay,0,103,[],0,0,0
aaj india ka rape ho geya,0,25,[],0,0,0
nahi woh abhi rape karwa raha hai aankh band kar k,0,50,[],0,0,0
rishi kapoor sahab ap k saath tau ground mai terrorism hogya jee bilkul baap baap hota hai,0,90,[],0,0,0
aur suna phuddu ho gea na rape tere india ka baatain chodnay wali machine baap pakistan hi hai tm logun ka,0,106,[],0,0,0
hahaha ganduu hum dekh rahay hain tu b dekh raha hay na aona rape hotay hoye baap k hatho,0,89,[],0,0,0
yar tv band kerdo ramadan may kisi ka rape hotay huay dekhna sahi nahi,0,70,[],0,0,0
ayy chuttiye teri maa ka to rape ho gya aaj ovel main,0,53,[],0,0,0
chutiya he is i hate him,1,24,['chutiya'],1,5,1
team india ko aankho per bithane ka ye hi natija hota hai i hate team india,1,75,[],0,0,0
to kr lo yaar kyun rape ka case krwana hai,0,42,[],0,0,0
stop indian terrorism in kashmir lagata hai baap baita donu ko aaj kal kaam nahi mil raha,0,89,[],0,0,0
aaj nahi jeetenge aur bana lo rape jokes uske bacche ko terrorist bola ye to hoga hi,1,84,[],0,0,0
yeh baap ka rape kesa lag raha hai rishi kapooray pictwittercomndkkprvelq,0,73,[],0,0,0
helooo hate mongrerbaap baap hota haiamir to kohli,0,50,[],0,0,0
i hate this country so much wapis pakistan jana hai sakoon se match bhi nahi dekhne de rahe zehar,1,97,[],0,0,0
jai trop hate putain,0,20,[],0,0,0
ab choodo yaar nahy asli terrorism tou ab shuru hua hay,0,55,[],0,0,0
sir aaj ka bhi terrorism mein aata hai kia,0,42,[],0,0,0
ghar jalana aur rape krna idians k kaam hai hum allah ka shukar hai aisay kaam nai krtay,0,88,[],0,0,0
aur ye jo terrorism wali baat kr rahe ho is liye kr rahe ho kyon ke ab koi jawab nhi mil raha,0,93,[],0,0,0
abhi terrorism aur baqi hai mere dost twittercomtvejyywa,1,56,[],0,0,0
hum terrorism rukh daity hai app yadve ko rok sakty ho app ki raw bhoki mar jai gee,0,83,[],0,0,0
suna hai kohli ka rape ho gya hai,0,33,[],0,0,0
i hate yuvraj,1,13,[],0,0,0
i hate dhanapur,1,15,[],0,0,0
bolay bolay filhal tw live rape dekhey,0,38,[],0,0,0
bhai ye to bht ganda rape horha he ab mardo k b rape hone lage tumhare han,0,74,[],0,0,0
logic samaj aata tho bhai tum log poore duniya me terrorism kyo failate,0,71,[],0,0,0
this is y i hate rohit sharma rohit ne de diya mauka,1,52,[],0,0,0
tum kaisa kah sakto ho hum terrorism phala rahen sala hum na teri biwi ke shalwar ma bomb chora tha kiya ba,0,107,[],0,0,0
sab se zaida ashwin ka rape hua hai,0,35,[],0,0,0
abe gandu hum baap log hi hain gawar saale pehle apna terrorism wala desh ko sambhalo,0,85,['gandu'],1,8,1
bilkul sir terrorism hi khatm karne ki koshish kar rahe hain kulbhoshan ki phaansi se kuch to kami ayegi hi,0,107,[],0,0,0
shaqal say he tu kisi rape ki paidawar lagta hai bata kitnay bap hain teray,1,75,[],0,0,0
abhi kulbushan yadav ko phansi de kar terrorism band karty hain,1,63,[],0,0,0
nd hmare bhagwan ko convo me law tum ab tum ye bhi bata do tumhare tharki mohd ne yrs ki bacchi ayesha ka rape q kiagawar tharki mohd,0,133,[],0,0,0
i hate this gola bhallo yuvraj singh,1,36,[],0,0,0
aur india ki un aurton se bhi ziyada hai jo rape victim nahin hain,0,66,[],0,0,0
pakistan jeet rahi hai chalo iftari rakh lete how much i hate this,1,66,[],0,0,0
wahi tho apne yahan thoda rape cases badhte hain aur hamein kharab lagne lagta hai,0,82,[],0,0,0
khila v dete h inheindians ki tatti khake toh inhe dimag aayedimag toh terrorism k alava or kisy chiz me lagta ni inkakhake toh aaye,0,132,['tatti'],1,3,0
haan teri maa ki choot mein kitne rape huey the jo tu hua,0,57,['choot'],1,8,1
itti khushi ki baat nhin hai century bna ke ja raha hai vo hate u so much mr zaman,0,82,[],0,0,0
accha theek he matt band karo terrorism jab taliban aapke schools main ghuskar khoon ki holi khelte hain tab kaisa lagta he aapko,1,129,[],0,0,0
runs karle lekin tu toh jeet nehi payega aukat kya hain tera,0,60,[],0,0,0
bus isi mein khusi mil jayegi tumhare desh ko aur toh kuch kar nahi sakte terrorism ke alawa tum log,0,100,[],0,0,0
motherchod wo to ajse sal pehle nahi tha pichle saal se us ungli kar raha hai isiliye terrorism hue hai,0,103,[],0,0,0
bhai ye india ka rape chal raha hai,0,35,[],0,0,0
bhai ye india ka rape chal raha hai,0,35,[],0,0,0
blooch mie dkho kitne rape hoo rahe sabse jadya rape pak maie hei hoote hai,0,75,[],0,0,0
aaj terrorism k sath tmhare ghar warh jayen ge,0,46,[],0,0,0
jadeja ka rape hogya hai,0,24,[],0,0,0
aur tum log rape karna chor do humain b haar manzoor hogi,0,57,[],0,0,0
ji mujhe to sardaron par bane jokes bhi pasand nahi i hate it,1,61,[],0,0,0
ha ha ha jaise pak me rape nahi hota bhai pak is the no in terrorist supply riot hua bandh bhi hogaya pak ne kya terrorism chor diya,0,132,[],0,0,0
apko pata b hai k terrorism kon kar raha hai aur terrorism hoti kya hai nahi nahi ap kuch b nahi janty,0,102,[],0,0,0
darze nai kehte darje kehte loruu singhh na bolna aata hai na ilkhna gang rape ki birth hai tumari yaqeenan hahaa,1,113,[],0,0,0
i hate it when ramiz raja comes on buri nazar ye hi lagata hai,1,62,[],0,0,0
apni maa ka rape ka shayad hi koi itna jashn manata ho dharm ke saath khoon bhi badal gaya tha lagta hai gandi naali ke keede,0,125,['gandi'],1,3,0
apna desh sambhalo pehlesara world mai jo terrorism faila rahe hai wo silhaynge humain k hum kaise apna desh chalaye,0,116,[],0,0,0
ap kya samajhte ho hum khud apne hi country main hum khud terrorism karahe hain,1,79,[],0,0,0
band karay ya tum log bandy bhaijna band kardo tum log he terrorism k baap ho,0,77,[],0,0,0
yadav ugly tu indian tha na aur bhi proxies pakri hain humne indian terrorism ki tabhi tu mashaallah sukoon hai,0,111,[],0,0,0
ek din v aisa nhi jata jab kisi ka rape na hua ho india has become the land of rapes twittercomaenaybogf,1,104,[],0,0,0
pyar me dard bohat hota hai yar i hate you s,1,44,[],0,0,0
rape ke aropi yusuf ko wha ki police bachane ki kosis kar rhi hai jo ki ek blatkaari hai ye kaun btayega is tweet me shi kr rhi hai,0,131,[],0,0,0
and yeahkulbhushan jadhav ki taraf se namasatyterrorism ki bad karte hai bloody rapist,1,86,[],0,0,0
tabhi to india ke har gali mein rape hota hai,0,45,[],0,0,0
tum log karte ho baigairat kaum maszido me bomb blast karte ho afghanistan me terrorism phaila rakha hai saalo tum logo ne,0,122,[],0,0,0
yeh toh pathani kutte hain ko ladkiyon ka rape karte hain yaad nahi bangladeshi ko mai kisne rape kiya porki,0,108,['kutte'],1,2,0
sir him pakistani terrorism nahi hien him to pyaar karna or pyaar bantna jaanty hien terrorism to hum pey hoti hai,0,114,[],0,0,0
bas porkistan ka rape start hone wala hai dekh ache se maa k loudehijde,0,71,[],0,0,0
haan bilkul jo rape kr k aur logo ko lynch kr k maza layaisa maza nai chahiye,0,77,[],0,0,0
mein aurto ka rape nahin hota hain kya,0,38,[],0,0,0
yaar tum hamain sikha rahy ho k terrorism band karopehly hamara jo kashmir tum logn ny hathaya hua haiusko tw peace main rakho,0,126,[],0,0,0
tujhe pta ki katta kya hota avi gujjar ke rape se phele,0,55,[],0,0,0
aray terrorist to tm khud ho jo pakistan ke khilaf terrorism krte ho aur wese washroom bana rahe ho ya hum imdad karen hahaha,0,125,[],0,0,0
or pakistan me hindu ki kya halat hai dekhi hai maine kashmir me terrorism pakistan sponsored hai kashmiri musalman hai to shanti se rehne,1,138,[],0,0,0
girl in india na so ab ap bharat mata ki jai ki bijaye kia rape mata ki jai kehtay ho again family ko dhyan sai bhejna londay pak kai,0,133,[],0,0,0
pakistan terrorism ki kheti chor dega tho khayega kahan seooski ooplabddhi aur hai kya,0,86,[],0,0,0
terrorism hum kartey hey khud to jese angel sari barbadi sari tabah ho wo bhi hamaray mulk mein sharam to nhin he insha allah hum jeete gey,0,139,[],0,0,0
i hate pankaj udash,1,19,[],0,0,0
sey kuch sikho aur apna mulk ko support karo love hate wala c band karo,1,71,[],0,0,0
uncle jaani apne rashtra ka terrorism band karwao pehle kaafi zyada ho gaya hai aaj kal,0,87,[],0,0,0
tum keh tay pakistan acha nahi chalo thik hai tumare india acha phir kise mother sister safe kyun nahi jawab hain mint ek rape hota hai,0,135,[],0,0,0
dogs to muslims hai pakistan jaise jo sirf terrorism janta hai aur kuchh nahi,0,77,[],0,0,0
ye log kaun hai jo roz rape killing karte hai,1,45,[],0,0,0
pakistan ko terrorism chodne kahna thik waisa hi h jaise chirss gyal ko kahna bhai dhup me mat khada ho kala ho jayega,0,118,[],0,0,0
ke sath rape kerne ko kaha,0,26,[],0,0,0
isko sirf nonmuslims ko hi hota bandook terrorism taqiya sharia azaanlekin apne pakmuslim bhayi banduon k saath batcheet se hul hoti hai,0,136,[],0,0,0
bakwaasto lagega hi kyonki terrorism failanewale tum logho isliye koi desh pak me cricket nhi kheltachina tum logo ko roti de rha hai na,1,136,[],0,0,0
bhosdi ke tera rape kar diya kisi ne kya or videshi arya kon h tere he baap purkhe hoge ijjat kar saale,1,103,[],0,0,0
tabhi india me roz gang rape hoty hain kyun k sab ko baap banny ki jaldi hoti hai aap ki beti k sath hota tab kia karty tab baap kon hota,0,137,[],0,0,0
kyunki aap ne hi bola i hate tears and cheered me up,0,52,[],0,0,0
abey aaj zinda bhi hai vo bhi india ko thank you bol varna pakistani army tere baap ko murder kar deti aur teri maa ka rape ke baad murder,0,138,[],0,0,0
media terrorism ka mul karan hai deepak chorasia ise turant jail bheja jaay,0,75,[],0,0,0
un logo se kabhi rishta mat rkhna jo bolte hai i hate winters yar pata nahi garmiya kab padegi,0,94,[],0,0,0
ab to hame bhi ji ki vado se hate hoti hai bcoze ye bolate kuchh hai nd karte kuchh hai ufff,1,92,[],0,0,0
ha ha papam manasikanga rape chesaavune paina nirbhaya case pettina thappu ledu,0,79,[],0,0,0
pakistan west pakistan and bangladesh east pakistan bangladeshi logon ka murder rape kiya tikaa khanwest pakistani army led by tikka,0,132,[],0,0,0
aur mujhe lagta nhi h yakeen h tu rape ki aulad h,0,49,[],0,0,0
terrorist sub nai ko bolo q ap log nafrat pahla chate ho tum jeso ki waja se desh ka badnam karte ho,1,100,[],0,0,0
rishi g modi s kaho terrorism khatam katy,0,41,[],0,0,0
pushpa mujhse ye aansu nahi dekhe jaate i hate tears,0,52,[],0,0,0
day i hate cases yaar,1,21,[],0,0,0
han tariff ki te likn is ka matlab ye hargiz nahi k ap ki har baat teek hogi isi ik pay ap nay rape ka ilzam b lagaya ta saal larki k,0,133,[],0,0,0
pakistan may bijli nai phir bhi koi andheray ka faid nai uthath hy india my bijli hay fir bhi rape daba k karta hy,0,114,[],0,0,0
chalo terrorism ki wajah se toh phatti hai ap logo ki d and we are not terrorist and unka ko koi imaan nahi hota what about gujarat kashmir,0,139,[],0,0,0
so much hate kaha se late hain venom,0,36,[],0,0,0
kasur tumhara nahi tumhere allah ka hai jo saal ke bachi ke saath rape kiya,1,75,[],0,0,0
mr motu agr terrorism bandh krni hai to aap mudhi ko bandh krdo terrorism khud khatam hojai gi,1,94,[],0,0,0
terrorism har dharm me hai kya hindu kya muslim islam ka koi kisi tarah ke terrorism see taaluq nahi hai jahiliyat bhi terrorism hai you,0,136,[],0,0,0
toilet rape aur pishi kapoor wali chussen na marni,0,50,[],0,0,0
koi larki nazar aajai inke frustrated larke waheen shuru hojate hain ye bi terrorism ki hi ek type hai balochistan aur kashmir mei gund,0,135,[],0,0,0
salaooo terrorism to tum pehlate ho agar kehte hona ke hum nahi phelate to wapis karoo kashmir salaooo haram ke peelooo,0,119,[],0,0,0
jinhone mara unhe kosh liya ab baari us pm ki hai jo demonetization se terrorism control kar raha tha nation needs to know,1,122,[],0,0,0
hum to khud terrorism ka shikaar hain magar kal zaroor kpooray khilain gain hum aap ko woh bhee bakray kay,0,106,[],0,0,0
delhi is rape capital udhar jaake thora bashan dete tou apki larkiyan surakshit hoti sala surakshit mein bhi shit aata hai,1,122,[],0,0,0
gao rakshak aap se sambhale nahi jaate or baat kerte hain terrorism ki itna hi dimag bathroom banane mein lagate tou log hagg ker dua dete,1,138,[],0,0,0
ha re tu to rape ka nateejah hai hee,0,36,[],0,0,0
ye bhi rape ka nateeja hah,0,26,[],0,0,0
aaj pakistan ka rape ho ke rahega,0,33,[],0,0,0
kapooray pehlay mulk main rape control kro kahin tumharay chiknay ka b na hojayai angrezi hamain ahi jayaigi chiknay ka rape hua to izat nhi,0,140,[],0,0,0
mohabbat tum se nafrat hai episode,0,34,[],0,0,0
wo tou moodi bhi apni maa ka piyar leta hain tou kashmir or gujrat k innocent logo ka khoon maaf hojaega toopo ki salami bhai aapko,0,131,[],0,0,0
mohabbat tum se nafrat hai episode,0,34,[],0,0,0
rashan card banane k liye govt office ki kya jarurat hai be apne ghar me bana liya karo,1,87,[],0,0,0
ye es liye hate kr rahe hain imran khan ko k choor nawaz k pakre jane k bad chote chooron ka dana paani b khatre main par jaye ga,0,129,[],0,0,0
ap k tv channels se he nafrat phelana seekha hai,1,48,[],0,0,0
acha choro yaar tum log jeeto aur hazaar baar jeeto sirf rape control ker lo yar hamain haar mazoor hai we want peace love and respect,0,134,[],0,0,0
bari ajeeb baat ki ap ney terrorist to terrorist hy kisi bhe qoom ka ho usko phansi dena chahye yehan pay sirf qoomon ka ziker keon,0,131,[],0,0,0
aaap log support karna band kar do terrorism ko wo automatically band hojae ga hamen haar manzoor nai he banyon se,0,114,[],0,0,0
maine suna tha chhotichhoti baaton pe murder karte hai,0,54,[],0,0,0
wese bhi i hate shopping so wese hi kafi bachat hojati hai unki,1,63,[],0,0,0
budhe rape delhi ki sarko pe hota hai,1,37,[],0,0,0
agaar ghalat hn to correction kijiye ga,0,39,[],0,0,0
look who is talkingpak main india se jyada rape hote hai miya,1,61,[],0,0,0
stop terrorism in kashmir baqi sub apnay app teekh ho jaye ga,0,61,[],0,0,0
bhai aap buddha hogaya pata nhi kitna saal aur jioge be good dude first apna rape karna band kardo yaar,0,103,[],0,0,0
valentine night per bangalure ma jis tarah aurton se rape kiya gaya pehle usse band karwaen kahan terrorism ki bat karte hen,1,124,[],0,0,0
itna bara zulm is zulm k baad tu hitler khud chal k aaya hoga apna student banane k liaye,0,89,[],0,0,0
oye pagal terrorism ko maar goli and ye jo terrorism hai ye tum logo ki pak ko badnaam karne ki chaal hai,1,105,[],0,0,0
afsos isi baat ki hai per koi nahi ek na ek din aqal thikane aayegi aur log samjhenge nafrat se nahi payar se dil jeeta jata hai,0,128,[],0,0,0
chalo bhayya bheek hi sahi per rape nae kerte,0,45,[],0,0,0
tum raw band kr do yar terrorism band ho jye gi,0,47,[],0,0,0
fathers day per ye bachay hamare sath hain khoon akhir khoon hota hai,1,69,[],0,0,0
acha ye batao ye jo tum is tarah ki tweets daal rahe ho ye ghalat ni terrorism tou tum phaila rahe ho apni umer dekho aur harkatein dekho,1,137,[],0,0,0
kuch kehna baaqi hai ya ab bhi nafrat ka sabab poochogay aap log balochistan walon say ya balochon se k q dil,0,109,[],0,0,0
madarchod saale gang rape ki paidayish,1,38,['madarchod'],1,10,1
unko sirf hitler ki bhasha samaj me aayegi,0,42,[],0,0,0
achcha choddo yaar tum log jeeton aur hazaaron baar jeeton sirf terrorism bandh kar do yaar mujhe haar manzoor haiu dad iztalli,0,127,[],0,0,0
apki movie ka trailer share karne me darr lagta he aajkal log dekhne ke bad esa esa sunate he na khoon ke aasu rota hai dil,0,123,[],0,0,0
turn up turn up turn up khuphuka deeeeeeejay shona phansi mawuthandawaaaaaaaaaaashaaaaa,0,87,[],0,0,0
rape ko rap kehne wale jahil se behes kr ke aap log apna time waste kr rahe hai i think,0,87,[],0,0,0
terrorism pakistan me hai or fikar puri duniya ko hai pata nahin inhe hamari fikar hai ya humse darte hai,0,105,[],0,0,0
itni shiddat se to koi kisi se pyar bhi nahi karta fir itni nafrat late kaha se ho bhai,0,87,[],0,0,0
army nhi hai bhai wo khud terrorists hai ar terrorism kaha india ki wajah se hafiz saeed indian hai yaa osama bin laden,0,119,[],0,0,0
bs kr de taao hate speech ki,1,28,[],0,0,0
haaro ge he inshaa allah terrorism phelane me bhi aur kal ka match bhi,0,70,[],0,0,0
ji up se jo crime h ab aap puri tarah se saaf kar de ji rape jaise crime t bilkul saaf kareye taki ladkiya aaram se rahe,0,120,[],0,0,0
kashmir mai jo ho raha hai kiya wo terrorism nahi,1,49,[],0,0,0
toilet nahi isliye tu bahot rape hotay wahan rishi kapoor ranbir kis ka beata hain haha shakti kapoor yeh gulshan yeh amitab,1,124,[],0,0,0
india hum apna kutton ko bhi na bhjna tum papion ka kia bhrosa unka bhi rape kar do,0,83,['kutton'],1,2,0
is ki nachne wali biwi ka rape to nahi ho gaya,0,46,[],0,0,0
terrorism tm log bandh kardo chutyon kashmir mai,0,48,[],0,0,0
aap lead kerna shuhada ki tehreek aur aap ko kasam hay un kay pak khoon ki kay aap jaan denge un kay haq k leyenahi beta kabi nahi dega tu,0,138,[],0,0,0
haan aur misunderstanding aur nafrat badd jayegi uski anika ke liye,0,67,[],0,0,0
shukr h khuda k ki kashmir abhi hindustan m h agr pakistan m hota to isse bhi bure halaat hote phale apne desh k terrorism ko khtm kre aplog,0,140,[],0,0,0
iss khandan ko hitler ki zarorat hai,0,36,[],0,0,0
congress ne deshwasiyo ka khoon choosa hai,0,42,[],0,0,0
shit phir se feelings aa rahi hain gaaliyan deney ko dil karta hai dil khoon ke aansu rota hai merey,0,100,[],0,0,0
hate ka jyaada hai love ke comparison mein,0,42,[],0,0,0
so ja bhai kal pakistan ka rape bhi dekhna hai,0,46,[],0,0,0
india se kam hai hai rape cases heh baat tum bhi jaantay ho,0,59,[],0,0,0
year aap kashmirion aur indian muslims kay saath state sponsored terrorism band kardo pakistani dukan bhi bandh hojaye ge,0,121,[],0,0,0
haraam kaam say nafrat karnay wala aur halal ki tarf raghbat delanay wala naam,1,78,['haraam'],1,5,1
acha choro apni army ko roti dou apni awaam ko toilets aur apni larkiyo ko rape sey bachao hame harr manzoor hai we want peace love,0,131,[],0,0,0
chal hm najaiz hai tu toh suar ki jaaiz aulaad hai toh apna dna test kara k tera baap kon hai gang rape ki aulaad,0,113,[],0,0,0
pahle khud to kashmir mein terrorism band kro fir doosron ko sabaq do wo kia kahte hen dhoop chahre per thi aur aeena saaf krte rahe,0,132,[],0,0,0
tera baap hoga tum log waise bhi rape ki padaish ho,1,51,[],0,0,0
sir aap ko unko reply dekar batane ki jarurat bilkul nahi thiki aapne kya khel khele hai aur aapne kya aur kyu kamaya hai hate such ppl,0,135,[],0,0,0
jis confidence se barca fans bolte hai ke ronaldo ne rape kiya hai mujhe to shak hai ke messi ke loundo me se ronaldo ka hai,0,124,[],0,0,0
mohabbat tum se nafrat hai episode har pal geo via,0,50,[],0,0,0
mohabbat tumse nafrat hai episode via,0,37,[],0,0,0
matlab kuch bhi search rape capital in twitter sach samny aa jaye ga pictwittercomdoiidztha,0,91,[],0,0,0
achcha choddotum log jeeto aur hazaron bar jeeto sirf kashmir me terrorism bandh kr do ind mujhe har manzoor haiwe want peace in kashmir,0,136,[],0,0,0
dont throw chameli but i remember ipkkndnafrat paas aane na den mohabaat door jaane na denab inn ishqbaazon ke pyaar ko kya naam doon,0,133,[],0,0,0
to ek ek kar ke terror attacks me marne se unke pariwar ko dard nahi hoga kya kahna chahte ho,1,93,[],0,0,0
bhaiya ravish tere bhai ne eh ladki ka rape kiya wo ladki ko bhi insaaf nhi mila abhi tsk kabho prime time pe us ladki tarf se bhi bolo,1,135,[],0,0,0
nahi bheji tu kiya nahi bhejty rape capital tumhara tatti tum log sahi sy nahi kar skty aur baatein idhr krty ho jao jao,0,120,['tatti'],1,3,0
kar lo jo kar skty ho hai tu rape capital tumhara he,0,52,[],0,0,0
inka bas chale to sweden aur canada ko bhi terrorism sponsors karar dede,0,72,[],0,0,0
dilog acha hy rishi sir sbko pata hu terrorism kon kr raha hy soo plzzz dosron pay ilzm na lagao pehly apne ghr ko saaf kro,1,123,[],0,0,0
army ko roti nai milti awam k pas toilet nai or girls ka sath rapemuqabla karty hain pakistan se wah g wah,1,106,[],0,0,0
chintu jee agar insan lajawab ho jay tu osko bat tabdil nahi karni chaiay or eay tu pori duniya janti hai terrorism ko karta hai,0,128,[],0,0,0
lo ji de taali main bhi sweet mein vo sandhir wale feels nai aate not that i hate it i do read them but sandhir samjhke nai,0,123,[],0,0,0
toh hote hai na fir kyo point out kar raha hai india ko jaise pakistan mein rapes hotein hi nahi hai as per un u lead us in rape rates pictwittercomyuqzzufzd,0,157,[],0,0,0
matlab jis baat par khoon khaulna chahiye ussse aap like karte hain vote kya itna jaroori hai,0,93,[],0,0,0
bhai rehn de apne cousin se shadi kar lete hain ye log rape vgreh kya jab ghar me hi behen tak nai chorte,0,105,[],0,0,0
at least apni na sahi apnay poorvajon ki janam bhoomi se itni nafrat tau na karainkapoor saheb,0,94,[],0,0,0
lagta hai pakistaniyun ne rape kiya hua hai tera tabhi itna jalty ho,0,68,[],0,0,0
kapoor saheb we are not terrorists we are terrorism victims baqi itni nafrat yaqeen nahi aata k kapoor itni nafrat kartay hain,1,126,[],0,0,0
aapki bhai log ramzan ke mahine main katal kar rahe hai terrorism kar rahe hai and aapke chacha immam fatwa kiyu nahi nikal rahe hai,0,132,[],0,0,0
ghus ja tv ke andar kahi wo murder scene miss na ho jaye,1,56,[],0,0,0
bhaar mein jaohindukashmir mein state terrorism bund kkarotum tun hee raho tou achcha hai,0,89,[],0,0,0
terrorism ki baat kerte hi aap log hamaare khud ke masle per hi kyu bolte hobharat se jyada problm to pakistan me hai,1,117,[],0,0,0
kaun si duniya me rehte ho aap rape hue nhi hai,0,47,[],0,0,0
wo tumhare jaise bhole bhale log hai jo terrorism ko support karte jo aqal k andhe hote hai wohi aisa karte hai,0,111,[],0,0,0
apne mote se dimagh par zor dalen take pata chale k agar terrorsits yahan haintou blasts bhi yahin par kionthink,0,112,[],0,0,0
salo rape k ilawah aur kiya ate hai porkies,0,43,[],0,0,0
hum khaatey hain cow ka gosht uska khoon nhy peetey,1,51,[],0,0,0
i so hate our fakn media kya zaroorat hy yai takra ke apni aukat dekha rahy hota hy indians aur inko zaroor chawal bana hota hy,1,127,[],0,0,0
sir aap kuch logo ki wajah se terrorism ka poora malba sab pakistaniyon k sar phenk rahe dil to na dukhayein,0,108,[],0,0,0
jb kalbushan ko latkaen ge to terrorism bhi band hojaega or india or teri bhi band hojaegifikr na kr,0,100,[],0,0,0
sr agar barud kam pad jaye topic me to mhamara khoon bardenge makkal mila to in gaddar on ki puri nasal mira denejai bhavani,1,124,[],0,0,0
human shield se rape ye kaise hota hai,0,38,[],0,0,0
apni army ko roti do,0,20,[],0,0,0
apni aurton ko rape se bachao,0,29,[],0,0,0
humein sirf peace aur love chahiye,0,34,[],0,0,0
use ghar ki safayi karni hogi i wish sanya kabhi mere ghar ayi hotipkka mera murder kar deti mera room dekh kar proud of fatimasanashaikh,0,137,[],0,0,0
padhe likhe log social media pe nafrat faila the hai isse acha toh hum gawar hi thik the phele,1,94,[],0,0,0
bhai terrorist ke janak bola jata pakistan ko atankwaad to inke khoon me hai ek paki ne bola ranking matter nhi krta cup matter nhi karta,0,137,[],0,0,0
av av modinagar bachchi ke sath rape via,0,40,[],0,0,0
india waly nafrat ko badhawa denay ka koi mauka ni choorty un gov to apni jaga un fazool channel waly bhi un ki,0,111,[],0,0,0
lagta hai jab angraiz gay thy to sae daba kr hissa dal gaye jo aj tk angraizi nae gaye khoon me se oh sorry urdu hai apni amma se pucho,0,135,[],0,0,0
kashmir solve kar do terrorism khud hi band hojayegi y dont u get that,0,70,[],0,0,0
aur ap rape ki,0,14,[],0,0,0
no khoon and cricket khel ek sath ni ho sakti h baki sari khel ho sakti h sathsath,0,82,[],0,0,0
nahi rape kam huye na jobs badhe up bihar jharkhand aapse nahi sambhale na sudhare baatein kar walo aapke logon se khali,1,120,[],0,0,0
mujhe tou pata bhi nhi tha ke indians andhe hain puri duniya ko pata hai ke sab se zaida terrorism kis country country me hai,1,125,[],0,0,0
oh godi told u nafirst day jab adi ki ek v scene tak nhi hua tha tab se sab bol rahe the aditi i hate u,1,103,[],0,0,0
rape category me tw kal ka match hi top pe hona hai,0,51,[],0,0,0
kasam se dil khush ho gaya hai bohat acha kiya in ki reporting to rozana khoon pi rahi the,0,90,[],0,0,0
terrorism to ap log hy humreye kasmer bhiyo par zulm kartye ho ap se big terrorism khon ho ga sab se ziyada reap kaha hote hy rishi sir,0,135,[],0,0,0
bhai mai aapke sath hu aapne unhe banay hum to jante bhi nahi the unhe unki shakal dikhi to tv switch of hate you sunil all,1,123,[],0,0,0
ye to sahe kaha par matter solve karo ki tumhare bestie kyun hate karte he,0,74,[],0,0,0
janha marte ho wanha hi inhe petrol se jala dena chaiye waise v terrorism ka koi jaat ya dharm nhi hota to kyun dena inki body ko priwrwleko,0,140,['jaat'],1,1,0
or gurur toh bhartiyo ke khoon me h hai gurur krne waale kaam krte h tbhi gurur h,0,81,[],0,0,0
usse kya hota hai im gujju but i hate gujjus,1,44,[],0,0,0
sirpt usha bhi ek ldki haiplz ap sbse phle girls ko rape se bacha lojisse kai sari pt usha apne spno ki udaan bhar skean indian,0,127,[],0,0,0
aabay kisi sasaty khoon kay jaraseem jo ghar and bivi bhai n cousin ki jobs ki baat hay us ka jawab day khotay,1,110,[],0,0,0
kisi rape ki paidawar he tu,0,27,[],0,0,0
his hair is like more of mahi akhir khoon ka asaar ho hi gaya,1,61,[],0,0,0
kuch bhi karlo kashmir to india main hi rahega haan pakistan zaroor tutega aur white collared terror ka bhi safaya hoga,0,119,[],0,0,0
acha choro yar tum log jeeto aur hazaaron bar jeeto sirf terrorism band kar do yar mujhe haar manzoor hai we want peace and love,0,128,[],0,0,0
pakistan me ladkiyo ki kya halat he iska andaza isi baat se lagaya ja sakta he pak me rape accused ko nhi rape victims ko saza di jati he,1,137,[],0,0,0
achcha choddo yaar tum log jeeton aur hazaaron baar jeeton sirf terrorism bandh kar do yaar mujhe haar manzoor,0,110,[],0,0,0
tu pahle tum jo ghar me rape karte ho uska rate bata,0,52,[],0,0,0
kulbhushan bhi katega phansi pe charha ke bhej dein ge independence day pe,0,74,[],0,0,0
i hate larkon ki awaz change hone wali age,1,42,[],0,0,0
main khush hu ke uski nafrat ka akela waris hu,0,46,[],0,0,0
kiun kaan sy khoon nikalwaany ka shoq hai and where do u live lol,0,65,[],0,0,0
pahle tum ghar me to rape karna chodo bad me india ka dekhna gadho,0,66,[],0,0,0
agar terrorism chod denge wo to hooron ki pari se kaise milenge,0,63,['chod'],1,7,1
bass aa gaya aapke jaise ek do aur dost naraaz ho gaye thee toh no hate tweet,0,77,[],0,0,0
chal tujhy to bar rape krny ka chance mil jata ha naw,1,53,[],0,0,0
choddain gay fir toa terrorism bandh nhi aur be bharr jaega railway tracks pe aur be bharay bharay bombs maarte peerogay,0,120,[],0,0,0
nahi riya ji but agar matter pakistan hota hai to apne aap khoon khoul jata hai bahut se dard hai saltation se le kar ab tak,0,124,[],0,0,0
wo gareeb awam ja k army ki god me kyu beithi haikyu waha k terror perpetrators ka sath deti hai,0,96,[],0,0,0
acha chlo ap jeeto hazar dafa jeeto par meray kashmir main terrorism band kr do,0,79,[],0,0,0
rape to pakistan ka hone wala hai ground pebhai tu apni jaan sambhal k kal raat ko ghar se na nikle pata nahi koi aapke sir pe tv tod de,0,136,[],0,0,0
gand marne ke liye chal ab bye chinal ke kal pure mulk ka bhi rape hojaynga tere wo bhi dekh liyo ok,0,100,[],0,0,0
peace ki baat karte hain jaise kashmir me pakistan army terror kar rahi haiiibeing humanfor humanity pictwittercommnvemen,1,121,[],0,0,0
aap log khud apni behnu ka rape kar rahe ho hamain kya sikhawoge,1,64,[],0,0,0
phir to badiya hai voh kya hai ki hindustan ke hain na to sirf pyar aur ekta samajh aati hai yeh nafrat ki soch se confuse hote hain,0,132,[],0,0,0
haan ek sath pure india ka rape karne ke liye,0,45,[],0,0,0
mujhe lagta hai kal india mai rape ki ratio bharnay wali hai chal yaar let c tomorrow aur haan izzat bacha k,0,108,[],0,0,0
app mein terrorism band karo innocent kashmiris ko hr roz shaheed kr rahay ho,0,77,[],0,0,0
are tumhare har gali mohalle mai rape hote hai tumhare yaha ladkio ko nikalna mushkil hai,0,89,[],0,0,0
ak ne army pr sawal uthaya ya nipr us video ki zarurat ni thiak bhi galat,1,73,[],0,0,0
aur india rape mukth hone ke liye nirbhaya kand ko yaad karta hai,1,65,[],0,0,0
its just a name there is no help haathi ke daant khane ke aur dikhane ke aur,0,76,['haathi'],1,1,0
yogi ji aaj gorakhpur me fir ik nirdosh ka chalan kiya gaya hai wo bhi murder me aur aur aap kahte hai ki aap yogi hai,0,118,[],0,0,0
rishi sab har muslim terrorism na he hota agar ap ak ache or samajdar insaan hote to ap ko ye batane ke zarorat na te,1,117,[],0,0,0
indira gandhi ko marne wala sikhrajiv gandhi ko marne wali tamil ki thito terrorism ko paida karne waly palny wala khud india haimind it,1,136,[],0,0,0
excuse me mr rishi kapoor aap na bolne se pehle socha kare terrorism aap log khatam kare humare kashmir per aap log kaise zulum kar rahe hai,0,140,[],0,0,0
media aurpak army ko bhi hum aakele kaise goli khate rahenge mere bharat ke her jawan bhai ko unka half murder bhi nahi chahiye marane ke,0,137,[],0,0,0
too much hate haih,1,18,[],0,0,0
sochne ki baat hai woh ek din bhi agar pakistani zinda na rahe tou duniya se terrorism khatm ho jayega,0,102,[],0,0,0
india mai baap se phele beta ajata hai rape se jabi th august or th august ka difference pata nai rape jo bhut huta hai,0,119,[],0,0,0
sir ap raw ko samjha de wo pak mein kalbhoshan jese pithu bhejna band krde terrorism khud khatam hojae giumar pachpan ki harkate bachon si,0,138,[],0,0,0
ya allah hitler jesa hukmaran de sdo thatta ko sharm nai roz jamah masjid ki light kharab hoti he or ye log ac room se nikulte tuk nai inko,0,139,[],0,0,0
jinke khoon mein hai desh or deshwasiyo se gadaari wo hai congress saari,0,72,[],0,0,0
aapki soch ko aap k followers ne bhi reject kar diya sirf kuch logon ne pasand ki aur taqreeban rts nafrat choren insan banen,0,125,[],0,0,0
jinke khoon mein hai desh or deshwasiyo se gadaari wo hai congress saari,0,72,[],0,0,0
aik baat tay hai india ka media jitni hatred dikhata hai pakistani media nahin dikhata game hai game ki tarah lo,0,112,[],0,0,0
behen ki loudi tumhare me to legal rape krte h bhai behen ka chutiya,0,68,['chutiya'],1,5,1
thatha inka alane unara kastha mega medha hate pakana pettandi,0,62,[],0,0,0
ab gujarati janta ka khoon pee rahe hain,1,40,[],0,0,0
ye sab chakkar rajnitee k hain dilon mai nafrat ye log he dalte hain dono country k citizens k,0,94,[],0,0,0
aur ka stats dekhna tum saalon pta chalega kaun kittey gddhey mein hai,1,70,[],0,0,0
tum paltey ho terrorism ko,0,26,[],0,0,0
hahahaha tm apni ammi or behan ko dekho aj phr save ghr agai ha ya rape ho gya ha unka,0,86,[],0,0,0
sun pehli baat to rape koi trolling ka hissa nhi hai ye sharmnak hai chahe koi bhi country ho lekin saaley tum pakistani dogley the aur ho,0,138,[],0,0,0
itna hate laate kahaan se ho,0,28,[],0,0,0
ma vasno devi ke mandir jane se sare paap kat hate h aur man ko saanti multi h jai mata di dkumarp pictwittercomdhzfxsgq,0,120,[],0,0,0
cong mahan bheekh mange of votes,0,32,[],0,0,0
own mother bech kaar ke,0,23,[],0,0,0
cow calf ka murder karate ho,0,28,[],0,0,0
sirf vote ke liye sharm karo,1,28,[],0,0,0
absolutely hate traveling mood tabaah hojata hai,1,48,[],0,0,0
budha insaan tri fuddi to ki hai koi donkey hi chode tujhe or han jitenge bhi hm n plz ye rape karna chordo hme izzat pyari hai jeet nhi,0,136,['chode'],1,6,1
ap k desh wasiyon k dil to nafrat se bharay hoye hain but hope for the best,0,75,[],0,0,0
bibi rape ka istemal mei ne nahi usne pehle kiya that socha tum hijado ko rape dikha hi du to baat ye hai ki live dekh lena sab kuch ok,0,135,[],0,0,0
phir rape bas yehi ek lafz likhna bhi ata ha or karna bhichchcchwese tm bhi kisiumm choro janey do,1,98,[],0,0,0
a fir bura laga bas kal tak aankh na fod liyo live rape dekh le pakistan ka legal bhi hai ye rape obsessed chutiye,1,114,[],0,0,0
pakistan terrorism support nahi krta,0,36,[],0,0,0
kabhi kisi ka dil mat todo kyunki crime patrol me murder dil rodney ke wajah se hoti hai,0,88,[],0,0,0
rishi beta kalboushan aaap ka hi abu hai na jo terrorism kar raha tha pakistan main,0,83,[],0,0,0
md junaid kya gazab ki talim paya ho tumne waisey kon si gattar chaap madrassa se talim liya hai pakistani research on islamic terrorism,0,136,[],0,0,0
bjp se nafratmodi se nafrat thik hailekin apni bjpmodi se nafrat ko desh se nafrat me na hone docongress to dube gi desh ko dubaoge,0,131,[],0,0,0
ab iska rape kis ne kiya,0,24,[],0,0,0
kal tak tho achi bhali virgin thi,0,33,[],0,0,0
shreef brothers ko phansi hogi,0,30,[],0,0,0
farak bas itna hai hum sidhe sidhe rape bolte hai aur tum nikah ab pakistan me legal rape hota hai bha se shadi kar ke usme hum kya kare,0,136,[],0,0,0
muslim koi dharam nahi hai ye to dunia ko idiot banane ke sauch hai,1,67,[],0,0,0
islie india ko hindu rastra banay by ccc,0,40,[],0,0,0
ramjan may kya murder hote hai,0,30,[],0,0,0
rape se jo tu obsessed hai aur tuze live rape dikhana mera farz hai isliye fikar hai aur attached toilet bana diya tha hamne me hi,0,130,[],0,0,0
aur tujh jaison ke jarurat d p hume bhe nahi asli terrorist to tum jaise log ho jo dilon mai nafrat rakhtey ho,0,110,[],0,0,0
a pakistani hurt hua bas itne mehi kal tv aur aankh dono phod lega tu ek rape live hone wala hai pakistan ka dekh liyo agar light ho,0,132,[],0,0,0
pakistan terrorism kabhi nahi band kar payega or india ke khilap vi kabhi nahi jit payega,0,89,[],0,0,0
yeh kaisi kasmiriyat so apne khoon see holiday khele laanat hai aise logon pe jo apne jawano ko chod ke terrorist ke maiyad mein jaaye,0,134,['chod'],1,7,1
bihar me fir se double murderitni shanti aur kaha milegibihar me murder ka bahar hai,0,84,[],0,0,0
haan ab to rape wali nsal jawan ho chuki hai,1,44,[],0,0,0
jo insaan pyaar bantta hai wo nafrat ke lessons kaise de sakta hai,0,66,[],0,0,0
ap mazamat karo kashmir main honay walay zulm ki agar rape purana ho gaya hai to,0,80,[],0,0,0
log pehle jan lete hai aur fir jaan murder lete hai,1,51,[],0,0,0
yeh rape wali story bahut purani hai koi nai baat kar,0,53,[],0,0,0
lekin tum log terrorism krte raho bs films banana chor do ghatiya films aur ghatiya actors,0,90,[],0,0,0
yrs me rape,0,11,[],0,0,0
uutni ke sath rape,0,18,[],0,0,0
rascals terrorism faila ke rakha diya haipokgilgit balochistan mei pak se azadi chahte hai log to pak karta kya hai waha ke logo ko silen,0,137,[],0,0,0
daily larki ka rape,0,19,[],0,0,0
tum log jeeton aur hazaaron baar jeeton sirf molestationrape bandh kar do yaar mujhe haar manzoor hai we want female protection,0,127,[],0,0,0
ap ho hi rape ki paidawaar ap kb samjho gay,0,43,[],0,0,0
i wish beta baap s jeet jayeis s jyada khushi pita ko kbhi ni milti hope pak play well i hate one sided match,0,109,[],0,0,0
paaji rape ka mazak ni krty beshak chutyo k mulak se hain par pakistani hmsayo se kuch seekh e lete hain hm,0,107,[],0,0,0
kisi se hutak amaiz andaz mein bat kerne se bat banti nahein bigarti helove for all hatred for noneye islami message he josawne apnaya,1,134,[],0,0,0
btw i hate your jesus thing bhosidika jinki merko kisi din gaand todhni haramkhoro ki unko bacha raha,1,101,['gaand'],1,9,1
jo marzi kar lo rishi kapoor maan lo tum ko ham se is liye nafrat hai kun k hamare level tk aye nahi ho abhi u sarra hua tarbooz,0,128,[],0,0,0
bhai khoon se tweet karayega kya,1,32,[],0,0,0
dil me to blood hi hota he,0,26,[],0,0,0
cow pr hamla hoga,0,17,[],0,0,0
bharat bhumi pe terrorism aur jehad,0,35,[],0,0,0
absolutely true sahreen nafrat failaney waale mutthi bhar logon ne sab ka dimaag kharaab kar rakha hai,0,102,[],0,0,0
kuch hote h joh bhai respect nah hate karte h isliye bolna parta h apse koi against nah h wese acha k tum respect karti ho,0,122,[],0,0,0
lets stop isse pehle ki koi hamara khoon kar de,0,47,[],0,0,0
maine yeh pic hatred k liye nhi kiya bhai,0,41,[],0,0,0
dear best friend ma jis se nafrat karu lazmi hai kay tum bhi us se nafrat karo,0,78,[],0,0,0
murder is ki saza kya ho pictwittercomicqomwgz,0,46,[],0,0,0
dosron ke mulk terrorist bejhtes hein knowledge itni ka larkiyon ko gaaliyaan detaa hai bheno ka rape hona deta hein shit railway pa karte h,1,140,[],0,0,0
terrorism ko choro uncle apni biwibeti aur ane wali baho ki fikar karo aisa na ho kisi marketauto ya metro may rape ho jye unka,0,127,[],0,0,0
mujhe tou hameesha hate hee mila hai,0,36,[],0,0,0
that kisi se nafrat utni hi karo ke mohabbat ki gunjaish rahe,0,61,[],0,0,0
rajasthan k kisan ko aap ne phansi par latka diya tha,1,53,[],0,0,0
kya sab kisan bhai kcsath aap yahi karegi,1,41,[],0,0,0
acha choddo yaar tum log jeeton aur hazaaron baar jeeton sirf aurtun ka rape bandh kar do yar mujhe haar manzoor hai we want peace love,0,135,[],0,0,0
jo bhi karlo kabhi prime minister nhi banega na us k bete ko koi film mileg jitni hate pak se karni ho karlo run veer kapoora,0,125,[],0,0,0
mohabbat mein teri fitrat kya thi is kadar humse nafrat kya thi teri chahat pe wafa ki thi mene tujhe bewafa hone ki zarurat kya thi,0,132,[],0,0,0
kqabar me se uthake rape kiya hain dead body ke sath tere pakistan mechup ho ja chutiyetoilet ban chuka aaja jamader,0,116,[],0,0,0
yaad rakhna aise hi kisine peshawar school ke bachon ko udaya tha,0,65,[],0,0,0
hahaha wo to tujhe v pata hai ki kiska rape hoga,0,48,[],0,0,0
bhul gye ya yaad dilaye india ne sirf days k andar pakistan ko haraya tha sabak sikho aur terrorism band karo samjhe,1,116,[],0,0,0
terrorism tum logo nay phailya hua kashmir mai hum nay nahe daily kashmiri shaheed karna kaha ke insaniyat hai,1,110,[],0,0,0
tarikh is baat ki gawahi deti hai ke baghavat ki kahaniyakabhi gulab jal se nahi likhi gayi yeh hamesha garam khoon se likhi gayi hai wt dp,0,139,[],0,0,0
khatmalo ko maar maar kar khoon jaama karne se blood bank nahin ban jaata sir aaj kal party me aesa hi kuch ho raha hai,0,119,[],0,0,0
bhai hate nhi jab se jindgi me playstation aya tab se sab chhut gaya,0,68,[],0,0,0
malum h nahi to murder karwa dogey bhai sahabuddin chela jail mn band h na,0,74,[],0,0,0
tu to mualla bhi hai aur rajput bhi haiteri ragon me kiska khoon hai,0,68,[],0,0,0
han ye monkey kalbhoshan bhi pakistani h na or isy pakistan ne hindustan m terrorism phelane bheja tha jao pehle aina dekho,1,123,[],0,0,0
mujh bhi rapist ke moo lagnaa ka shq ni rape capital ka citizen,1,63,[],0,0,0
toilets nhe hai tmbaray haan jabhi safe hain larkiyan toilet se bhi neech lagti hai endians ko jabhi har min mein ka rape hota hai,0,130,['neech'],1,7,1
aur rape to beta pakistan me jada hota hai smjha na tum log ke pass itna paisa nhi hai ke usko news par dikha sako bc gareeb saale,0,130,['bc'],1,10,1
hamare javanmar rahe hai aur ham terrorists ko hi mar kar apni qamar thap thapa rahe sir pak saniko ko maro terrorism turant bandh ho jayga,1,139,[],0,0,0
hahahaha han bhai pakistan ke liye ranking kaha matter karega matter to sirf faltu ki baate karti hai like terrorism terrorist etc,0,130,[],0,0,0
achhe ke sath achhe raho lekin bure ke liye bure mat bano kiyu ke tum paani se khoon saaf karsakte ho par khoon se khoon nahi,0,125,[],0,0,0
show baz shareef zaror phansi pa latky ga,0,41,[],0,0,0
kashmir azaadi chahtah hai terrorism apne aap band ho jaye gi sir,0,65,[],0,0,0
acha terrorism say yaad aaya kalbhushan yadev to pak main pakkoray bhaichny aaya tha,0,84,[],0,0,0
dear aaj bohat hate mil raha hai hume,1,37,[],0,0,0
kamzor logon ko apne se taqatwar hr cheez terror me hi dalti hai khud ko mazboot kr cheetay,0,91,[],0,0,0
zalimo jwab dokhoon ka hisab do,1,31,[],0,0,0
acha choddo yaar tum log jeeton aur hazaaron baar jeeton per sirf maa behno ka rape krna band krdo muje haar manzor ha,0,118,[],0,0,0
khoon rang laye gaa inqalab aye ga,0,34,[],0,0,0
apne virodhiyion ko online rape and gang rape ki dhamki dena kis ki sanskriti hai,1,81,[],0,0,0
tw india ne terrorism phelaty hue taraqqi ki hywah,0,50,[],0,0,0
kahenge ye bhi fake hai,1,23,[],0,0,0
ye hamesha denial mode pe rahenge jitna marji aaina dikha do,0,60,[],0,0,0
bomb blasts fidayin hamla kasmir mai aatankwad,0,46,[],0,0,0
tere nabi k tatah saal ki ladki se rape nehi karta hai chutia sala abu jahl k najayaj aulade,0,92,['chutia'],1,5,1
tabhi tou kal daikhay gay baap kaun hai aur haan kal match haarnay k baad india mai rape cases zada ho jaye gay,0,111,[],0,0,0
bhai pakistaniyon dushmani toh nahi hume haan terrorism ko jo sponsor karte hai unse hai,0,88,[],0,0,0
ham he jeetinge tum log apni army ko khana do awam ko toilets do or apni ladies ko protection do from rape ja kar pishab pee lo faida ho ga,0,139,[],0,0,0
haha cat must have been like chodokaun uthega murder karega sote hai usse acha,0,78,[],0,0,0
achha chorain na aap jeetain or achy dr se dimagh ka elag karwain ager hum terrorism karny waly hain tu kashmir mai tum kia kr rhy ho,0,133,[],0,0,0
bhai army to donoun taraf ki hi lagi hoe hai hum log aapas main nafrat ko pata nahi kyun parwaan charha rhe hain,1,112,[],0,0,0
kashmir me itny log shaheed karty ho woh terrorism act ni jahil rishi kapoor khoty kabhi school be chala jata,1,109,[],0,0,0
yar ap rape to pehle band karo os ky bad baat karna,1,51,[],0,0,0
bhai mohabbat ki zubaan seekho nafrat kuch nhi degi siwae jang aur larai k,1,74,[],0,0,0
thoda murder dacoit ransom loot paat inka bhi graph dikhayie,0,60,[],0,0,0
thori c sharam b nae ha kon kar raa ha terrorism ultaa chor kotowaal ko dantay,1,78,[],0,0,0
itne sidhe hote to baat hi kucch or hoti pata nahi kyun terrorism ko panah deke baithe hai,1,90,[],0,0,0
terrorism factory bandh kar de bhai aur kuch karna nahi padega,0,62,[],0,0,0
yadi hum shuru hua na to hamare har tweet par tere aankh or kaan dono se khoon bahne lagega,0,91,[],0,0,0
inko sirf ye pata hai ki rape kia hota hai,0,42,[],0,0,0
terrorism ka matlab bhee pata hai aap ka pita modi nay aps m bacho ko mara gujrat or kashmir ya kia hai shoib malik ka salo,1,123,[],0,0,0
lakh jo indian kutay kashmir main logoon ko kaat rahey hain wo wapis bulwa terrorism khud khatam ho jaey gi,0,107,['kaat'],1,3,0
chapoor sahab hum terrorists nh hain or nahy kisi ko taqlif pohchate hain hum local log hain or rhi bat terrorism ki toh ap achy se jante ho,0,140,[],0,0,0
to aap ke isare par aap ke mla sandeep ne rape kiya hogaek minister ne wife ko torcher kiya hoga aur nakli degree bhi,0,117,[],0,0,0
baat usse hoti jo shabdo ki bhasha samjhe abhi to kahte the kashmir ki azadi ke liye jab poll khul gayi ki ye to terrorism hai mm bhi,0,133,[],0,0,0
indian terrorist bhai hum mars aur moon pe jane wale log hai terrorism k liye tym nahi hai humare paas wo tumhe hi suit krta hai tum karo,0,137,[],0,0,0
kya bol saktey hain ab men are trash bs ik pathr pe lakeer lagadobhai hum bi men hain humne to rape jokes ni kiye na ni bhai men are trash,1,138,[],0,0,0
crime petrol ka epi nhi dekha sal se ghar mai kam karte hue maid ne apne hi malik ka murder kiya kisi pr bhrosha ni karna chahiye,0,129,[],0,0,0
yup ind ka volume b bara hai,0,28,[],0,0,0
ind ki population b zyda hai,0,28,[],0,0,0
ind ki poverty b zyada hai,0,26,[],0,0,0
ind me women rape ki ratio b zyada hai,0,38,[],0,0,0
truth hai yar,1,13,[],0,0,0
inki ragon mai wahii khoon hai jo aatankion ki mai hai jab opposition m hoti h to khud b gun uthaane ki baat krti,0,113,[],0,0,0
rape say paida honay walo pehlay decide to kar ap logon ka asal baap kon hai jo paida hota hai ilzam pakistan pay ilzam laga detay ho,1,133,[],0,0,0
well said bas tum log bhi gadhon ka rape karna band kar do pictwittercomhedxpmenun,1,82,[],0,0,0
are toh rishi kapoor se badla lo pure india ko thodi represent karta hai wo keep an open mind hate se milta kuch nhi,0,116,[],0,0,0
alarm ki tune laga looaik haftay may nafrat hoo jayay gi,0,56,[],0,0,0
bhai aapko salam karta hu aap sirf match ka baat kariye kashmir aur terrorism mai nahi karta,0,92,[],0,0,0
izat tumhari bhot pahle loot gyi hai,0,36,[],0,0,0
to terrorism khtm kro,0,21,[],0,0,0
kashmir pe jo indian army jo zulm kar rahi usko kia kahtay hain,1,63,[],0,0,0
wale log jante hai par atankwadiyo nafrat failane walo ke liye meri yehi language rahegi,0,88,[],0,0,0
tum kaun hotay humay terrorism ka kehne walay apne agent ko maannay se inkaar krdiya hai tmne aur humay baatain sunatay ho,0,122,[],0,0,0
pyar samarthan kar raha tu nafrat ka aur baat pyar ki baat kr raha hai aur gou mutr pe mirch lagi apna tweet pehle dekhlo kya kya bole ho,0,137,[],0,0,0
i hate this ngalusa mina nonsense inobuphuma silwe phakathi nje,1,63,[],0,0,0
aise hi meeting attend karte raho train mein rape hota rahe ga tum napunsak ki tarah baith kar dekhte raho,1,106,[],0,0,0
raveesh ji u r right,0,20,[],0,0,0
ap raw ko apny mulk le jaen pak mai terrorism khud ba khud khtm hojaegi,0,71,[],0,0,0
sir g samajhdar aadami wo hi h jo doobti nav ko chod de kaha congress me aaye filmo me rape karo paisa kamao,0,108,['chod'],1,7,1
sir g samajhdar aadami wo hi h jo doobti nav ko chod de kaha congress me aaye filmo me kya rape karo,0,100,['chod'],1,7,1
english nhi aati utni bakchodo ka khoon ho jata udhar,0,53,[],0,0,0
naam mein terror likha hai tu kaun se dharam ki paidaish hain pata chalta hai,0,77,[],0,0,0
gau raksha ke naam pe murder to suna tha per swacha bharat ke naam pe rajesthan me ek muslim ko government ke logo ne jaan se mardiya wah,0,137,[],0,0,0
lo bhai kar diya proof pk ka bhoda khol diya,0,44,[],0,0,0
ye tu sab ko pata hai rishi g kon terrorism karta haitum log,0,60,[],0,0,0
agar gad me dam hai to kabhi indrajit tanti ka murder ke inquiery ka demand kar,0,79,[],0,0,0
sahee bolay ho kal pakistani ka rape hoga,0,41,[],0,0,0
bal thakray muslims k against jo kar rahay usko kia bolain ge,1,61,[],0,0,0
dhyan se dekhiye iss bande ko ye meme photoshops aur draft ready karne me busy hai isliye abhi teeet nahi kar raha,0,114,[],0,0,0
terrorism kon karta hay kashmir may abhi tak lakh logu ko kiss nay mara chotay chotay bachu par pellet kis nay chalayay,0,119,[],0,0,0
jo sochega logic ke sath ki usko hate krta hu means yes i do,0,60,[],0,0,0
apki baaton se nhi lagraha bhai aur mein kiun apko deshdrohi bolunga bas ab abhijeet jaise nafrat failane wale agent ke samarthan mein aaye,1,139,[],0,0,0
yr tum negative soch rakte ho kabhi terrorism ko beech may laate ho toh kabhi gaaliyoo se apni auqaat dekhate ho pyar se rehna seeko,1,132,[],0,0,0
paisa ki randi agar kashmir teri choot mein ghusa du to phat jayegi aur khoon niklega choot se,0,94,"['randi', 'choot', 'choot']",1,24,1
yesaur jo hate use mili wo usne khud hi bulaayi thi bayaan de kar,0,65,[],0,0,0
father of terror ki mehmannawaji jail men na karen enko jannat pahunchayen jitna vilamb karenge desh ka kharch danga bojh badhta jayega,0,135,[],0,0,0
pakistan me jaada rape hote hai india se wikipedia banned to nhi hai khol ke padh le,0,84,[],0,0,0
teri behn ki chut me se khoon kisne nikala puxh teri kinnar maa apni gaand me apne rate likhti hai,0,98,"['chut', 'gaand']",1,17,1
teri ek hi prb hai bhaitu har baar aise hi baate karta haitera rape nai hua ki tu itna dukhi ho gaya haikesi halki baate kar raha tu,0,132,[],0,0,0
but usse samajhna chahiye bashing uske liye nhi ragini ke liye hai,0,66,[],0,0,0
toilets tm log banwa ni sakte,1,29,[],0,0,0
rape tm log rukwa ni sakte,1,26,[],0,0,0
aur phir mun utha kar ah jate ho twitter par,1,44,[],0,0,0
news mai dekhte nahi in chakro makn khoon hojate,1,48,[],0,0,0
tere jaise kuch jihadio ke wajah se yanha rape hote hai,0,55,[],0,0,0
teri bhan dudh dindi salyaa sanu dede rape karn lyi apni bhan,0,61,[],0,0,0
ager yehi bat hai to hum har jayen gay bas har larki ka rape karna banda kar do humain haar mazoor hai,1,102,['banda'],1,7,1
pakistan ka ahsan hai indian par tumhain khairat main jeet dete hain hum or terrorism ka sab se bada supporter khud india hai,0,125,[],0,0,0
at least kisi ko female hone ka taana nahi marte aur wese rape k leay tou no hai he,0,83,[],0,0,0
bahu betio ki rape aur hatya bhi record tor ho raha hai is per aap ka dhyan hai sach batana,0,91,[],0,0,0
ham to un ko b yaad rakhte hain jo humry nam se bhi nafrat krty hain,0,68,[],0,0,0
sab se jayda nafrat mujhe us bell se h abhi se chipak rahi thi man hua uska murder kar do,0,89,[],0,0,0
arye waha kuttey k sath shadi karne wale aisi batein karte hain or medical ki student k sath logon ne rape kiya tumery india main woh,0,133,[],0,0,0
bhaiya terrorism aplogon ne mchai hui ha kashmir me ar ap jse senior artists such chpakr ye comments kren sharm ki bat ha,0,121,[],0,0,0
tujhe kya pata ki mere dil mein,0,31,[],0,0,0
humara soldiers ka,0,18,[],0,0,0
agar aap thodi si bhi padhi likhi ho toh google karo rape statistics wiki me jao aur dekho rape ration kiska kitna jyada hain fir baat karna,0,140,[],0,0,0
and and andkashmir main tumhari kutti army jo kashmiriyo k sth,0,62,['kutti'],1,2,0
woo terrorism nahi kyabina toilet people,0,40,[],0,0,0
phir ais region mein log insaan ban kar jee sakaain gay,0,55,[],0,0,0
bandh karo arambh ko promote karnais arambh ki wajeh se klkah end hogaya itni jaldihate u star pluskaleje me thandak padgayi star plus ko,1,137,[],0,0,0
hum to khud terrorism se effected han aur is ke khilaf larh rahe hanmager aap logon ko nahi nazer ata ke mudi sarkar kiya kar rahi hae,1,134,[],0,0,0
arey sirji agar ye logon ko kashmir bhi deh dona phir bhi unka terrorism khatam nahi hogawoh baat alag hai ki kashmir unke haath nai ayega,1,138,[],0,0,0
pakistan me aap ko bohut log chahte hain aap artist ho kiyun image kharab karte hain terrorism hum nahi karte aap ke han se karaya jata hae,0,139,[],0,0,0
pakistani khoon me hi locha hai,0,31,[],0,0,0
raw kabhi v pak mein terrorism spread nahi karta haipak hi jimedar hai yeh sab keliyetumhare bachr marte hai phir v tum sudharte nahi ho,1,136,[],0,0,0
mumbai blasts jinhone kiye wo ya to jail m h ya faraar hai par jin logo ne dange karwaye unhe tum jaiso ne vote dekar assembly bheja,1,132,[],0,0,0
bête dheeraj kyun apna rape karwana chahte ho twitter pepuch beta jaao peppa pig dekho,0,86,[],0,0,0
ham rape sirf pakistan ka karte h katto aur tumko hamse hi karwane me maja aata h bhikhario ko karaya fir aagaye chudwane bhikhari,0,130,[],0,0,0
you are too prosiac as well grammar nazi baat karni mujhe mushkil kabhi aisi toh na thi,1,87,[],0,0,0
tum log jeeto aur jaetaty raho sirf kashmir main terrorism band kar do yaar mujhy cricket main haar manzoor hay we want freedom,0,127,[],0,0,0
ek aur gao mutar pee kar apni maa aur behen ka rape karnay wala blocked,0,71,[],0,0,0
jai ko likha kisine khoon se ek love letter kya hai is teesri premika ka naam twittercomyyezlkvh,0,96,[],0,0,0
pakistan ko ghus kar maro ek baar full and final kar do kab tak sainik khoon bhayega,0,84,[],0,0,0
ladkiyun ko rape kar k samjhty hain barry mard hain humborder pe tu any k himat ni hai in hindus ki aur batein dekho,0,116,[],0,0,0
gajar mein vitamin c hoty hain jis sey aakhon ki roshni bharti hai aur khoon blood saaf hota hai,0,96,[],0,0,0
azaadi k bad bhi kuch esa kro pakhate felane se to abdus salam nhi bnte,0,71,[],0,0,0
tumhara main mu na tor dun budhey terrorism hum nahin karty sari ki sari haramkhoriiii tum login ki hoti hai or name pak ka khrak hotaa,0,135,[],0,0,0
mujhe se baat na kare koi bhi kashmir par terrorism par main jahan bhi hoti hu wahan aman ki bat karti meri tweets se koi problem hn toh,0,136,[],0,0,0
rape karte waqt words ki chinta karni thi,1,41,[],0,0,0
acha gee sehwag ka dad tu waseem akram haiapp sary indian rape se paida hoty ho,0,79,[],0,0,0
dohara chera i m shocked plus jaha hate hai ac lagate hai aur jate hi ac hata liya jata hai,0,91,[],0,0,0
abe kutte modi ko to teen sal huye hai sal tak teri ma ke yar kishano ka khoon pikar unko anemic kar diya chosne ko bacha kya hai,1,129,['kutte'],1,2,0
agar dekha jaye to terrorism ap k hukamran he phelate hai,0,57,[],0,0,0
agreeeddddd mahesh midha hatred vesina block cheyadhu mali reply isthe reply isthundi,0,85,[],0,0,0
beef se jisko nafrat h pahle apne gharon se leather k belt aur shoes nikaal kr jala de,1,86,[],0,0,0
kashmir main tum log jo kar rahe ho wo terrorism ni hai jahil insan,0,67,[],0,0,0
love with dogs and hate with cowpolitical animal loverye wahi log h jo subah kutte ki rassi pakad ke cow ka milk dhundhne jate hai,0,130,['kutte'],1,2,0
aur ap log hi hamare mulk main terrorism karwate ho aur is bar to hum ne ap ka kalphoshan yadav pakar bhi lya hai,0,113,[],0,0,0
o jahil terrorism tum log phela rahy ho kashmir mein jo kartoot kar rhay ho wo kya hai,0,86,[],0,0,0
aap army ko kana dolarhkiyon ka rape band karo or sub say aham baat toilet bana wo,0,82,[],0,0,0
modiji ji andhakanun badlosal purana abi cc camera ka zamana h deshko surakshit banaorape bhrastachari band karo pictwittercomkbmkuifmni,1,136,[],0,0,0
i hate yahya jammeh sa chapi mamitimam,1,38,[],0,0,0
ranbir ko hate mat kar baaki sabko kar,0,38,[],0,0,0
tum na he miltae tou accha tha jahaan,0,37,[],0,0,0
thats is good way i think in pmln walon ko ab adalaton se hi chitr parne awam toh pehle nafrat kerti hai in se,0,110,[],0,0,0
mulla mulayam bola rape ho jate hai sahi kaha uske launde ne hi uska samuhik balatkar kar diya,0,94,[],0,0,0
sada vaar kertay ho taigh e jafa ka,0,35,[],0,0,0
bahatay ho tum khoon ahl e wafa ka,0,34,[],0,0,0
baa shahoor or baa zameer logon ke sath dosti ka rishta khoon ke rishton sy kahin ziada gehra hota hai by m gull jattoi,0,119,[],0,0,0
hate zyada ya pyar jyada,0,24,[],0,0,0
ik wo larki hey jis ka pehlay villain rape kerta hey phir police wala phir judge aur phir us ka business chal parta hey,1,119,[],0,0,0
i hate washing dishes umuntu akathole ingane khona izokhula kube iyona ewasha izitsha,1,85,[],0,0,0
dil bara hojaye toh khoon bhi chaiye hota hai guys aur dil main basne walay khoon pi jaatay hain tbh,0,100,[],0,0,0
i hate the whole picture aapko gap ki padi hain waise gaur karne wala baat hain,1,79,[],0,0,0
agjdhdhdidh i hate karlie gender so much,1,40,[],0,0,0
sir in separatist leaders nay aaj tak sirf aur sirf nafrat failayee hai jis wajahsay kashmiri awaam taraqee nahee kar payee,1,123,[],0,0,0
yeh achcha nahi kiya yaar aapne i hate you,1,42,[],0,0,0
roye nhi srkians raees ki reports bhi acchi hi hongizaroorboth will work dekhnahmlog hatred faila rhe h,0,103,[],0,0,0
kya din aa gaye court bhi ab murder and all ko just galti ho gayi aise manata he hinsa ab aam ho gayi he iss desh me,0,116,[],0,0,0
angreyz chalay gaye lekin pizza over biryani biryani is overrated yaar hate biryani bolnay walay keeray chorr gaye,1,114,[],0,0,0
hatred toh aap log failate hain sir jawan complain kar raha adhikariyon se aur aap ise sarkar se jod diye,0,105,[],0,0,0
tumhari cong hoti tou italy k rishtedar ammer ho hate yahan sage bhai bhi nahi corruption kahan,0,95,[],0,0,0
ek chij to h bhaitu h bilkul chutyau dnt hav a stand bhai jat ka khoon h tere andr or jat jha hota h vhi hota h bikta ni,1,120,[],0,0,0
kuch v kahlo kuch v sunlonota kar do par cong ko vote mat do sal may bharat ma ka itna rape kiya ab nehi,1,104,[],0,0,0
chal be kis garib ka khoon hai modi per supreme court ne bhi nahi maana,0,71,[],0,0,0
mona koghar se nikaalo wo bahut boring hai kuch karti nhi bs jb dekho camera ke aage roti rahti hai i hate u,0,108,[],0,0,0
aab aur hava desh ki bahut saaf hai,0,35,[],0,0,0
agr suprim cort insaf nahi krti to insaf ka or supreme cort ka khoon hoga or koie bhi cort pr yakin nahi karega,0,111,[],0,0,0
india m kya hota h orat zaat ke sath har community m orat rape hotti h siraf muslims m nahikiyo nahi aap is issue ko othate,0,123,[],0,0,0
congress ke nakshe kadam par chal rahi about bjp jo karyakarta saalo se apana khoon pasina party ko de rahe hai wo bewakoof hai,1,127,[],0,0,0
apne baremai sochahamare army ko khaneko nehi lekin undar ghush ke surgical strike kiagidhad bhaki deke chup rahai khoon pinewale,1,129,['chup'],1,1,0
terrorism aur traitors ko support karkay aap jaisay loge to saaray bharat ko hi khatam karna chahtay hain,1,105,[],0,0,0
nafrat hoti hai un mailey larkoun se jo insta pe apne naam ke aage official lagatey hain,1,88,[],0,0,0
lagta hai andhi banibhakti aur lopa hate ne aap ki samaz par parda daal diya hai tabi sab lopa fans lagte hai,0,109,[],0,0,0
chaplosi ki bhi had honi chahiye zameer tak bikay huay hain bikao log just hate her,1,83,[],0,0,0
youre love kaun gadha hate karta tujhe,0,38,['gadha'],1,1,0
plz ask modi ji punjab election aa gaye hain ek pose bhagat singh k phansi par latakne wala bhi de dalein,0,105,[],0,0,0
hota to usko iska khoon karne k liye hire kar leti,0,50,[],0,0,0
shukar h parindon ko nhi pata ki unka mazhab aur sarhadein kyaa h,0,65,[],0,0,0
charsi ke khoon mein itni power hoti hai ke,0,43,[],0,0,0
jis srk ko pura world pyar karta use koi hate karke kya kar lenga srk world main india ki pride hai i am srk biggest fan,0,120,[],0,0,0
har chehare se naakab hate taalak ka ho system band,0,51,[],0,0,0
gaali is good for health,0,24,[],0,0,0
bhai khoon congress waalo ka hath mei nahi riots ke sidhu ne jinse haath milaya hai,0,83,[],0,0,0
aapka desh prem aur uske bare me aapke prayas ko salaam baki to esa lagta he politicians aur anya media me to khoon paani hogaya,1,128,[],0,0,0
wifaqulmadaris pakistan k saddar aur sheikhul hadees molana saleemullah khan inteqal kar gaye patel hospital me zereelaaj,0,121,[],0,0,0
hitler mussolini apne bap ki vajah se brand nahi bane they jase too bana hai,1,76,[],0,0,0
matlab agar ladki cheekhe nahin to uska rape karne legal hoga waah great logic,1,78,[],0,0,0
bhai sahab pura ka pura khoon nikal lena aam janta ka kuchh nahi chhodna diesel aur petrol ke bhav rs kar do,1,108,[],0,0,0
pahele crush hua fir hate hua,1,29,[],0,0,0
haha naku rohit midha hatred ravadaniki cide karanam,0,52,[],0,0,0
kyu ki fir se rape kre,0,22,[],0,0,0
i hate it yaar,1,14,[],0,0,0
salman ispe kyu nahi bola lopake liye to har baar protactive ho jata hai hate him luv baani,0,91,[],0,0,0
dont get angry agar modi bhakts ka ghar chalta hai by spreading hatredthen let it be gareebo ka bhala hone do,0,109,[],0,0,0
dhawan ka khoon karna hai mujhe u have the address,1,50,[],0,0,0
laashon ka khoon dhul jaye ga dil ko sakoon nai aye ga phir,0,59,[],0,0,0
yaar ab khujliwal k muffler ko dekh mujhe muffler s nafrat ho gyi hai,1,69,[],0,0,0
pata nahi kyon m naam walo ko bharat se aur hinduismse itni nafrat kyon haifor chahe wo mamata ho ya media ya,1,109,[],0,0,0
molvi shb tv per fashion show dekh rhy thy,0,42,[],0,0,0
itna hate kyu karte ho mujhe,0,28,[],0,0,0
hshatgaird koi bhi ho dashatgard hi hota hay talban pakistan talban international kuch nahi sub dashatgard hi hain sub ko phansi do,1,131,[],0,0,0
aap srk k fan nai hooska naam q harab kr rahe howoh world ma pyar banta hai or aap nafrat ki baat karty hobakwas na kr,0,118,[],0,0,0
but tab bhi i hate him,1,22,[],0,0,0
sir ladki pe koi rape kare to bhi baap ki izzat jati he aur ladki apani marji se kisi ke sath rakhe to bhi baapki izzat jatihe,1,126,[],0,0,0
seri pull par truck ka hadsaa,0,29,[],0,0,0
babua wo padhega likhega ya koi aur skilldevelop karega like is machine ko chalane ka,0,85,[],0,0,0
runs more i swear khoon hojayega mujhse kisika agar runs nhi bana paye toh,0,74,[],0,0,0
tumhe bhi pata hai kya hua tha aur kyo hua tha and jaanlewa humla culpable homicide not amounting to murder ke liye bail asan nahi,1,130,[],0,0,0
gware pep aka thulwa ke koloi i hate him,1,40,[],0,0,0
saudi nawaz govt ne ai subha shia jawanon ko phansi dydi mulk bhr me ehtejaj shehr bund shahrahen bund alay saud k k khelaf nary,0,128,[],0,0,0
app kaisay aik lunatic ko justify kar saktay hain jo qomyatoon ka naam par khoon ki holi khailta ho,0,99,[],0,0,0
doctor ne pthaan se khaap ka or ap ki biwi ka blood group aik hi hai,0,68,[],0,0,0
hai dil ye mera video song _ arijit singh _ hate story _ jay bhanushali pictwittercomzbrfmoiue,0,94,[],0,0,0
agar tujhe islam or muslims se itni nafrat hai to phir tu hindu kyoun nahi ban jata jaahil insaanu retarded shit,1,112,[],0,0,0
arze pak markaz hai qom ki umeedon ka,0,37,[],0,0,0
aamirkhan ki movie dekhne sab jaate hai kyun ki aamirians sabse dhumshani nahi karte aur naahi aamir ke liye haters aur hate nahi badhaate,0,138,[],0,0,0
zmaney mein sirf ek hi khaami hai aur wo hai ishq kernay walon sey nafrat kerna,1,79,[],0,0,0
modi ji ka khaadi pe phototumne gandhi ji ko hata diya blah blah,1,64,[],0,0,0
dil to tab rota ha jab hum khud ko koh k b kisi ko nai paa sakte,1,64,[],0,0,0
aap ko koi hate nahi karta manveer ji,0,37,[],0,0,0
gawah thaycharoon nay rape kar diya,1,35,[],0,0,0
bahut hi weird jiju hai merehaan p,0,34,[],0,0,0
koi chocolate kese hate kr skta hai,0,35,[],0,0,0
so tune chocolate khana tyaag diya,0,34,[],0,0,0
i hate sujata i cannot believe she is sujata,1,44,[],0,0,0
is ko sareaam phansi do phir lag pata jai ga is ki hero giri sab nikal jai gi or jo aise hero banna chahte hai un ki bhi,0,120,[],0,0,0
jab hitler bhi calender bana ke na bach paaya to ye feku kya chiz hai bas suspense ye hai iska end kaisa honga pictwittercomavnqfghd,0,132,[],0,0,0
girls hoti hai aesi kya,0,23,[],0,0,0
jiske baap ne sikhs ka mass murder karwaya usi ke saamne pagadi jhhuka di shame,1,79,[],0,0,0
ho jate i hate aamir,1,20,[],0,0,0
pasand nahi hai toh uss topic mai maat jao na,0,45,[],0,0,0
why hatred isse lopa ka kuch nahi hoga,0,38,[],0,0,0
maine kab kaha k ghaib kerna theek hai meri konsi tweet main ye likha hai sareeaam phansi do jo bakwas kare,1,107,[],0,0,0
bumrah ka rape ho rha hai _,0,27,[],0,0,0
hilter bhai same wale din me des me bahut hitler peda hoga dekhna tum phir tumhari brand name jokham me aajayegi,0,112,[],0,0,0
yes hope surbhi char itni jaldi neg na ho i hate neg char,1,57,[],0,0,0
yaar kuch mil jaata hai tweet karnay ko please dont hate,0,56,[],0,0,0
wai sadenli yu hate mi ameera,0,29,[],0,0,0
aaj se j ko hate karna suru,1,27,[],0,0,0
prostitute k pass bhi jaane k baad hawas poori na hoti toh rape pe aa jate haihawas ki hadh hai bhai,1,100,[],0,0,0
i hate youuuuuuu haramzade meri unkahiii baat kya be jo keh rahiii hun vo sun himmat nhi hai na tujhme sach sunne ki thuuuuu,1,124,[],0,0,0
par mai real ke chakker me kisi ka rape ya khoon nahi kar sakta,0,63,[],0,0,0
i dont talk with hate preachers because hamara kaam to mohabbat banta hai jahan nafrat ki jagah nahi hai,1,104,[],0,0,0
she is very cunning personapne bhasan se ghar walon ko fasa liyabani se bahut jyada bura isne bola thai hate u,1,110,[],0,0,0
rape ke mamale me logo ko hi kuchh karna he,1,43,[],0,0,0
roz news me aane se ye prison me jane ya candle march karne se rape nhi band hoga,1,81,[],0,0,0
jab court saza deti hai to humen right wale aate hai bachane ye hai insan aise rape nhi band hone wale,1,102,[],0,0,0
kami hamare andar khud hai jab rape hota hai to candle march karte hai,1,70,[],0,0,0
bani is made to hate meri maa ko bola sab ayo help kro another case bani tumhari maa ko bola main kya kru,1,105,[],0,0,0
,0,0,[],0,0,0
abey haramjade tujhee kuch maloom nahi waha rape kar rahi thi tumhari fauj aur attack tumne kiya hamane jawab diya,1,114,[],0,0,0
hate yaar hate as much as you par ek baat yaad rakho pehle apni ko unke jaisa kr do firrr bolneke ke layak ho fuck off ratherpictwittercompiglvyp,1,145,[],0,0,0
kah kah kah kah haters gonna hate hate hate hate,0,48,[],0,0,0
shaik saheb owaisi musalmano ko sirf vote ke liye istemal karta hai election ke baad atm vatm sab bhook hate hai,0,112,[],0,0,0
modi ko hate kar k kitab bechne ka dhandha kaisa chal raha hai,0,62,[],0,0,0
naqab pr bolne se pahle un logo pr bolye jo rape krte h chher chhar krte or jis din duniya ke mrd sudhar jynge insallah nakab khud ht jyega,1,139,[],0,0,0
i hate gandhi,1,13,[],0,0,0
omg aaj thoda jyada senti ho rahi hun i hate you,0,48,[],0,0,0
yes kya hindu sanskriti iit m rape kerne ke khti thee,0,53,[],0,0,0
i hate baekhyun,1,15,[],0,0,0
oh shit i hate ruqee,1,20,[],0,0,0
retired fauji ne patni ki pitaai karne ke baad bistar se baandha naukar ne kiya rape,0,84,[],0,0,0
tiris ka hate pictwittercomjtweqbprgw,0,37,[],0,0,0
me sach bolti hu maano we hate winters d,1,40,[],0,0,0
i hate sarrdi,1,13,[],0,0,0
mast pose haipar is pose mai rape nahi hota balike par photo shop acha hai,0,74,[],0,0,0
wo akdu hai i hate her usne ek tweet bhi nahi kiya dangal ke liye itni insecure hai jabki aamir ne kiya tha sultan ke liye,1,122,[],0,0,0
captain ko koi kuch bolega tho uska rape hoga wo bhi insane rape,1,64,[],0,0,0
i hate formalities bhai tum bhi insan ho main bhi,1,49,[],0,0,0
now i hate rohanrohan aur lopa finale mai na ho assa hai,1,56,[],0,0,0
okay use bata dena ki i hate salluu,1,35,[],0,0,0
inhone na uska aad kra na koi promo aaya i hate sony tv pta nhi kya tha mind main,1,81,[],0,0,0
i hate sony manhus channel main to dekhti hi nhi thi bus edkv ke liye dekha tha,1,79,[],0,0,0
toh saudi arab mai qu rape incidents hote rehte hein udhar bhi mariya law hai,0,77,[],0,0,0
pehke wale srk hote toh abtak inki maiya ka rape ho chuka hota aajkal bahoot simple hogayein hain,1,97,[],0,0,0
i hate bani public kyun usse vote karti he pata nehi koi quality nehi haimujhe lagata aap log bani jaise ho,1,107,[],0,0,0
ab rohan ko hate karnai wale ko ab jelous hoo raha hai and ab muh band hoogaya,0,78,[],0,0,0
chugli khor aunty ko kisne vote kiya i hate umanu auntyye kaise ho sakta haitop pr isne aisa kya acha kam kiya haichuglikhor aunty,1,130,[],0,0,0
yaar main bhi use hate karti hun par gaaliyan dena to uske ghatya fans ka kaam hai please please lopa ke liye gali no,0,117,[],0,0,0
joint protest in raipur at call of chhattisgarh sanyukt nagrik sangharsh samiti against rape murder of yr old dalit girl in masturi pictwittercomdgdvaext,0,153,[],0,0,0
ajukan hate speech,0,18,[],0,0,0
huddai feeling jokhn mobile hate thake,0,38,[],0,0,0
bani ke sath glt huwa jab ki lota ne itna kuch glt bola bt salman ne use kuch kaha hi nhi fake lota i hate u,1,108,[],0,0,0
agar hindustan me rape ki saza jo islam me hesaza e maurice to muluk me rape nahi ho sakta he,1,93,[],0,0,0
salman toh always lopa ki side leta hai hate him lopa ne om priyanka n bani ke sath kush kamm nahi kiya,0,103,[],0,0,0
kisi mullah nein india mein rape nahi ye khasiyat jnaab sirf ap hi mein mojood hai islam aurat ko respect daita ha,0,114,[],0,0,0
hahah chutiya tingutarddekh le tingu ka rape ho gaya,0,52,['chutiya'],1,5,1
yadi mhilayen burke main safe hai to unke apne hi sage unke sath rape ku karte hain,0,83,[],0,0,0
dai thambi un moonjiya partha kilaviya rape pannitu i am waiting sollura mathri thriyuthu da,0,92,[],0,0,0
aur yay trend k dosron ko batana bhi hay kitnay ka hayi so hate all this,1,72,[],0,0,0
aur bhai ka to khada hi nhi hota to rape kya krega poster nhi chhed lekr ghum ra h,0,82,[],0,0,0
game mein bhi barish hate barish,1,32,[],0,0,0
allah ne logoko brain name ki cheez hi nahi diyavai agr kisiko hate karna he to puri shiddhat se karo nakhudse jada unka news rakteho,1,133,[],0,0,0
to aaj se i hate mitha,1,22,[],0,0,0
rahil sarif unhe bhi business terrorism shikhayega,0,50,[],0,0,0
archives amit shahs hate speech in shamli western uttar pradesh,0,63,[],0,0,0
see public pagal ho gai bhukha mar dete hai bomb daltr hai gharope ladkiyo ka rape karte hai,1,92,[],0,0,0
hai i hate all of them,1,22,[],0,0,0
dhila pappu rape dekhrahahogarape karnahin saktarapeka maja liyahogasayad dhilaka bahat chahnewalonko khus karneko ye rapeki,0,124,[],0,0,0
i jst hate dis flopa victim ki tarah behave kar rahi heaur khud ko bada bata rahi h ghatiya aurat bani is bestest d best,1,120,[],0,0,0
abe unke hate se problem hai mujhe,0,34,[],0,0,0
acha bhai ye to batao hindus ki kya galti hai isme aur itni hate hindus se,0,74,[],0,0,0
rape to fan aur dz ka hua hai,0,29,[],0,0,0
knsa terrorism agr yeh baat ha phir toh sabse zyada hum log hain is cheez ka shikaar,1,84,[],0,0,0
konje ke ya daar ko jozi yeses i hate the city,1,46,[],0,0,0
mat bol bhai vaani ko rape kar dega,0,35,[],0,0,0
umubi futhi uyaphapha hate those,1,32,[],0,0,0
namo ji betiyon ko rape se bachaorapist ko sajaye maut kya hoga aap ke raaj me,1,78,[],0,0,0
subhash chandra bose ji bhagat singh ji azad ji real krantikari the gandhi was cunning selfish politician i hate gandhi,1,119,[],0,0,0
tum na izzat jeet payi na dil or na trophy jitni bhi izzat bachi thi woh bhi kho baithi hate u,1,94,[],0,0,0
i hate thand,1,12,[],0,0,0
islamic terrorism ka jad janna chahte hai quran padhiye jan jay ge quran hi jad hai padhiye hindi me uplabdh hai,0,112,[],0,0,0
i hate you both mujhay khuch samajh nahe araha,1,46,[],0,0,0
to reply kare jaldi se mein nahi dekh sakta ki salman bhai se aise koi aise bat kare i hate bani,1,96,[],0,0,0
bhai last wala rape,0,19,[],0,0,0
isiliye baat baat par gali dene par as hate ho,0,46,[],0,0,0
yahan log ek galti k badle sari wafaien bhol hate gain,0,54,[],0,0,0
gandhi se yaad aaya vo gandhi jo ldkiyo k sath sota tha ya vo jo hindu aurato ko bolta tha muslimo se chupchap rape krva lo kadve bol,1,133,[],0,0,0
bhai ye to salman se upr pahuch gyi wat a attitude i hate bani,1,62,[],0,0,0
i hate padhai,1,13,[],0,0,0
wohh gharse dawa nhi maa ki dua leke nikalte hai i hate ajaz bhais haters,1,73,[],0,0,0
i hate it jab koi mere doston se fuzool mein frank hone ki koshish kare,1,71,[],0,0,0
ya to apni beheno ka rape karoge ya shaadi kar ke chodoge par chahiye apni behen he,1,83,[],0,0,0
ye to mentally sick log hai agar gandhi ji hate to ye log desh se hatenge sanki hai sare ye,0,91,[],0,0,0
jai hate lane,0,13,[],0,0,0
bilkull sahi kaha bull dog teri beti b nangi pherti rahti ha kaho uska rape na ho gaye,0,86,[],0,0,0
islea rape hote hai,1,19,[],0,0,0
apni marwaane nahi dusro ki maarne waapas aaya hai yaad hai na min me kaisa rape kiya tha manu ka,0,97,[],0,0,0
hate toh sab se milta rahta hai yaar,0,36,[],0,0,0
insaaf ka tarazu ka rapist khulle aam rape kar raha hai ab to ha ha ha ha,0,73,[],0,0,0
waqt change ho gaya hab asli desh bhakt modi g h kya modi g ne girls ko apne pass letaya or rape kiya,0,101,[],0,0,0
calendar se ganghi hate to problem but sleepper per gandhi se koi prob nahi,1,75,[],0,0,0
tak payah tak payah i hate suprise,1,34,[],0,0,0
gujrat ma musalmano ka qatil e aam aur aurto ka rape kis ny kiya by zakir naik dr zakir naik,0,92,[],0,0,0
gujrat ma musalmano ka qatil e aam aur aurto ka rape kis ny kiya by zakir naik dr zakir naik via,0,96,[],0,0,0
har aan i hate hamrahe aval,0,27,[],0,0,0
i hate this ammi ne zabardasti pilai hai,1,40,[],0,0,0
apni hee sabha ki tasveer dil hate ho,0,37,[],0,0,0
ji jangal ka kanoon to ap ne samaj liya hy molvi hate us k khliaf uchalty phirty ho,0,83,[],0,0,0
bhai tumhari side hi hain hum logwe hate gauhar and bani,0,56,[],0,0,0
koi itna cheap kse hosakta hai shuruwat b khud kary or jab jawab aye to mu chupakar maa ka word ka satiyanas krdy hate bani,0,123,[],0,0,0
achahindu dharma ko bad me dekhna jaohalala rokomasumoka rape hota he is bahane se,1,82,[],0,0,0
chole i hate it but kabi mere liye bi kuch dedicate kia kariye g,1,64,[],0,0,0
kya hate dekha nahi kya rohan was saying both were wrong usne lopa ko apne tarike se samjhaya fir bani ko bola,0,110,[],0,0,0
i hate bani bhut irritating hai,1,31,[],0,0,0
me kitnay bhi khi waalo se mila hu they hate ah and farooq sattar etc,0,69,[],0,0,0
baarish may bheeg gaya i hate rain,1,34,[],0,0,0
i hate banilog kya keh rahe he sun be liya karoyebi task kharab kardiya tune,1,76,[],0,0,0
b a n g a l i r p i t h e p o r o b maa dida ar hate toiri pithe ke kota khale,0,78,[],0,0,0
jaab do log ek dusre se pyaar karte fer mutual separation kaise ho sakte only hate can do that n vohi huya,0,106,[],0,0,0
damn i hate lopa mudra raut iski jaisi ghatia aurat nahi dekhi,1,62,[],0,0,0
yaarume naa hate panna maten nasuriya ku apram my fav thalapathy thaannaa hate panra oore aalu kohli,0,100,[],0,0,0
yaar ye kya chutiyapa hai banda shaadi bhi na kare hate football,1,64,"['chutiyapa', 'banda']",1,15,1
gujrat ma musalmano ka qatil e aam aur aurto ka rape kis ny kiya by zakir naik __dr zakir naik,0,94,[],0,0,0
nothing kaise koi srk ko hate kar sakta hai,0,43,[],0,0,0
ive no problem with haters but hate se zyada apne idol ko pyaar bhi kar liya karo toh accha rahega na,0,101,[],0,0,0
i am from punjab and we hate kejriwal mean my words samana aaye kejriwal jutta maarne mai aaunga,1,96,[],0,0,0
ab khush mujhe lga you hate sachin isliye sab hta diya,0,54,[],0,0,0
bhai ye batao tum ji murthal rape case ki baat kar rahe ho wo rape case mein tum high court se aage hogaye,1,106,[],0,0,0
tum kaisi aurat hosrk ko hate karti ho shame on u,0,49,[],0,0,0
kara hai kari hai ye kia bkwaas hai kyu urdu ka rape kara hua hai tum ny,0,72,[],0,0,0
jagga tera hate karna banta hai tujhe toh sara india hate karta haishame on u,0,77,[],0,0,0
nautanki mera hate is not so kamzor ok tui bhool gayi hogi mujhe,1,64,[],0,0,0
kaun ko yun hate karega jaise hum karte hai,0,43,[],0,0,0
ini hate speech nih pak,0,23,[],0,0,0
but patiwarta k karan unki image kharab hui i hate kalwaa,1,57,[],0,0,0
jinke ghar me laterin na ho unki ladies ke saath yadi rape hota hai to ho aisa law banana chahiye stopped rape,0,110,[],0,0,0
lage hath ye bhi bata dete ki uspe canada me rape ka case hai baap cycle repairer aur iska pratyashi beta wheeler pe chalta,0,123,[],0,0,0
i hate flopa khud ki shakal to itni bekar hai dusro ko boti hai apni sadhi se shakal dekh ja ke mirror mein ghost dikhegi koi,1,125,[],0,0,0
kabhi toh lagta hai bb ghar me jaake k muh sujadooni hate u makeup witch,1,72,[],0,0,0
itna stand un sab bahno ke liye lo jo acid pidit h rape pidit h unka dard samjho,1,80,[],0,0,0
bapu pehle bhi hate they cong ki sarkar me aur ab sirf hathe nahi modi ne bapu ke paze per kabja kar lia,0,104,[],0,0,0
itna stand un sab bahno ke liye lo jo acid pidit h rape pidit h unka dard samjho,1,80,[],0,0,0
itna stand un sab bahno ke liye lo jo acid pidit h rape pidit h unka dard samjho,1,80,[],0,0,0
itna hate leke kahan jayga,0,26,[],0,0,0
agar tum bani ko hate karta ho toh time kyu waste kar rahe ho by posting on bani posts,1,86,[],0,0,0
twittercommifcvmiq,0,18,[],0,0,0
haaye tab to i also hate you duniya me sabse zyaadaab bolo,1,58,[],0,0,0
words for lopa shakal bhi gandi dil bhi ganda sab kuch ganda hate her,0,69,['gandi'],1,3,0
bhanwari devi ka nam yad hai rajsthan ki thi unhone raga pe rape kr arop dala aur dead body mili unki,1,101,[],0,0,0
kaash tm meri hoti bht khush rkhta har nakhra uthata but u hate me ab ap kon,0,76,[],0,0,0
yehi to madrassa chhap soch hai tere or tere abu azmi jaise baapo kiagar ladki ki angootha b dikhe to tumko rape karne ka mauka mil jata h,0,138,[],0,0,0
appne toh rape hi kardiya,0,25,[],0,0,0
ab v to rape band nahi ho raha hai,1,34,[],0,0,0
ufff i hate him so much subah subah dekh liya ab pura dn kharab jaye ga,1,71,[],0,0,0
aapko patha hain aap terrorism ko support kar rahe hain aap iske liyay jail ja sakthay hain agar authorities fc ko patha,0,120,[],0,0,0
why you hate your life zindagi eik haseen tofa hai zindagi ki qadar karo kyun k ye eik baar he milti hai dubara nahi,0,116,[],0,0,0
ko hafeez sawed ki news mil hate hai,0,36,[],0,0,0
i hate lopa tameez hie nahi uski mom ko cancer hai khud ko shamjte kaya bani ko always kuch na kuch bholte hai batmeez girl,1,123,[],0,0,0
yaudah nurut umji aja gausah ke pavo _ pavo hate you so much om jejin pictwittercomrzruizyzle,1,93,[],0,0,0
paisa khaya hoga ya rape case me arrest hua hoga,0,48,[],0,0,0
wajah tum ho hate story,0,23,[],0,0,0
aur ek baar bhi yeh rape wale baat sach hote toh islam itna bada nahi hotayeh ek baat yaad rakhna mere bhai,0,107,[],0,0,0
qalam o kalaam hi k zarye bandooq utai jati hay its called hate speech,0,70,[],0,0,0
sirji mulla rape and killed to dalit girl in bihar kuch to bhonko,1,65,[],0,0,0
kaha gai wo media jo rape jasi ghatnaa ko saalo chalate hai ek fauji ki fariyaad koi kyu nhi sunta hai or keval officer se desh nhi chalega,1,139,[],0,0,0
mujhe restey aur payar ke naam par dokha diya gaya haijhut ke game khela hai logo ne mere saathagar kahety payar ke naam mar jatai hate u,1,137,[],0,0,0
hahahah edhe mu edhe kamt amo durt kush tmi prek ma bojn kuku akull edhe mthojn shpesh qashtu and i hate that haha,0,114,[],0,0,0
kon hate karta hai tumhay dafa karo usay bas,1,44,[],0,0,0
freedom of speech aur hate speech ma farq jaan kr geoislam ka mazaq urana freedom of speech nhi,1,95,[],0,0,0
aapko koi kaise hate kar sakta hai,0,34,[],0,0,0
adhan bro edhuvume muzhusa theriyama chumma hate panradhu,0,57,[],0,0,0
mudinjaa delhi la rape pannavana kandu pudichu oru ara aranjitu vaa paakalaam,0,77,[],0,0,0
bani was bang on jitna apne mujhe hate kitna uuse do guna teen guna india ne mujhe pyaar dia we are here for you i stand by bani,0,128,[],0,0,0
i hate hate hate hate this filthy woman lopamudrakoi bhi angle se lagta nahi india ko representkihai,1,100,[],0,0,0
bhai tu hain kon use hate karne wala,0,36,[],0,0,0
fawad ko koi kesay hate kr skta hai,0,35,[],0,0,0
i love you for this tweet i hate that ridiculous bani ek task to kar nahi pai aaj tak bas ande or tatto k siwa kuch nahi hai,1,124,[],0,0,0
i also hate banibut isse gay lesbian ka kya sambandhcheap commentshumlog kya mars se ate haigay lesbian aur kuch,1,112,[],0,0,0
i hate lopa trend vi banao yar bahut hit hogi i stand by bani,1,61,[],0,0,0
bani j kya tum pase ke liye marti ho aur tume apne papa ke syalrime jitihoooo i reali hate u,1,92,[],0,0,0
ase ghatiya bol bolne walo ko patta nahi ki bharat desh h to masti le rahe hi agar izrail jase desh me hote to zindgi se hate dho bathte,1,136,[],0,0,0
tujhe nahi padhna andhaa bane rehna hai toh na padh even if u hate u must read the opposite side,0,96,[],0,0,0
chal re bhikmange apni aukat anusar batkarkhud bhik mange dusare ko anguli dekhatihaimaine kaha na i hate pakistanisso i block u,1,128,[],0,0,0
pataa he bahut akkians mujhse hate karte h,0,42,[],0,0,0
humayun apne pm se bol ki pehle terrorism khatam kare puriya duniya me gandagi faila ke rakhi hai pakistan ne,1,109,[],0,0,0
kisi ki maa ke bare mein agar bar bar kuch bola hate toh ap shant rahoge,0,72,[],0,0,0
bani mom is mom bani father is father utna hi karo kisiko jab khub pe aaye to jhel sakojst hate her,1,99,[],0,0,0
pure desh ke satth rape ho raha hai,0,35,[],0,0,0
pure desh ke satth rape ho raha hai,0,35,[],0,0,0
desh ke satth rape ho raha hai,0,30,[],0,0,0
i hate those guys jo hostel mai bilawaja hi aa kar room mai baith jaty hain,1,75,[],0,0,0
wo larki jis ne mardo ko rape ki dawat di pir haqeeqat jane je bad cahkra gayi via,0,82,[],0,0,0
sir jaise log rape ko bhi galat nhi mante honge,1,47,[],0,0,0
kahit gaano mopako ka hate lab paren kita,1,41,[],0,0,0
ye paglapanti ki baat karta hai samajlo iska koi na koi neta kanoon ke hate aane wala hai,0,89,[],0,0,0
gasp hate speech garon hate speech,0,34,[],0,0,0
maybe like pyaar krne walay ka rape hojata haizindagi azaab hojati hai,0,70,[],0,0,0
rape pyaar rape se kum nhi hai,0,30,[],0,0,0
kashmiri hindu innocent nahi the kyaunhone kya gunah kiya tha unke sath q rape mass murder huakisne kiyaterrorists kon hain,1,123,[],0,0,0
fucking hate ppp kaam aik anay ka nahi kia aur har cheez ka name benazir bhutto shaheed rakh dia kuttay ka bache,1,112,[],0,0,0
behanchod pehle terrorism to band karlo baar bheek di uske baad bhi harkato se baaz naahi aate,1,94,[],0,0,0
behanchod apni anchor ko bhi nahi jaante p pakistan to hai bura terrorism fela raha hai p or actor ko bheek de dete hai d,0,121,[],0,0,0
are bhai mujhe unfollow karoi hate pakistanis,1,45,[],0,0,0
zaroor agar ko railway se hataya hate toh pictwittercomsgylsxj,1,62,[],0,0,0
hamaare yaha culture terrorism ho raha hai hame kya karna chahiye kya zee news koi sport karega,0,95,[],0,0,0
st army in the world jisko terrorist aur terrorism ki jaroorat padti hai bina iske kaam nahi chalta hai pakistan army ka,0,120,[],0,0,0
hamaare yaha culture terrorism ho raha hai hame kya karna chahiye kya zee news koi sport karega,0,95,[],0,0,0
acha hai dubai me bheth ke hate speech chacha ji ko shaid pata nai ke inteshaar pailaane ki saza kia hai yahan,0,110,[],0,0,0
i hate manu rohan ko priyanka se compare karta hai kuch bhi,1,59,[],0,0,0
pestol dekhaaer rape garn bhaneko jasto pic chh yo ta haitt,0,59,[],0,0,0
itna bhi ro ko hate mat karo yaar,0,33,[],0,0,0
namma culture pathi theriyama rape geepu nammataye pesudhu nadheri,0,66,[],0,0,0
bani ko final tk v nehi jana chahiyei hate baniuss se jyada lopa best haibani ghara ki irritation hai,1,101,[],0,0,0
bhai har baar ignore karte gyr aur ye maa chudate gye ab bahut hua ab inki per day rape hoga,0,92,[],0,0,0
aaj jo tumne kiya hai na manu anty iske baad i hate you,1,55,[],0,0,0
sab hame itna hate kyu karte hainhum toh pyar k bhuke hain,0,58,[],0,0,0
up me dikha raha mp rajasthan jharkhand ke rape aur haryana ke cm ki badjubani ko bhi twitte kariye,0,99,[],0,0,0
aate hai i hate all them,1,24,[],0,0,0
bhai saab aapki logone vote diya hei sarkar chalane modi hate monger club chalane ki liye nahi,0,94,[],0,0,0
mai ye vahiyat foto share bas isliye kar rahi huki ladko ko samaj me aye ki videsho mai ladkiyo ko kitni azadi hwaha rape bi nai hote pictwittercomkuevdvtk,0,155,[],0,0,0
am is manhoos ghari of my lufe yw waqt i hate it,1,48,[],0,0,0
i hate you flopaaaa aaj tumhara such bani layegi sab ke samne,1,61,[],0,0,0
ye khud aisi hai bani ko tbhi bolti hai galat gandi aurat hate her face,1,71,['gandi'],1,3,0
terrorism to tumhara kaam hai humara nahi,0,41,[],0,0,0
par tum logo ki tarah dusre desh jaake rape nahi kartelogo bagte hai pakistan sun ke kaahi bomb na fod de,0,105,[],0,0,0
terrorism to tumhare yaha sheekhte hai woh tum logo ka kaam haior rahi rape ki baat theek hai humare yaha rape hote hai,0,119,[],0,0,0
or waha abhi last rape ki news jo aayi thi or rape ek pakistani ne kiya tha,0,75,[],0,0,0
terrorism tumhara kaam haibaaki rahi rap ki baat sabse zayda rape us mein hote hai,0,82,[],0,0,0
or ek pakistani ye bol raha hai terrorism humare yaha nahi hota,0,63,[],0,0,0
terrorism tumhara kaam hai humara nahi spy to tumhare bhi hai so chill,0,70,[],0,0,0
tabhi toilet or rape ko leke rote rehte ho,0,42,[],0,0,0
jinhe rape me fanshi hui ha unhe fanshi de deni chahiye to samaj me mesage jayega aur female k aganst crim kam hoga,0,115,[],0,0,0
hijri calendar meelaadhee calander hus vandhen raees nasheeds ge macha terrorism ge charge kuriyas dhuni ey gabool nukurei,0,122,[],0,0,0
i hate ie because abhi tak iodine de raha hu aab to sudhar ja par sudharta hi nahi kamine ko iodine ke sath pura,1,112,[],0,0,0
behanchod padai bhi terrorism ki karte ho,0,41,[],0,0,0
aap aise kyu bolti ho koi aapse hate nahi krta bs arjun maya se thoda jyada pyar karte hai,0,90,[],0,0,0
chutiya its so obvious ki agar manveer nominate hota toh ghar ke bahar hota hate manu and manveer is winner for me,1,114,['chutiya'],1,5,1
mimi vd ko kaise pata hoga rape scene dikhayege jab role accept kia tha,0,71,[],0,0,0
bhagwan se kam bhi nahi tum safe un ki wajah se ho nahi to taliban wale rape kar rahe hote aap ka,0,97,[],0,0,0
wah hate speech ini namanya,0,27,[],0,0,0
aaj deepu form me hai i hate u,1,30,[],0,0,0
k hathon rape,0,13,[],0,0,0
i hate it poori kulfi jam gyi hai,1,33,[],0,0,0
kuch log british raj ko acha mante h par wo log jo musalmano ki chamchaguri karte h inki kisi na kisi generation me muslim ne rape kia hoga,1,139,[],0,0,0
ispe koi do rai nahi apne sahi kaha hai in ladieso ke sath aye din gangrape ya rape ho raha ispe koi kara kadam uthana chahiye,0,126,[],0,0,0
tum kyun hate karte ho usko,0,27,[],0,0,0
hai aap bataiye kaise dar na lage media aur ministers ko dehli aur election dikhta hai us rape victim ka dard nahi dikhta,1,121,[],0,0,0
i hate when gadhe behave insaano ki tarah,1,41,[],0,0,0
defend unko karte h jinhone kuch kiya ho ik ik lopa fans hate bani as if inke ghar se ptanhi kitna chura kar gyi h,0,114,[],0,0,0
ye to kuch bhi nhi inki arrested mp tapas pal to opposition ki women ki rape karne ki dhamki bhi dete he,0,104,[],0,0,0
aaj twitter par kuch zyada hi hate tweets hai,0,45,[],0,0,0
are rohit ji kabhi bjp se bhi puchh lo kaha terrorism kam ho gaya sucide kam ho gaye,0,84,[],0,0,0
aisi hi koi baat hinduism ke baray men kare tb wo hate k bajaye aqal ki speech kyun ban jati hai islam doesnt need this,0,119,[],0,0,0
jo desh ka hi rape kiya wo desh ki aatma ki bat karta hai kaun isko likh kar de diya ye lagta hai pk ka likha hua hai,0,117,[],0,0,0
jaipur police is very bad becoz gante bad bhi rape ke aik bhi aaropi pakd me nhi aaya,0,85,[],0,0,0
naahi aata naahi karnaar rt malaa vaatal ti fakt deepika la hate karte,0,70,[],0,0,0
tumhari bharwat geeta mein rape ka hukum diya gaya hai lagta hai isi liye female ko dekhte hi zuban bahar,0,105,[],0,0,0
dekho maryam ko vote ja raha tumhare fans ki taraf sa eman hate maryam,1,70,[],0,0,0
flopa ko bhut rona hoga lik bb tattishausko idea hi nai bahar kitna hate karte h usse,1,85,[],0,0,0
arey mere cafeteria mein bhi milta hai with sambhar hate poha,1,61,[],0,0,0
acha fake dp laga ke modigiri kar rai he i hate modi bhakt duniya ke sabse bevkuf log hote he andhbhakt,0,103,[],0,0,0
mr bull rapistkya hua bulls ne rape kiya,0,40,[],0,0,0
we hate judi bola,1,17,[],0,0,0
agar waqai yeh log hate speech karty thy to phat tu in ko publicly hanged nazar chie hy,0,87,[],0,0,0
lopa jor jor se chekhti hai mar daloongi kaat daloongi tab toh tune kabhi animal word use nahi kiya hate u,1,106,['kaat'],1,3,0
hindustan ka law and order world me kachra hai rape ki case sunwayi hote hote rapist mar jate h isi ka raga bachaw karenge,1,122,[],0,0,0
ainvayi ni kehti m k tu meri sachhii wali dost haiwe hate them yayyyyy,1,70,[],0,0,0
rajasthan mein nabalig ladaki ke sath rape hua hai kripaya uchit karrawai karen,0,79,[],0,0,0
aik tu may is makhee ka rape kar dunga,0,38,[],0,0,0
maa anga gadha kuranyaa thi massala terrorism ah badhalu koh shareeaiy hingaane,0,79,['gadha'],1,1,0
jo vi ho sc st ladkio ka rape karne bahut maza ata hai,0,54,[],0,0,0
dafa ho i hate chai bhool gaye,1,30,[],0,0,0
kuna hate speech yurushwa ati ni walughya sana sana waupatanishwa,0,65,[],0,0,0
bani ke khiladi sapko bhadkati he lopa aur manu dono chugal khor aunty he i hate both khud ladai karvate he naam bani ka,1,120,[],0,0,0
ramoslai rape gareko pani thaha hola ni,0,39,[],0,0,0
jisne seekha hoga bjp se hi seekha hoga neech sanskaar gandi zaban maabehen ka rape tum log,0,91,"['neech', 'gandi']",1,10,1
really kuch bacha hai mazaak udaane ko ya hate k liye smh,0,57,[],0,0,0
nahin pitaah shri bilkul bhi nahi i hate alcohol aap ko to pataa hai woh to sirf aap ko hi shair tweet kiyaa thaa,1,113,[],0,0,0
,0,0,[],0,0,0
bhai hindu to hathon hath lenge unki beti ka rape karne wale ko unse ummed bhi kya hai,1,86,[],0,0,0
shame on modi jisne ladkiyo ke rape karne walo pe kanoon banaya na koi thos kadam uthaye kiska wait hai modi ji shame on u,0,122,[],0,0,0
kina raakhyaa hate brigade le raastra baadi bhanera hate failaaulaa,0,67,[],0,0,0
mawlana farid uddin al mobarak jubokrai islamer jhanda hate egiye ashbe bengali via,0,83,[],0,0,0
aur tere musalmano ki terha hum apni bahu betiyo ka to rape nahi karte saale,1,76,[],0,0,0
sale kardi pakistan wali wo bhi unke talwe chat kar jeete hai aur tu bhi wahi kar raha haihate hindus spread hatedikha di,1,121,[],0,0,0
nudes mangna or bhejna rape k brabr gunah ha,0,44,[],0,0,0
i hate manu manveer i live in vashifir bhi nhi gyi inorbitin bandaro ko dekhne,1,78,[],0,0,0
aur rape ko hote hue dekhne wale log,0,36,[],0,0,0
bibi ankhon se rape kerte hain khusray kahein ky,0,48,[],0,0,0
isko kon vote kara ga hate him,1,30,[],0,0,0
hate this naqli hasi ok,1,23,[],0,0,0
oye lodu being muslim mujhe pta hai ki j se bolte hain ya z semujhe mat sikha urdu i hate this language,1,103,[],0,0,0
k is waja se dosere province k log punjab ko hate kerte he bhala isme,1,69,[],0,0,0
koi task puri nahi kartii hate her,1,34,[],0,0,0
mujhe nahi pata bas tu is rap ka rape kardena mujhe matlab nahi hai ki tu rap ke sath raat bita ya shadi kar bas ho jana chahia,0,127,[],0,0,0
esliye toh favrt hai even manveer bhi as a game acha hai per manu i just hate himmanveer ko bas use kar raha hai,1,112,[],0,0,0
lopa we hate rohan bani kaal bhi alone warrior thi or aj bhi dekh raha ho ga tv pei i am sure,1,93,[],0,0,0
yes lopa is insecure with bani isliye har waqt bani ko bura bolti hai i hate this girl n love u bani,1,100,[],0,0,0
economic terrorism or jamhoriyat k name pr mulko quom ko barbad karty waqt aaen kahan hota ha or kya batata ha,0,110,[],0,0,0
bani k sath galat hua h i hate u both mannu n manveer,1,53,[],0,0,0
sir jitni protest srk ki movies ke time karte ho kabhi nirbhaya rape cases me karliya karo desh ka bhala hoga,0,109,[],0,0,0
i hate love story,1,17,[],0,0,0
bhed ka jhund hate them sadakchhap,1,34,[],0,0,0
hate this gwar sadakchhap tuchcha,1,33,[],0,0,0
i hate politics,1,15,[],0,0,0
ao gang rape ke paidawar land k tope aukhat mai rhe k comments kar yaha par amma ko sambhal apne,0,96,[],0,0,0
mera pyar mujhe chhoode diya aaj main toot gaya i hate girls,1,60,[],0,0,0
wo indian army se hai bhai sahab ussi army se hai jinpe tumhare jnu wale kutto ne rape jaise arop lagaye the,1,108,[],0,0,0
manveer and swami toh rape karne wale thi rohan ko bb k house na hota us rohgay ko kar chuke hote,0,97,[],0,0,0
to pyar hoga to hate hoga na aeshi,1,34,[],0,0,0
hate ki baat ho rahi h na,0,25,[],0,0,0
haan aap hate karte raho hum ek tarfa pyaar karte rahenge dumbo,1,63,[],0,0,0
yaha rape karne walonko saza miltha hai waha rape kiska hua hai usko miltha hai,1,79,[],0,0,0
i hate pakistan and some sadakchhap ashiq,1,41,[],0,0,0
mein bahut lok nasha shod kr hate haii,0,38,[],0,0,0
usee hate karnese kya hoga,0,26,[],0,0,0
randi kay beej dulag gayi na tere ma jati hai kya modi kay pas chudnay ya congress walon nay rape kar rkha hai jo tere machud,0,125,"['randi', 'beej']",1,14,1
medical me rape ki pushti na hone pr bhi paid media ne kiya santo ko badnam,1,75,[],0,0,0
koi baat ni glad for manveer but hate manuinko votes ki zyada zarurt hai wese b lol,0,83,[],0,0,0
haters gonna hate assi dil bich,0,31,[],0,0,0
armaan k ek v song nominate nahi hua jin logo ne esa kiya unn logo koi hate dis peoples,1,87,[],0,0,0
i hate ur haters,1,16,[],0,0,0
i so hate both of dem ja shanaya jaajee le apne zindagi ab ja orbit,1,67,[],0,0,0
petty crime eradicate hota nahi aur terrorism khatam karnay ka soch rahay hain,0,78,[],0,0,0
sab kitna hate karte hai meri niti ko it makes me sad pictwittercomilempjlf,0,75,[],0,0,0
waise ek baat hai tum srk ke bina ek din nahi guzar sakte chahe like karo ya hate admit it please,0,97,[],0,0,0
twitter mai dhoni dhoni chillata nahi iska meaning yeh nahi ki i hate him nikal aab,0,83,[],0,0,0
khan ne sheikh rasheed b rakha hua hai i hate rashed,1,52,[],0,0,0
chutiya sale ka bhi rape kar dena chahiye jab samajh me ayega,1,61,['chutiya'],1,5,1
koi kisi ko asa hi hate or love nahi karta hai inka piche ek reasonlogic hota hai,0,81,[],0,0,0
rape me van nirvana,0,19,[],0,0,0
tum kya karate ho usse dusre ko kya lena dena modi tumhari shautan hai kya tum ne tau rape kiya tha jab saal ke the,0,115,[],0,0,0
baba bhee nahi hai padhaa likhaa aadmi intellectual terrorism kar raha fizool mein,0,82,[],0,0,0
han naam khraab na ho kaam kharab karo rape karo rishwat lo dalali kar k desh se bhaag jao kalamad sahara adani ki randi ban k pak jao,0,134,['randi'],1,8,1
ek neta us ladki jaisa hai jo khud ke kapde faad ke rape rape chilati hai,1,73,[],0,0,0
ma se puchte ho ki ration card ke liye rape karoon ki nahi haram kahan tu deshdrohi kahan modi,1,94,[],0,0,0
my dear yehi shayri han bus farq jo baat kahnhi sakte unko shair main dhal dete kuch samajh hate h aur kuch,0,107,[],0,0,0
bhai its freedom of speech not hate speech,0,42,[],0,0,0
nah i hate them dimagh kharab,1,29,[],0,0,0
yaar tum log kitne giroge hate karo na par itna shit ho yaar tum shit,1,69,[],0,0,0
aaj wo hi bol rha h jisne jnu ke rasleela sanchalak kanhaiya ke army rape krti h byan ka support kita tha,1,105,[],0,0,0
isi bewkoof kejriwal ne jnu me un logo ka support kiya tha jo bol rhe the ki army rape krti h,1,93,[],0,0,0
am feeling sad haam saab ne vote kiya but tm nominated nhi huye unn logoko talent k koyi parwa nahi i hate dis ppl,1,114,[],0,0,0
ye video nahi hatana chahiye kyo hate jab kisi ko ye ghinauna kam karane me sharm nahi aati to kyu hate ye video,1,112,[],0,0,0
galti teri nahi hai tere jaise bahut muslim hai jo bas yehi soch rakhte haihate hindus thats it,0,95,[],0,0,0
tumne kyaa kiya delhi ke liye ab punjaab chale gaye saale rape hote hai delhi main tu punjaab main mauz karta hai,1,113,[],0,0,0
to bhi i hate mulla mulayam party,1,33,[],0,0,0
kal to kuch aur bol re the ek baat bolo hate or love bahut confusion hota hai,0,77,[],0,0,0
bencho stream me koi kaan ka rape kar raha tha,0,46,[],0,0,0
hate story nahi dekhi kya,0,25,[],0,0,0
aaj phir tumpe pyaar aaya hai full video hd p hate story by arijit singh,0,72,[],0,0,0
notice se inko daar nai lagta bhai ye to rape k case me chal rahe he,0,68,[],0,0,0
rohan mehra ke sath bahut unfair ho raha hai use task bhi nhi karne diya i hate u bb salman apne hamesa rohan ko ignore kiya hai jbki,1,133,[],0,0,0
ek kaam kro ye ldke jha bhi dikhe jaan se maar dena inko rap ka rape kr dia,1,75,[],0,0,0
bihado me bagi hote the ye v wahi hai vyawastha se pareshan sipahi kya kareneta murga khaye aur use sukhi roti chai i hate leader,1,129,[],0,0,0
tumse jyade gira admi aaj tak nahi dekha mainei hate you more then any,1,70,[],0,0,0
hahaha hohoho kaun si imadaar rajneeti krta hai yeh pagal aadmi ration card k naam pr rape krte hai paapiye,1,107,[],0,0,0
shiv kon hai ye toh tere rapist muhammad se puchh jiski rape ka tu nateeja haibhadwe rapist ka resultaisha kaisi chudi,1,118,[],0,0,0
mughalo k rape ka nateeja hai tu osama bin laden ki aulaaddekh kahin agla bomb teri maa k gaand mein naa fatt jaye,1,114,['gaand'],1,9,1
pehle mooh kholo rape kiya hain khud ke logone we know why u stay at home hijab ke android kya hain,1,99,[],0,0,0
ha yeh sikhatabe hai ki kisi ko use mazhab se hate mat karo par koi tumko kattarpanthi se terrorize kare saho bhi mat,0,117,[],0,0,0
sachche deen kon vo lootere kasai ghodsawar mangoliyearab jo lootne aaye aur hindu auratonko rape kr ke tumhe paida kiya,1,120,[],0,0,0
yes lala ki ek ek baat sachi hoty ha i hate imran khan,1,54,[],0,0,0
kuch bhi yaar ab helly kisiko lyk bhi naa kare itna bhi hate kyun karna,0,71,[],0,0,0
jaha tak mujhe pta hai terrorism has no religion but still jab tak aap jaise log chutiyapa kabhi band nahi hoga,1,111,['chutiyapa'],1,8,1
aaj koi hate speech diya toh kal director ki pitayi,1,51,[],0,0,0
panday ziada hate speech to geo per hoti hai jahan tum paison ki khatr beathy howay ho amir liaquat ajkul tumri beand beja rha hai na,0,133,[],0,0,0
jab asli me kisi ka rape hota hai tab kyu nai dikhte,0,52,[],0,0,0
mc kuch gundo ki vajah se tum aaj hindu bol rahe ho islamic terrorism bolne me gand phatti hai,1,94,['mc'],1,10,1
tumhe gundai n terrorism me fark nahi pata,0,42,[],0,0,0
kiska rape kiya unhone,0,22,[],0,0,0
aur jo hate speech kuuta karta hai us ka kya hai himmat to defend kro usko,1,74,[],0,0,0
larka sahi baat bhi krega to usko hate milegi lrki kisi ko zaleel bhi krde to sb aese favour krengay jese inki jannnat pakki hojaegi,1,132,[],0,0,0
haha slb ko thappad pada tab kaisa des mei ho lagraha hei jab har din rape hota hei tab gaand marwa rahi thi kya,1,112,['gaand'],1,9,1
aur jab apny kapray utrany lagay to hate speech,0,47,[],0,0,0
bhai tumhari soch pe daat deta hutum aap k ho ye to pta chal gaya me uska hu jo kuch karei hate congress ur information,1,119,[],0,0,0
koi bhi ban jaye but bani j na bane i hate her,1,46,[],0,0,0
i hate u peso k liye kisi ka sath dena galat baat he,1,52,[],0,0,0
khud ko best bolna aur dusre ka love hate calculate karna alag baat hota hain naa krk se pooch k dekho,0,102,[],0,0,0
i have to say i hate khud manu use kr raha hai aur ilzam bani py laga raha hai sara season manu ny yhi kya hai,1,110,[],0,0,0
bigboss na akhri wqat par voting rule change kar diya aur inform bhi ab kar raha hai hate this,1,94,[],0,0,0
isi waja se aaj itna hate mila mujhe,0,36,[],0,0,0
aur hate tum hum sey kartey ho,0,30,[],0,0,0
aur hate hi kar key sartey ho,0,29,[],0,0,0
i hate weddings kisi ko galti karte dekh bahut gussa aata hai,1,61,[],0,0,0
bol ti band ho gai hate speech kia hoti hai me batao number to do apna,0,70,[],0,0,0
magar porkistani insaan nahi hai ghade hai sarey rape ki padaish,1,64,[],0,0,0
mahira khan ne uri hamla ke liya terrorism ko sahi bataya ur raees dekhna wala pagal athankwadi ke film dekhaga woh indian nahi pakistani ha,0,140,[],0,0,0
mujhe pata hai you hate me,0,26,[],0,0,0
kise n hate nhi kiye,0,20,[],0,0,0
apko q itni hate speech ker rahe hain ke khilaf,0,47,[],0,0,0
mohsin abb tum mujhe hate karogy,0,32,[],0,0,0
pakistani ney uae mein ghair mulki larki ka rape kar diya pictwittercomglzltgkjre,0,81,[],0,0,0
yr imaan ab hum ko yeah hate u hey boley gey jeejo jo mill gaye is ko badal gaye,0,80,[],0,0,0
wese chahe rape hote rahe poore desh me no one bats an eye then,1,63,[],0,0,0
agreed kaash rohan winner hotabani manu manvr winner layak nhi hai i hate kani tattoo ko pasand karte hai,1,105,[],0,0,0
kala premi ji apke ankho ke samne rape bhi ho rha ho to aap standup comedy kr ke hi rapist ko sabak sikhayenge,0,110,[],0,0,0
mjh jo bh kaho pr mery favrt ko na he like kro aur na he hate warna,0,67,[],0,0,0
veer i hate you usne aaj ko ghoda bana diya uska maa kal ko kutta kaha,1,70,['kutta'],1,2,0
tu bhakt nahi hater haind log hate v usi ko karte hai jisko kabhi v love kiya ho as i told u i m not a bhakt of any,0,115,[],0,0,0
hate karne ki bhi ek hadd hoti hai,0,34,[],0,0,0
haaaaa a aur rape karo,0,22,[],0,0,0
dono milke phir ek dusre ko hate karne se zyada alag rehna hi theek hai,0,71,[],0,0,0
raees ka rape hoke hi rahega,1,28,[],0,0,0
apni hate me hell ruin itajeeb admi hai,1,39,[],0,0,0
villain ki acting aisi honi chaiye ki ap usko hate karne lago usne itna achchha kya isiliye to uske liye mujhe hate feeling aya,0,127,[],0,0,0
wo bhi rape karna sikh jayenge fir galat bat hai kaabil ki,0,58,[],0,0,0
bhensa ko van karna chye tha us or awaz uthanay wlay ko ban kr diya hate speech tou bhensa kr rha hai,1,101,[],0,0,0
yami ka rape hote dikhaya gya hai kaabil me kripya family wale film dekhne naa jaayein,0,86,[],0,0,0
makkhan lagane wale log aksar chunna laga hate hai,0,50,[],0,0,0
chal na gunda manvr manu ka chamcha i hate m piche piche chugliya karta hai manu ke sath ghar ganda bna rak,1,107,[],0,0,0
bani ne aapke bare main kabhi bura nahi bola hain but aap nahi samjongei hate lopa rohan but i luv kanchi rohan,0,111,[],0,0,0
i hate this person jo desh ke rastra gaan ko ijjat nahi deta usko indian team me bhi koi jagaha nahi deni chahaiye,1,114,[],0,0,0
elections betiyoon ka rape kar unhe pedh se latka diya tha shayad ye sabhi ko hoga yaadup bachaoo desh bachaoo,1,110,[],0,0,0
kiss ki hate speech chala di,0,28,[],0,0,0
kitni gaand jalti hai bhai teri even srk fans hate u chutiye,1,60,['gaand'],1,9,1
kitni gaand jalti hai bhai teri even srk fans hate u chutiye,1,60,['gaand'],1,9,1
aur jin invaders ne inki maa behen ka rape kiya wo inke allah ban gaye,0,70,[],0,0,0
humanity to unme nahi hai converted hai wo apni hindu ancestry se hate karte hai,0,80,[],0,0,0
delhi me bhi yhi kha tha fir rape murder kyu badh gya itna lgta hai bhul gye ap vha bhi aap hai,1,95,[],0,0,0
waise toh srk ki last movie maine lappy pr me dekhi thi uske baad se i hate him,1,79,[],0,0,0
ye hai sapa ke neta jo ki varanasi cholapur block ke pramukh hai inki gunda gardiladish ko rape ki dhamki pictwittercomyzkln,1,124,[],0,0,0
deewar banne se terrorism khatam hota toh israel ko army ki kya zaroorat ki deewar nahi chahiye bhai,0,100,[],0,0,0
tumhari hate speech ki aisi ki tesi,1,35,[],0,0,0
kyun ke ye manogi to tum islam ko hate kaise karogi phir sara propaganda jhoota sabit hoga jiyo bharam me karo hate,0,115,[],0,0,0
navin now we hate u mostkaise insan ho tumhe sharam aani chahiyerohan ke samne khade rehne ki aukat nahi hai,0,108,[],0,0,0
dekho rohan ki popularity usse ke liye mai tumhe hate kar rahi hu keyoki i love rohan,0,85,[],0,0,0
pehle confirm karo ke mohammad ne sach mein saal ki bachchi ka rape kiya tha,0,76,[],0,0,0
ye attankwadi indian agent hai jo terrorism phelate hai,0,55,[],0,0,0
bola na terrorism ko support karna band karoge tu kaam theekh hoga na,0,69,[],0,0,0
lagta hai aap ne movie dekhi hai which is written by srk original me latif ne dango and terrorism ke siva kuch nai kiya tha,0,123,[],0,0,0
tum log terrorism ko support karna band kardo sabh theekh hojaega,0,65,[],0,0,0
mujhe pehele se hi pata tha so sallu fans ke bareme galat kuch tweet nahin kiya kabhi bt i hate srk,1,99,[],0,0,0
