filename,comment,label
babies10.png,thlle,
babies102.png,3a,
babies0.png,,
babies100.png,nininibinis,
babies101.png,,
babies104.png,,
babies103.png,Phoolo ahT Taaron Ka Sabka chT Hai Ek R Kilo Ki Meri Behna,
babies1.png,,
babies107.png,Stinystep KITNI MOTI HOGYI HAI TU MOTI KISKO BOLA RE TAKLE,
babies110.png,,
babies105.png,/memerhubc69 *Raat bhar jaag kar aur fir subhah late uthkar kya milta hai Me: Ye alag kism ka nasha hai,
babies11.png,Modi  ji ko bs Desh ki pari hai Idhar mera wala mese baat nhi kr rha,
babies108.png,Girls Before & After 21 Days Lockdown Boys Before & Aft 210 ckdou,
babies106.png,FB/Funhg Lif,
babies111.png,fraataa,
babies115.png,,
babies112.png,3 34 H..! fah,
babies117.png,Kabhi  Card Wala Bhi Photo 3yt DP  Lagao Aakhir Vo Bhi at Apna He Hai,
babies113.png,"Husband-, 9 e",
babies114.png,Ufffff Allah Muihe itta cute b.com lenb kyu bnaya,
babies118.png,WHATDOYOUMEANNOUDIDN TGETMY FATHER'SDAYCARD? DDYOUCHECKYOURSPAM FOLDERE??,
babies116.png,R,
babies120.png,Naseeb Mein Hum Nahi Us Bada Badnaseeb 3 Koi Nahi,
babies119.png,,
babies109.png,School.wali.baatein @School.wali.baatein 2 ghante non stop lecture dene k baad mom kehti hai School.wali.Baatein IG |@School.wali.Baatein mene toh isse kuch kehna hi chord diya hai.... School wali Baatein,
babies12.png,excuse me Rqh,
babies125.png,ngh,
babies121.png,6 bloator,
babies126.png,"Dil wil pyaar wyaar me kya jaanu re Aankhe kholu to jhaadu,pocha bartan maanju ree",
babies127.png,h f g Admin..Single,
babies123.png,WhatsApp gf  HandsomeDashing e,
babies128.png,Aur Batao.. Fb.com/Aypor Fb.com/Avpjokes Kya Bataun.Beyyy,
babies122.png,.  - wk   e 1,
babies134.png,,
babies13.png,"Na Me-mujhe naya school bag chahiye Mom-bhaiya ka bag le le,usko naya dila denge Me~",
babies130.png,y .,
babies132.png,Serious Baat Karo To Log Majak Bana Lete Hai Mazak Karo To Muh Fula Lete Hai,
babies131.png,School life  sir Homework  /BhukkadBabaj R Th,
babies133.png,WELLTHENSMARTASS TELLME THE CORRECT ANSWER,
babies136.png,WELLTHENSMARTASS TELLME THE CORRECT ANSWER,
babies137.png,When you wake up in the middle of the night and realize you still have time to sleep,
babies124.png,en y e n AINSPIRED -425 hh hh INSPIRED www. INSPIREDHINDI. SLOGSPOT.COM,
babies138.png,135,
babies129.png,"Chapter 3 ke Notes Send Kar 1150AM Mere Pass Nahi Hain  11:52AM Acha Toh Chapter 4 Ke hi Bej dee  Yaar Sachi Voh Bhi Nahi Hai 11:52AM Beta,agr tere 90% aaye na toh crime petrol mein tera episode aayega  11:S2AM",
babies143.png,,
babies135.png,,
babies14.png,Achha Suno slfaq Nahi Hun Lekin Itna Bata Sakta Hun @aurbataoo Is Time Aapki 4 Ungliya Phone Ke Piche Hai..,
babies140.png,Hm Manhoos Billi se zyada popular hogae hain FB pe Hain?BC ABC ABC!!,
babies139.png,f- .! WWW.HASLEA SS.COM,
babies141.png,aucl.com ORes - facebook.com/dekhobhopa,
babies142.png,Mere Pass hai kya hal? Mere Pass KAAM hai. TO PHIR MAA KISKE PASS HAI? .OLINDIAN.COM,
babies144.png,t TRee www.trolitree.com Ill,
babies145.png,,
babies147.png,ff,
babies146.png,Height of indian TV Serial Ch*tiyapa. Hair style dekho aur makeup bhi hogya Lekin saari nahi pahni jarhi....,
babies148.png,WHENYOUREALIZES SUMMERIS-COMING AND YOUR WINTER BODY HASGOTTEN OUT OFCONTRO 97+Funny Kid Funny True Funny Funny Memes Funny Baby Memes.50..,
babies15.png,Hayeeee yal Me Kiti pyari hu ... Fallow @oye_paglu Tuuuuu Tuuuuu Kahi Muje kisi Ki Nazar Na lag jaye,
babies151.png,TikTok Play Store to coe. TIK-TOK USERS PUBG USERS,
babies150.png,Phhbh h  BhukkadBabaj ...,
babies153.png,,
babies156.png,,
babies157.png,When you run out of water *Indian kids* *INDIAN KIDS*,
babies152.png,First day in sasural Mother-In-Law Beti tujhe jo banana aata hai bnale Bahu* Mummy aap soda ke saath lengi ya paani ke saath ??,
babies154.png,,
babies162.png,Sanskari selfie,
babies158.png,JOKeSTER ADTH Somebody is watching star kids movie Me* KAR,
babies159.png,Men willbe Men y9n,
babies16.png,Sm,
babies163.png,,
babies160.png,2 h 3$ w3mirchi.com 5. nhh,
babies161.png,Pata Nahin Logon Ke Dil Kaise Toot Jaate Hain RVC. Jab Dil Mein Koi Haddi Nahin Hoti Kya pata. rvcjinsta,
babies164.png,YOUMEANTOTELLME YOURREALNAME ISN'TMOM,
babies165.png,"Your Reaction Early Winter Morning, Sitting On The Bed And Thinking, ""Nahau Ya Nahi?'",
babies166.png,Me:Mummy meri To Kismat he kharab hai Mummy:shakal konsi Acchi hai? Aww_sayingss,
babies172.png,KIDSWATCHCRICKETERS'BIOPIC MEN WATCH ACTORS'BIOPIC RVCJ,
babies167.png,Dedicated to all My Kamine Friends . Jokesll.com,
babies169.png,Kids study Men study regularly before a week Legends study one night before Ultra legends exam never study,
babies17.png,y p Ph h  Fuaky Mife_off s 3 f,
babies175.png,YOUMEANTOTELLME YOURREALNAME ISN'TMOM,
babies173.png,R,
babies177.png,Mp  G,
babies178.png,Mera secrettalenth bina Kuchh Kare thak jana @Shinchan.School,
babies179.png,Gcoft chT swag yT kaimcofa baby A!!,
babies170.png,OONK LIFES so vgly yaar slayi FUNKY LIFES 6 Kp2 lFhIe,
babies18.png,,
babies176.png,,
babies171.png,,
babies182.png,Desi Me Rollin,
babies174.png,f g  ... a,
babies181.png,"insta@hay Main chahe jitna bhi kaam kar lu.Maa kaamchor"" wale taane maarna nahi chodegi. insta@hayemera_dil",
babies184.png,HELLO..TUSABSEBADA CHUTIYA HAI AUR USSEBHI BADA TU GAANDUHAI,
babies183.png,Attitude qy . Mastimaster.com,
babies180.png,So damn True. That moment when your best friend sends u a voice message & you're running everywhere to search earphones cause u don't trust that suckero On,
babies185.png,Zindagi jhand ho jati Hai un logo ki Jinke cousins topper Hote hai Aww_sayingss,
babies188.png,HAI MAI MARJA,
babies190.png,excuse me,
babies187.png,HindiJokes f. Please Hike and Share Hindi Sokes facebook.comjokes.hindi,
babies191.png,"Dil toh bacha hai jee, wo bhi aisa..",
babies19.png,"When mom says,Fine.Do whatever you want."" What happiness do parents find by emotionall",
babies193.png,14428 hWh,
babies186.png,b s gP bP pSr '2 PIrW 2hp i lh gP bS aeT ysa fa 3ITqq H|qI$c w3mirchi.com,
babies192.png,,
babies194.png,KIDS HUG LIKE THIS MEN HUG LIKETHIS LEGENDS HUGLIKE THIS,
babies189.png,12he 4 ehb,
babies196.png,,
babies197.png,H a  HPh,
babies195.png,MHEMALE YOURFRIENDS ARE REVISING BEFORE AN EXAM SCOOFW AND YOU HAVE NO IDEA WHAT THEY'RE TALKING ABOUT,
babies198.png,"My wife is pregnant. Who's the father? Imean, good job! Congrats!",
babies199.png,Woh nadryan nahi aansu they miere jinpar woh kashti chalate rahe Manzil mile unhein yeh chahat thi meri. Isliye hum Aansu bahate rahe,
babies200.png,,
babies20.png,Sharab To Yun Hi Badnaam Hai Doraeman sawaw Asli Nasha To Subah Ki Neend Me Hota Hai,
babies201.png,16328,
babies202.png,q-gn - MujasTaKiN Majak Tak -,
babies2.png,,
babies203.png,Ph9,
babies204.png,STatuLelee another school bus.. Kids in the bus be like When one school bus overtakes,
babies206.png,When one school bus overtakes another school bus.. Kids in the bus be like STatuLelee,
babies205.png,h 163218 S. HPh ..,
babies210.png,yfaf 00000000,
babies209.png,QR g8 3iR R silent  rte,
babies208.png,YourQuote.in he 3,
babies212.png,"Girl:tum mere saath cheating toh nhi kroge Boy:agar chahu,toh bhi ni kar skta kyuki aur koi mujhse pategi bhi ni",
babies211.png,,
babies213.png,SUN RAHIHAINATU ABEUSKKAAN,
babies207.png,00675 ShareChat h h  qy h qy3,
babies216.png,Posing for selfies like thedesignlgn,
babies215.png,"BABIESBELIKE ""DAD,HOW WASI BORN?' 60 Funniest Baby Memes",
babies217.png,,
babies21.png,"Snow white_princess143 TeacherChipkali kise kehte hai??? magarmach hai, jise bachpan  me bornvita wala dudh nahi mila, is kaaran woh kuposhan ka shikaar ho gai.",
babies214.png,ATTHEWS,
babies218.png,i PIKA,
babies219.png,ada afe R P,
babies22.png,tamba... Why Go for Getting Gold Dear Babita ji. When You,
babies221.png,Dear Babita ji. When You Why Go for Getting Gold tamba...,
babies220.png,Meow billi Jo muje ignore kare wo bathroom me m.b fisal kar giry,
babies224.png,5555550 kyu bhen kyu? hum bhi to zinda the,
babies223.png,When your friend proposes the girl you both like HARDOSTI MEIN EK HADH HOTI HAL AAI TUNE WOH HADH PAAR KAR DL.,
babies222.png,_kaet1_xe_alf Milna hai to mil Lo is Dunya ke chaman mai Kya faida jab Laash Lipti hoGi Kafan mai,
babies229.png,When my bestfriend comeshome Mummy-beta kuch sikh apne dost se. Me- Haa kyun nahi mummy,
babies226.png,ay,
babies23.png,hey doctor it's my heart.. not an MP3 player www.iLikeitFunny.com,
babies228.png,arte Wo on Karjeenein,
babies225.png,hh,
babies227.png,hlle e h ipwpwy @Jokes11,
babies230.png,hh /Whatsapp Masti Ka Adda,
babies233.png,,
babies234.png,WHEN YOUR PARENTS COME BACK HOME AND YOU REALISEYOUFORGOT TO HIDEYOUR ASHTRAY,
babies235.png,,
babies232.png,,
babies237.png,,
babies231.png,abpata chalasaccha dost e eh  Hineaeg CCER,
babies236.png,Main Jitni Baar Facebook Whatsapp Kholta Hu Utni Hi Bar Books Khol Leta To Kasam Se Top Kar Jaata,
babies239.png,2 min kisi ladki se bat kya kr lo Sare dost bhabhi bhabhi krne lag jate hain,
babies238.png,3 3SE fsfacea,
babies24.png,Diwali  Rang fa Light's chKuch Logo Ki Yaad Aa Gayi Ki Wo Bhi t He Rang acca The,
babies241.png,RT Exam  Election,
babies246.png,Papa!l! PehliTaareekHaiTo. Thode Paise!!!,
babies247.png,,
babies240.png,,
babies242.png,,
babies245.png,"-Date   class . qy-,date girlfriend",
babies243.png,as (Mobiles are not allowed in school) .,
babies248.png,Every mom's Reaction When they See their Son/Daughter Speak in English to Someone,
babies249.png,Mirch h . ii1,
babies250.png,"Mom: agr tum kisi ki shaadi me nhi. jaoge toh,koi tumhaari shaadi me bhi.nhi ayega Me:mummy mere dost meri barbaadi dekhne ke liye bina bulaaye aa jayenge.",
babies244.png,-3-8 2-h,
babies25.png,chd6..,
babies252.png,,
babies255.png,,
babies253.png,iUn i iepee,
babies251.png,Ha-aa Question: Answer: JokeslL.com,
babies258.png,,
babies254.png,3q GT<I 2T KeS # gy  $. ijba!h Ih I yle   a p4 9h Fe Jokea11.ccm,
babies256.png,"fAchddl  at <uT$ ft m adt  3t ys o\5ch< Gt gH dT3t, Whatsapp Masti Ka Adda",
babies26.png,yh2 h,
babies259.png,,
babies264.png,,
babies261.png,WEMIGHT BEFROM AFRICA ATLEASTWE DONTHAVE NDIAN NAMES,
babies257.png,American says: US mein shaadi E-mail se hoti hai. Sardarji says: Accha .India me to shaadi... Fe-mail se hoti hai.. f www.inspirationalWeb.org www.fb.com/OptimalQuotes Keep Sharing,
babies262.png,to shaadi... Fe-mail E-mail se hoti hai. www.inspirationalWeb.org www.fb.com/OptimalQuotes US mein shaadi,
babies265.png,,
babies27.png,,
babies260.png,a f 3,
babies270.png,,
babies269.png,Plle519,
babies267.png,hf..,
babies263.png,INDIANS wat s td wat my mon tsids what soclety thinksids whatithinkido vtatIreallyde EE.RPCSPUS.COM,
babies272.png,,
babies271.png,a  ..,
babies274.png,,
babies266.png,-fon y n -.,
babies268.png,HAPPY BIRTHDAY JCR LIFEO FUNKY LIFES FUNK 1 at.e,
babies278.png,.,
babies276.png,Dhundne Par Sayad Bhagwan Bhi Mil Jaye amigoaffair Lekin Dost Ko Diya Hua Pen Kabhi Wapas Nahi Milta,
babies275.png,nph-h 4-5 200,
babies277.png,Moooc SMOoD Police: kaha jare ho? Me:Dadi Ki Dawai Lene Tranalce Tweet POLICE,
babies279.png,"ENGISHMENAREVERY FUNNY,RAPING KIDS AND DIP THEMIN HONEY English men are very funny raping kids and dip them in honey meme...",
babies273.png,66 2-walking 3-a. eh 9e 4- aicaBmw 90 5- 1027AM,
babies280.png,33   h hp,
babies282.png,LLOVEEDUCATION!,
babies283.png,When you are 18 plus but still single &when you see 12 years old kids talking about relationship,
babies28.png,baanran Funkey Tune /Funkeytune,
babies281.png,LESSTHANAWEEKAWAV UNTIL VALENTINESDANS CHEMIST WORD ISSECRETLVIN LOVEWITH ME NOW'S THE TIME TO SPEAKUP,
babies284.png,.? i,
babies286.png,,
babies288.png,Instagrm@Homzuwrier Chalo Batao Wrong ko Hindi Me Kya Kehte Hai Jo CalatBatay CA Wo Party Dega,
babies287.png,Exam answers 2b Frnd G,
babies291.png,"Mohitjain01 Govemme bans PUBG, 117 other apps ChineseApp Ab Nabi Ren ndian",
babies289.png,"Moveu, kya tum bhimuihse pyar karti ho? Apni sakal dekhi hai Ha dekhihai Tabhi to tere paas aaya hun varna Deepika Padukone ke paas nehi Jata.",
babies290.png,MEANWHILEON SASURAL SEMAR-KA COLORS.7.30PM n tonigts opisode we wil see Roll ceturns bumgs into Jhanvi and the spoon falls into fter taking the spoon from Simar. But she muck. Will Jhanvi notice the spoon? INDIAN TELEASION LOLINDIAN.COM,
babies285.png,hh k hhe 3it hb  hh 8666,
babies294.png,Fb.com/BittuSharmalokes ..,
babies292.png,Tumhare Tasveer Ke Sahaare Mausam Kayi Guzaare Normal People TharkiPeople pugraphy001 Hila hila ke hatho ki lakire mita dale,
babies297.png,Filhal u hai ki Kuch Kar nahi sakte.. Zindagi jhand hai par mar nahi sakte.,
babies29.png,e f P h 34,
babies296.png,n2010 ewAlia dio you seo my laskmota? No sory went to the theate butit was written House,
babies298.png,Yo maMa is so stupid She stared at a box of juice cuz it said concentrate.,
babies293.png,HJokeScotf 5 f  LOL eee,
babies302.png,Another Level,
babies299.png,POWER RANGERS DEI DEI KEELA VILUNTHU THOLACHIRADHA DA 90'sKIDS POWER RANGERS IRUKUM PODHU ENNAKU ENNA PAYAM POWER RANGERS IRUKUM PODHU ENNAKU ENNA PAYAM,
babies30.png,FUNNY INDIAN KID POETEDDESLVLRAIYTNE,
babies295.png,ii  be  h tension  2 history   extra chapter MeSh loh PPh I pd,
babies3.png,HH... h- at fh.. -a hhlt,
babies301.png,w..,
babies300.png,Ek mehh Cute@ek Mela bhaii cute bakiii poori duniaa drawnili bhoootte,
babies307.png,,
babies304.png,,
babies306.png,Whenmothersared alonewiththeirbabies When fathers-are alonewith their babies,
babies308.png,"Papa ek chota sa Get Together rakha hai School mei Aap,Mein aur Chota sa Matlab? Principal",
babies311.png,Aur Batao Kva Bataun.Bey,
babies305.png,,
babies309.png,Sir steps ka Marks Toh milenge na Beta maths ka Exam hai Mujra nahi,
babies31.png,2 ghante non stop lecture dene k baadmom kehti hai mene toh isse kuch kehna hi chord diya hai...,
babies310.png,MOBILE KHARAB HO TOH BACCHON NE KIYA afilmygyan BACCHE KHARAB HO TOH MOBILE NE KIYA.,
babies315.png,SURGICAL STRIKE,
babies312.png,hth JORLS,
babies317.png,My Reaction When a kiss scene comes in a Movie while watching it with my family,
babies303.png,WHEN IDON'T REACH HOME ONTIME...!!! 'BROTHER 'DAD MAI TOH KABHI JAROOR ITNA LATE NAHIN HOTA TRAFFIC MEIN HOGA -MOM RVCJ MERA BACCHA KIDNAP HOGYATOH,
babies313.png,,
babies316.png,"Indian Parents don't usually throwsurprise party for their kids But when they do, it's called 'ARRANGE MARRIAGE",
babies320.png,3R .,
babies319.png,my barber suggesting 12 year old me to spike my hair me: Abba nahi manenge,
babies314.png,,
babies321.png,Fb.com/BittuSharmalokes 1-. f2- m,
babies32.png,When teacher asks about the homework... abunderground honeka Smay aa gya h Nojoto Manisha Rana,
babies325.png,When you're stuck at a party with either kids half your age or uncles/ aunties double your age,
babies323.png,3,
babies322.png,What90's kids do whe accept their love KIRU o n oy ene ene What 20's kids do when parents doesn't,
babies318.png,accept their love KIRU .f . h What 20's kids do when parents doesn't,
babies324.png,d I,
babies33.png,CHALOUTHO SUBAH HO GAYI,
babies326.png,9P 0000,
babies327.png,,
babies331.png,6 5.. yuvan365,
babies332.png,33 h R,
babies334.png,No one Parents to kid after his first day of school~ Chal be 2 ki table suna,
babies335.png,WHEN SOMEONE ASKS YOU... WHERE'S THE PARTY TONIGHT???,
babies333.png,,
babies330.png,90 Wisdome,
babies336.png,Nibba-Mat ro baby3 may ko to milna hi hai hamko. *Modi ji- Dev Manush,
babies337.png,MmineApp Posted On a p r Sunday !!,
babies329.png,School memorie r sonna lover nu Machi..Kail vaai va ponnu kita rubber Lover kudu. kelan VRR2.0 Naan kekala sister Serupu pinjidum Adhe nan Hhan Iru miss kita soluran.,
babies342.png,,
babies338.png,Aangde,
babies340.png,af ca 9908,
babies34.png,BHAI KAHA HAI? TRAFFIC ME FASA HU BC BHAI TERE LAND-LINE PE CALLLGAYA HAI MAINE,
babies339.png,g. m h...,
babies343.png,Facebook,
babies341.png,ROS @pappu_ke_papa video call qt.!,
babies346.png,Me to my sister on her wedding,
babies348.png,CHALO UTHO SUBAH HO GAYI,
babies35.png,,
babies344.png,,
babies347.png,$3R Happy new year   Happy Makar Sankranti  F..!!,
babies349.png,Fb.com/BittuSharma okes,
babies345.png,6 5:59 Hhe42p e,
babies350.png,FriendTune meri itni achi pic pe Haha react kyu kiya bey. Me: Humare yaha aisa hihota hai,
babies355.png,,
babies352.png,.,
babies358.png,Later in Toilet,
babies356.png,Mere RPapon Ki Saza Mere t Ko Milegi Kyunki Unhone   Bigada,
babies351.png,TRI 4 h,
babies357.png,Mom ye kya faltu serials dekhti rehti ho aap sare din 15 minutes later: Kamini hai saas iski,
babies359.png,Meow Jo muje ignore kare wo bathroom me fisal kar giry,
babies36.png,Jo Dad.. your wi ting.me i dont.w with her any m,
babies354.png,33 3 R-,
babies360.png,"Sanitizer le liya,mask aur gloves bhi pehan liye Ab koi dikkat nahi! Corona: Mujhe Dikkat Hai",
babies363.png,,
babies362.png,34 h Bitta,
babies365.png,HOWDID SHETURN THESPOON INTOAN AIRPLANE? FUNNY KID MEMES CLEAN image memes at relatably.com,
babies364.png,TRENDINGNO#1ON TWITTER 2 days before NOW TN ppl #Pray_for_Nesamani #StopHindilmposition Central Govt Pinringale da,
babies366.png,Red wali bhai Fir tohe meri bluewali tum dono kiex merio meris,
babies367.png,,
babies361.png,R h Srag Painkiler m 2h .,
babies37.png,oe iy2h IndiaChat Google Play,
babies370.png,Jo main padhta hoon wo exam mein nahi aata hai @_DEKHBHAL Aur jo main nahi padhta hoon wo definitely aata hai,
babies374.png,G D MORNING,
babies373.png,Munni badnaam hui Darling tere liye.. Aisa Kheech ke Lafa Dungi,
babies369.png,. . .,
babies368.png,0s6321030 - #gg problem at h ... 853PM,
babies371.png,@rajani Helo h h  @sareadra Nel D 14777771,
babies377.png,"waleh, Me school ke, Gate pr poach,",
babies376.png,"Kids love Burj Khalifa' Adults love ""Wiz Khalifa' Legends love ""Mia Khalifa",
babies372.png,.... .f . h,
babies378.png,Jo main padhta hoon wo exam mein nahi aata hai DERHBHA Aur jo main nahi padhta hoon wo definitely aata hai,
babies379.png,,
babies38.png,,
babies375.png,Hwit.... Hut..... ilhe Hht,
babies381.png,i 3 2,
babies380.png,a h Stal aa Phh,
babies382.png,3 lep eeonl afl.... Jokesmantra.Com,
babies4.png,...? . Mobile  34,
babies39.png,,
babies40.png,Instagram@Hindi.JoRe 2 ai,
babies41.png,"Behan Bhaiyon ko Kese Jagana Chaiye..? ""Jaldi utho!Abu tumhara phone check kar rahe hain b.cem/Caloywtb",
babies42.png,-,
babies47.png,Dekh Bhai Teri Bachpan Ki Pic Mili Hai,
babies48.png,3 h$k,
babies46.png,S H h,
babies44.png,a f,
babies43.png,i a- 2-lhh - 2-hlh -fh,
babies45.png,Life is so unpredictable that Oneday you will RangAs Mnoenao becleaningstranger'sToilet,
babies5.png,Today's kids When I was Photograph a kid,
babies50.png,,
babies51.png,Mukki MaRuun ? Tumhain?,
babies52.png,,
babies49.png,When I give you my phone to see a photo It means Don't swipe right Just see the photo and give my phone back,
babies55.png,MK G/eme Pehle mai sochti thi mai acchihun fir mene khud ko zoom karky dekha toh pata chalaki mai toh be-tahasha acchihun,
babies58.png,TeacherA B C  HABC Teacher3.,
babies54.png,quit.... ilbe Ht,
babies6.png,,
babies56.png,E 1.3 (1976) 2. (861) (2016),
babies57.png,f S S. .,
babies59.png,S S. f .,
babies63.png,www.CleanMemes.com Funny kid Memes Clean,
babies61.png,Dear2020 Make sure you don't come up with Temporary people!,
babies60.png,Lockdownd sf.,
babies53.png,"01047 nstagrm Ins erort9 : love you bhai nahi hal kya? Maitu Kyu,pari hai tu? Mai tumhare aath Q 3.897k A",
babies65.png,Mummy:Beta marne k baad log sitare ban jaate hai. Salman Khan to footpath ppl Mohd Shah Sadak Se Utha Kar Star Banaunga,
babies69.png,,
babies66.png,,
babies68.png,Gaali'Bhi to De Skti Thi Bhaai'Khne Ki Kya Zrurt Thi,
babies64.png,2,
babies67.png,Gaali'Bhi to De Bhaai'Khne Ki Kya Zrurt Thi Skti Thi lengi ya paani ke saath ??,
babies62.png,s Swhatsapp hhks dwhatsapp s sf fair& lovely Bah Boy :arrre meri maa  whatsapp  3 48,
babies7.png,,
babies70.png,2b a   h b h  Irh FPe t sy  IP2 JPe,
babies76.png,,
babies73.png,LDROPPED:MYAKIDS OFF WITH THEIR.NEW FAMIYTODA,
babies72.png,33 3-,
babies71.png,"LKB03 Ittu si to life he Usme bhi subhajaldi"" Utha dete he",
babies78.png,,
babies79.png,When I accidentally bite my tongue while eating,
babies74.png,. af aR HASLEI COM,
babies77.png,,
babies82.png,bestie ge,
babies75.png,Boy Girl- Boy Girl-.. it Girl Boy3,
babies84.png,Kids Write What They Understood Men Write What They Remember Legends Create Their Own Answers,
babies81.png,jUdI H6 n W$IP[h Jokes11.com,
babies80.png,Legends Create Their Own Answers Kids Write What They Understood Phir...Phir keya hua? Men Write What They Remember Agle din apne mohalle nein cB.aayi.,
babies86.png,,
babies8.png,h hn-h imgcart.com,
babies85.png,R  d  www.pjpatakha.in @PJPATAKHA,
babies88.png,What girls think What we we wear at home VS actually wear,
babies9.png,,
babies87.png,"Wanteda, writes IsDilKa KyaKareSahab Saala Har Ladki Pe Marta Hai",
babies83.png,HTS chch Skes ftt Jokes11.com,
babies89.png,hsh ch  10,
babies90.png,Me As A Father Relatives :Kitne Number Aaye Apke Bacche Ke?? Me :Apko Beti Deni Hai Ya Job ?? IG:Kataizaberr,
babies91.png,R 100 Hoksin Sieg,
babies97.png,65s66 5 yuvan365,
babies94.png,Life is so unpredictable that One day you will beromancing Aishwarya Rai Another day you will,
babies92.png,th 6 9000,
babies96.png,"School khulne, wale h, Me school ke, Gate pr poach, Kr khaas dunga",
babies93.png,"what a surprise""...!! hgth",
babies99.png,Agar Cute Hona Jurm Hai Toh Haan Mein Mujrim Hun..!!.,
babies95.png,SAttitude.girlR- qR Hight  Talent ....,
chaukidar0.png,11 like us on/zeenews,
chaukidar10.png,GEi sd,
chaukidar105.png,,
chaukidar106.png,,
babies98.png,ee GEi sd a-.t e y,
chaukidar101.png,,
chaukidar109.png,,
chaukidar102.png,,
chaukidar112.png,,
chaukidar108.png,1hourago imran ffag sgy,
chaukidar1.png,+ Ihslt h. qlle Cq ddf BIPlive 200RR,
chaukidar111.png,hnPgbh #ManVsWild #NarendraModi,
chaukidar114.png,qRa f g  lle 10,
chaukidar11.png,"meet childhood frnd after long time Bhai teri engineering complete ho gyi ab to tu paisa hi paisa chapega *le firand Arre ma chudi padi hai,",
chaukidar122.png,3,
chaukidar120.png,Mardangi dhoti aur moochon mein na hove hai .mardangi jigar mein hove hai.. -Saand Ki Aankh,
chaukidar118.png,. Baldev Prasad (Tanti),
chaukidar123.png,"Nigeria is richer than Dubai,but her leaders are corrupt'-Dubai Man...",
chaukidar125.png,,
chaukidar129.png,,
chaukidar116.png,50 500 000,
chaukidar117.png,Aaj Tak@AajTak4222d,
chaukidar13.png,,
chaukidar126.png,State bar electiong 3,
chaukidar133.png,n,
chaukidar12.png,76 CRT REIRE,
chaukidar134.png,g,
chaukidar135.png,,
chaukidar137.png,"Look,a b e happ TR blinc",
chaukidar132.png,hosds DAR PARDAH KOI PARDAH NASHEE-N DEKH LIYA HAI AB HOOR BHIAA JAYE TO NA DEALEGE NAZAR HUM Hafder.A @ihoider.o,
chaukidar130.png,AAjai kisan A reatty it's painfe he  A #farmers #JaiKisan #HARYANAPunjab RP ahaichara,
chaukidar139.png,shubhambest9305 #6Kg-42020 TrassisteTweel aga:ha,
chaukidar136.png,"Anjana Om Kashyop @anjansomkashyap TranslateTweet 88.6K 0:03/0:08 350 PM  Aug 17, 2020-Twitter for iPhone 9.4K Retweets 82K Likes.922 Quote Tneets",
chaukidar131.png,pe h 3,
chaukidar138.png,3,
chaukidar141.png,PIbyUh,
chaukidar140.png,h b9 a blle 9,
chaukidar142.png,yo fff...,
chaukidar144.png,,
chaukidar143.png,,
chaukidar145.png,,
chaukidar147.png,R    H$ 3ncio,
chaukidar150.png,GISR,
chaukidar146.png,,
chaukidar148.png,3,
chaukidar14.png,"chlsdl-faqy 9TchT hP p?b P E 1E E fqqry-q q..... MemerAdi Tu na, dunia ka sabse bada chutiya-hai",
chaukidar15.png,,
chaukidar151.png,ehe h ee,
chaukidar152.png,hphPPhsP he  3,
chaukidar154.png,Jab 1GB Ka 300 Dete The Tab Me Hi Aya Tha Sbki Help Krne FF Ab 31 March Ke Bad Koi Bhaga To Us Haramkhor Ko Saja Upar Wala Dega,
chaukidar153.png,afa,
chaukidar149.png,S3Anh2D t INOIATY,
chaukidar157.png,"Excuse me,Brother Brother!",
chaukidar155.png,,
chaukidar158.png,He messed Their Plan Are Yaar Apni Maa Mat Chuda um Kah Rahe Hai Apni Maa Mat Chudao!!,
chaukidar160.png,. - 9hbAg,
chaukidar156.png,f awesome 3 epic Rae @Laatkhor,
chaukidar162.png,hh99 hh,
chaukidar159.png,DAINIK JAGRANNEWDELHI17DECEMBER 2015 Phshhsh n,
chaukidar161.png,-3 -3 gorf iie,
chaukidar163.png,Virusa fch q t chilly chicken,
chaukidar165.png,,
chaukidar167.png,hHb-K -.-,
chaukidar164.png,GULZAR 3,
chaukidar17.png,..3 #ManVsWild #NarendraModi,
chaukidar166.png,OMG 8 Amazing Fact,
chaukidar168.png,29AFRIL 2019 f   g- c     a b,
chaukidar171.png,as ShPh8,
chaukidar169.png,14 allechlapa- s ah ello akn Rosee,
chaukidar172.png,HindSatire.com,
chaukidar174.png,sl  s GEi 5d,
chaukidar175.png,,
chaukidar173.png,s f SH,
chaukidar170.png,SMyNatioo MyNation #JammuAndKashmir TronsiateTwee hindi.mgnation.con 9:48 AM12 Aug 19Twtter Web App 2Retweets 9 Likes,
chaukidar178.png,h b h h h,
chaukidar179.png,chtf chh,
chaukidar177.png,,
chaukidar180.png,1120,
chaukidar183.png,:2 IPPe 2e>?Ih,
chaukidar184.png,,
chaukidar185.png,INOIA',
chaukidar182.png,Tere DilKePass HeHai Meri Best Song Mukesh Kumar Subscribee,
chaukidar188.png,iii1hbbFh6 ..!,
chaukidar181.png,Sachin Kumar Kashyap shared a sink. ... NEWSPOPO.COM -news Lik,
chaukidar176.png,gohet  n i    a   g   gnit be osf bsd el s ian eroic aae. y teber,
chaukidar186.png,9 p9n g h  P pk hle Ihe  an    o  d 3R,
chaukidar187.png,3,
chaukidar192.png,h5,
chaukidar190.png,,
chaukidar191.png,,
chaukidar189.png,,
chaukidar18.png,H 2019 Me  4? @drturshvadhan @dmarshvardhanofficial @drtarshvardhanofficial wwwdrharshvardhan.com,
chaukidar19.png,wwwdrharshvardhan.com @dmarshvardhanofficial @drtarshvardhanofficial @drturshvadhan,
chaukidar193.png,2019,
chaukidar194.png,319i M 3,
chaukidar197.png,,
chaukidar2.png,mI?m & RkR?IRR ofat fe   GRR..,
chaukidar195.png,GRR.. ofat fe   mI?m & RkR?IRR,
chaukidar199.png,A BIG MAN. 3,
chaukidar196.png,"hh W...... Tu na,dunia ka sabse bada chutiyahai",
chaukidar20.png,Pikk Haafamr e??,
chaukidar200.png,Day A Rich Man Took His Son Cn A Trip Ta,
chaukidar198.png,2015 h ntre,
chaukidar201.png,,
chaukidar204.png,hh Nojoto Jaya Mishra,
chaukidar205.png,H,
chaukidar203.png,666660 . #GoBackAmithSha #GoBackAmitShah 11:58pm,
chaukidar208.png,fR T'Snake Man,
chaukidar206.png,Grade nnU tTchngUU @l y4nUVabaDnU XRHUPnA7A+hAAU DDODD,
chaukidar209.png,RIR Id Il Hn hie,
chaukidar207.png,@611034627 OSrareChat h #man ki baate,
chaukidar202.png,99_9 AESOAEOROPAR mrmretyaeiaaaa gagan.mang,
chaukidar211.png,"Hum jahan khade ho jaate hain, line wahin se shuru hoti hai.",
chaukidar21.png,.BP370 ~ Politica e K-da,
chaukidar214.png,,
chaukidar212.png,11 like us on f/zeenews,
chaukidar213.png,,
chaukidar210.png,5ss s a19h3sp,
chaukidar217.png,NEWS follow us on/zeenews,
chaukidar215.png,NEWS follow us on/zeenews,
chaukidar216.png,. TikTOK,
chaukidar219.png,www.biopicstory.in Needle Man  a Arun Bajaj Llfe Story,
chaukidar218.png,@carsy Ohrechat BbP Brysai Ibbpan pssbla,
chaukidar224.png,Yaha lk Nahi Mil Rahi  ahab Ki 17 Biwiya Hai,
chaukidar221.png,a,
chaukidar223.png,,
chaukidar220.png,Apko kya lagta hai-Mahilaon ko kya lagta hai.Izzat ki apki.Bhrastachar kiya. Balaktar sorry Balatkar kiya,
chaukidar225.png,i,
chaukidar230.png,s27y,
chaukidar22.png,"fah,",
chaukidar228.png,R ab underground hone ka samay aa gaya h,
chaukidar226.png,HHff  aife fhu 3f3 HRh220 assa  ersahtbecom aprterestcoedhassi,
chaukidar229.png,- 3,
chaukidar222.png,,
chaukidar232.png,cn,
chaukidar233.png,,
chaukidar227.png,p Dil kardai FAKIR Ban Jaavan Birender Dhillons oy- TEASER go,
chaukidar234.png,ii    250f -,
chaukidar231.png,"- ii    Jab Shaadi Hoti Hai Toh Taanif Aur Jab Marr Jaata Hai Toh Insurance 250f aughing Colours Family,15Million Now.",
chaukidar237.png,Daal chawal khaker hima das 5/6 gold medal le ati hai aur yahan Pizza burger kha kar ladkiaan TikTok par kachra failati rehti hai,
chaukidar235.png,hb9h,
chaukidar238.png,10th,
chaukidar236.png,h 3iRS,
chaukidar239.png,fOdEerkramameran Abe Gaand Na Fulao Maa,
chaukidar240.png,70f PIeg,
chaukidar241.png,Ab ye bol raha hai HaatimSonpari aur Shaka Laka Boom Boom bhi Start karwa dete hai.,
chaukidar245.png,,
chaukidar244.png,,
chaukidar242.png,pic4pk,
chaukidar243.png,,
chaukidar246.png,Ab ye bol raha hai Dill Mill Gayyen Bhi start karwa dete hai..,
chaukidar247.png,3,
chaukidar248.png,Pe,
chaukidar25.png,fff...,
chaukidar24.png,100 250 500 000 hb Sb hle  Ph 3,
chaukidar249.png,hhph,
chaukidar253.png,,
chaukidar250.png,y4 yg,
chaukidar251.png,,
chaukidar254.png,"od,ddcyaia NEWSE wstorsoclal/",
chaukidar257.png,,
chaukidar255.png,NBT 2 in hh,
chaukidar252.png,3IGT oe 56286 bbe >corona fe 9aa,
chaukidar258.png,2019 30-30 #3,
chaukidar259.png,ee engalmea usiness KitRt jch IPitit  yn INDIA,
chaukidar256.png,"Feb.2015 NoV.2015 Nov2019Dec,2019 Feb2021 an.2020 TOXIFOAM OM YAMIN hc",
chaukidar26.png,lh Iklc lh.s 3kSh l3h Inlc(Sh.klalk. @man_no_vichar 3klsIh,
chaukidar261.png,,
chaukidar264.png,stagram@Hindi.jok 80%-,
chaukidar262.png,2 fbyabgc,
chaukidar263.png,46.57 40984,
chaukidar260.png,46.57 40984 Ajtak,
chaukidar268.png,DAILY HIND,
chaukidar269.png,,
chaukidar265.png,,
chaukidar271.png,,
chaukidar266.png,cbRI cb hlek hlek le3 e 3c R y fo facon,
chaukidar27.png,fa ShareChat https://bit.ly/dpstatus S...!!,
chaukidar267.png,ShareChat  fa f S...!! https://bit.ly/dpstatus,
chaukidar270.png,3 21/01/2020-,
chaukidar272.png,"Wife ko begum kyon kehte hai? Ans:Kyonki shadi ke baad sare gum to husband ke hisse mein aate hai,aur biwi Be-Gum ho jai Hailll WWW.GOLUAUTTAR.COM",
chaukidar277.png,2-3,
chaukidar274.png,Khari Khari News esterdayat08:33- e,
chaukidar280.png,ss om8,
chaukidar278.png,. AAAA,
chaukidar273.png,- f R,
chaukidar279.png,Chhat Tapakti Hai Kachche Ghar Ki VC Wo Kisaan Fir Bhi Barish Ki Dua Karta Hai SALUTE to our Farmers,
chaukidar282.png,,
chaukidar281.png,3 Ph,
chaukidar284.png,,
chaukidar286.png,nhbh,
chaukidar288.png,Man janbaazam,
chaukidar275.png,COMMENT,
chaukidar283.png,"#PUBG banned in India,Meanwhile Aakhir Wo dinaa hi gya 125",
chaukidar285.png,afe alfeoay aitey. ine,
chaukidar289.png,6 .,
chaukidar287.png,a ya,
chaukidar290.png,,
chaukidar29.png,b ydoI gH aI dIc gll 9,
chaukidar291.png,,
chaukidar293.png,Rakh Leho Pat Meri,
chaukidar294.png,Rakh Leho Pat Meri,
chaukidar297.png,,
chaukidar28.png,,
chaukidar296.png,199 amo #india Haryanvi Jaat,
chaukidar295.png,I 2391 Single Boys Hey Bhagwan Mar Diya Bechari Ko,
chaukidar299.png,333  yes,
chaukidar292.png,"Traeeerrr Dusron Ke Kaam Aaye... A Lekin Exam Ke Wagt Na Toh Aap Khud Insan Banti Hain Aur, Na dusron Ko Insaan Banne Deti Hain... Bachy Man k SuchyTag Your ClassFellows,Nd Friends",
chaukidar30.png,h,
chaukidar300.png,,
chaukidar301.png,f f3 2,
chaukidar298.png,# 26.10. 14777 150. 60.200. h e  El hh,
chaukidar303.png,,
chaukidar306.png,,
chaukidar308.png,,
chaukidar305.png,viralinindia.net P P   h h,
chaukidar304.png,"Hum Bhi Hamari Jamath Chord Ke Aye Or App Bhi EDH Aj Apne Bata Diya Apku Kisi Qayad Ki Zarurat Nahi,App Serif Apne Moulk Se Mohabbat Hai",
chaukidar302.png,50 years 4050,
chaukidar307.png,2n,
chaukidar310.png,MEANWHILEIN PARALLEL WORLD Bas kar chote aadmi Gundai karna band kar,
chaukidar312.png,1492 SORRYMAN,
chaukidar313.png,FEKUMAN MEA,
chaukidar309.png,6699 NAAZ-O-ANDAZ SE KEHTE HAI KE JEENA HOGA ZEHAR DETE HAI TAU KEHTE HAI KE PEENA HOGA usrat Fateh Als Khan ihoider.o,
chaukidar316.png,,
chaukidar314.png,hchstch Hhsta @S/entman,
chaukidar31.png,Posted On: @417130708ka ShareChat # Google Play SETITO ##bhagwa dhari man##Meme.,
chaukidar317.png,nPhhb #Farmer,
chaukidar318.png,,
chaukidar311.png,Sutianae af g sfs t3 2 akn,
chaukidar320.png,f hhy2 Rh,
chaukidar321.png,44,
chaukidar319.png,,
chaukidar322.png,FEKUMAN,
chaukidar3.png,raetasnitt 3f - h9 qif,
chaukidar315.png,E EXO AD COACH Nojoto Rohit Thapliyal,
chaukidar323.png,Mere Man Ke Andh Tamas Mein JAGJIT SINGH,
chaukidar324.png,BSMN e ef NEWS vstorsocial,
chaukidar326.png,,
chaukidar32.png,P JPphl hIE MB 3 AT? q R 3  a...,
chaukidar329.png,,
chaukidar331.png,IhlQE b EIpHJh 3,
chaukidar328.png,ANI icigins,
chaukidar330.png,GreatStory of Gretest Man Dr.APJ Abdul Kalam Motivational Video MA Malik,
chaukidar325.png,LAC 4KM 56 g blle,
chaukidar33.png,GRRSS Bccl,
chaukidar334.png,,
chaukidar327.png,"Sardar Ji: Hamne Mobile Marriage Bureau shuru kiya hai Rishtey k liye 1 dabayein Mangni k liye 2 dabyein Shadi k liye 3 dabyein."" ww.hamariweb.online Man:Dusri Shadi k liye kya dabaun? Sardar JiDusri shadi k liye pehle wali ka gala dabye",
chaukidar332.png,Buddha replyayo wvnsand you.cons KOOW,
chaukidar336.png,HR Gd1 qq,
chaukidar338.png,Fack Check,
chaukidar333.png,"Once a brahmin requested Ravidas j to bathe in the Ganga river Ravidas  relused and said: MAN CHANGA TOKATHAUT MEIN GANGA If your mind is pure, Ganga bath. Satlok Ashram",
chaukidar335.png,-Magarsaheb YourJuote.ir,
chaukidar337.png,3 hR..,
chaukidar339.png,.,
chaukidar343.png,,
chaukidar341.png,,
chaukidar34.png,Piuipins fh R 3-3-3 fhE,
chaukidar344.png,n 23h,
chaukidar340.png,-3-3,
chaukidar346.png,EDT+ST BABA Manjhi + The Mountain Man,
chaukidar342.png,Mie Whteey 2 he f RawiShastri,
chaukidar348.png,D,
chaukidar349.png,Man Vs Wild h   .,
chaukidar345.png,VS  He is my o/dfriend He is my aged'friend take care! He is an agedman. He is a badman.,
chaukidar347.png,.a IP Tyanipandit.com,
chaukidar351.png,f  hlyhy hh @Theshivainsta,
chaukidar350.png,"""Vikas Dubey after arrested from Madhya Pradesh for killing of 8 policeman in kanpur Aur ye main vikas dubey kanpur wala police ki giraft me,charo taraf police hi police",
chaukidar353.png,}hh 1h lrh  3 3g3,
chaukidar35.png,3R,
chaukidar355.png,a,
chaukidar352.png,126 36 5601600 d HAL,
chaukidar359.png,R2 3,
chaukidar356.png,HaI aRT? Achhe Din,
chaukidar354.png,Breaking news 60 ..,
chaukidar357.png,3 nhh * Antar-aatma badichanchalhotihai,
chaukidar358.png,PKHKRKnJ So Aisa Har Naam Dhiaiye Man Mere BHAIDALBIRSINGHJI HAZOORI RAGI,
chaukidar36.png,3 3,
chaukidar365.png,,
chaukidar362.png,,
chaukidar363.png,FUTrOCU ?,
chaukidar360.png,@417130705ka ShareChat 3a,
chaukidar366.png,BP370 ~ F,
chaukidar367.png,el c,
chaukidar361.png,el c,
chaukidar369.png,,
chaukidar364.png,Old man- me Old man:-hnn .me:-  f Nojoto Mansi Kapil,
chaukidar368.png,Happy Birthday Navjot Singh Sidhu From attending the event in Pakistan I am suffering from the hatred of people What a birthday I am having.. Nojoto Sonali Jirekar,
chaukidar370.png,3 ne    ea e -,
chaukidar371.png,,
chaukidar374.png,Woh Abhi Tak Mara Nahi Hai,
chaukidar372.png,,
chaukidar375.png,t  Amrish Puri Best Scene,
chaukidar373.png,f3,
chaukidar376.png,super sir ar y s,
chaukidar378.png,rcr2Ik & !PUk P lpbf elsoe!!,
chaukidar381.png,"3nfeaR, le",
chaukidar377.png,"le 3nfeaR,",
chaukidar379.png,fRraT hh,
chaukidar38.png,,
chaukidar380.png,"Yeh haath mujhe de dey Thaaaakurr nti k bhi Le Ley u Kaka k bhi Le Ley, OCTOPUS ban ja kutte.. Sorry yaar, tu to emotional hogaya",
chaukidar382.png,4-AbshaarG HEG www.abshayar.guru,
chaukidar383.png,,
chaukidar389.png,AGI,
chaukidar387.png,,
chaukidar386.png,3iqc 3jqq g 3Iq7 Hqdl  aT  HIh   2 IPp 3lyqf q 2 auR + fha d ? qT 34IH,
chaukidar385.png,Hqdl  aT  E HIh   2 IPp,
chaukidar384.png,2 HI # 8 aR dcT UP qf HRGD 2 dk 8 hJh dN  thh b,
chaukidar390.png,3 Posted@ WWW.SMILEWORLD.IN a    SMILEWORLD.IN,
chaukidar388.png,,
chaukidar391.png,f,
chaukidar395.png,"3 , f$ 3t, OHindiSatire.com",
chaukidar393.png,hfhy 3h H.. Baldev Prasad (Tanti,
chaukidar39.png,Ab ye bol raha hai Dill Mill GayyeDIL MILL Gayyg Bhi start.  karwa  dete hai.. Ha da haibc,
chaukidar396.png,,
chaukidar398.png,hedlE agee 1Ph hoonol,
chaukidar397.png,"Hindustan Supporl Modi 14 dg qT asq qgd\  qiet agait,d sh laln3 allehJaga-  e Ro$ ' le I E Ield Qc le 3alyoll qcoit at qcoit!",
chaukidar4.png,engalmearsiness al ai .s ls a yon INDIAY indiatvnews.com,
chaukidar401.png,Rb S,
chaukidar394.png,Raushan Yaduvanshi asr qI4q0hA yy RJD 3d 2p Ihl  p$p P b P t HE HE h DPe hIb IhIhPD EE H Hqyq 3qs a< qgqch i ii h IPt t SeeTranslation q$ ysif fsit  303 930 3igsiss  Like Comment Share,
chaukidar40.png,}qbJh2 L lrlh LIVE aaT 3iR 3IRydfG GdI3i a qR t fuI aeR,
chaukidar47.png,,
chaukidar41.png,,
chaukidar392.png,"aodt dlele ""pRne JokeScoff 3URaR, .Off 2e yh le 3 at aea,  a 3 Q5 ATE! Jokescoff.com iRPIeIne",
chaukidar45.png,Man ki Gandhagi Dur Kijiye Prabhu Ko Pana Hai To Pehle PhPhK,
chaukidar42.png,Prabhu Ko Pana Hai To Pehle Man ki Gandhagi Dur Kijiye PhPhK,
chaukidar49.png,3,
chaukidar51.png,2b Ar t  h ohh,
chaukidar53.png,"Baba Ramdev said ""He is Still against FDI BABA",
chaukidar44.png,,
chaukidar399.png,Beware of FROUD MEDIA 22hrs Isse bada wala dekha hai kisi ne?  3IR9R MA thbb H R NEWS18 657 4 1.2K 387 Comments 496 Shares Like D Comment Share A2K,
chaukidar59.png,Insta/aiman_writ3s Duniya Wale Chehre Aur Maal Ko Dekhte Hai.Mera Rab Dil Aur Amaal Ko Dekhta Hai..,
chaukidar55.png,yt  f,
chaukidar5.png,Daal chawal khaker hima das 5/6 gold medal le ati hai aur yahan. Chutiya baba Pizza burger kha kar ladkiaan. TikTok par kachra failati rehti hai,
chaukidar57.png,HACK FEKUMAN,
chaukidar62.png,,
chaukidar61.png,295109  PM,
chaukidar63.png,,
chaukidar67.png,areot,
chaukidar64.png,,
chaukidar6.png,G IRRFAN 3 Last Audio Clip Irrfan Khan last Audio Clip att when he couldn't attend the film promotions event,
chaukidar400.png,"/theFaltu.engineer Something Funny Excuse me, Brother Brother! WR ft  Wh'e IHF PH Something Creative O/theFaltu.engineer",
chaukidar65.png,,
chaukidar7.png,,
chaukidar75.png,atayefafrfya,
chaukidar69.png,h Dil Pe Monar Kab Lag Jaata hai? Subscribe f,
chaukidar77.png,c   PID g,
chaukidar71.png,i .,
chaukidar73.png,9 85 340,
chaukidar81.png,Pankaj Mishra @PankajMis.4h,
chaukidar79.png,RSD h h h414,
chaukidar8.png,"Vikas Dubey after arrested from Madhya Pradesh for killing of 8. policeman in kanpur Aur ye main vikas dubey kanpur wala police ki giraft me,charo taraf police hi police",
chaukidar85.png,222,
chaukidar83.png,222,
chaukidar86.png,Hffe f f3 Ht ag aife f aBenkohe H,
chaukidar84.png,,
chaukidar82.png,"AABPy  fABPUNCUT Indore: Man murders his wife and her lover, said I learnt from crime show zkaresgancey Bsdk satark rehne ko kaha tha sikhne ko nahi",
chaukidar87.png,2 y,
chaukidar89.png,"A girl shadi ke liye. ladka dekhne jaati hai Ladke ke ghar entry lene se pehle prayer krti hai... Rabba ya te saas changi hove.... ya tePhoto tangi hove."".",
chaukidar93.png,Gigl Rsciicid Mr.Sonu Sharma,
chaukidar90.png,Gigl Mr.Sonu Sharma Rsciicid,
chaukidar92.png,33 chul Tiwar,
chaukidar91.png,30 3030Student g TJEE Advance,
chaukidar9.png,33 Edited by Sachin Ganore 3 aaRla R3,
chaukidar94.png,,
chaukidar95.png,RSS MAN KILLED BY OWN MEN 1ADewas BLASTS ACCUSED KILLED BY RSS MAN,
chaukidar88.png,0899565@ MAN KI SHANT DrAjt kmar br allo wal#MN SHANTT,
chaukidar99.png,2bhhkphle b .,
chaukidar96.png,fa 3 .,
chaukidar97.png,fafaa3,
chaukidar98.png,".. .., g",
cong101.png,yC|qR A fGqI qR qa aI I I Pk b . h h - q  tI,
cong100.png,143 Viral-Status.com Viral-Status.com,
cong102.png,HINDIJOKES y hmh,
cong10.png,ssaata3raa 3ra w3mirchi.com,
cong106.png,,
cong103.png,3 esai,
cong104.png,20,
cong105.png,Rahul Gandhi Latest Funny Video,
cong1.png,2h Posted On: ShareChat @nsra Hi. ShareChat #vs  GETIT ON GooglePlay,
cong107.png,fc itee,
cong111.png,3ractaa,
cong110.png,3ractaa,
cong113.png,,
cong109.png,-h iee,
cong11.png,haha PH,
cong112.png,.. 9hnh F.com/Hindioo HindFunnyjoxes.in,
cong108.png,0000 Gplus Stage set Drapartvrst  K Mis hstiveallncsive for the great Gauhati fight WEE phase of LS polls in Assam Surge in voter turnout in second,
cong114.png,"- . 3iq T""3cT3 aAqT ar""acr"" aT 3la b$I2 I>Ih9 IP ekes i iIP e4 HIh Jokes11.com",
cong115.png,,
cong116.png,,
cong0.png,2h Posted On: @91926167 ShareChat 2012 h WEE FB/BharatKeeAwaz t pbh   700 15 353 26 6S-40 2.4 Pb2p2hlphapa 0009 0000 #3 vs  3#s,
cong117.png,Fjep h I JhIh lb ITe-IFIS efa? Pb2p2hlphapa 0009 E2 IL2  T2 IL2 2 byJ HindiSatire.com,
cong118.png,4 20 Shayarifarm .. 000 000 000 000,
cong121.png,Rahul Gandhi Latest Funny Video,
cong125.png,Facsbook.com/HindiJokes24,
cong119.png,Pbp R?h l2b f q alh h 3 alH q q C1$99RT R ee 4 hJ l b lP h2 bd qHI-qlb 2b JhR,
cong122.png,Sh NMF NEWS $Ie HRT,
cong120.png,3HT-HT3 English I  Man : What's this? Dukan Dar : this is Dahi English man : what is dahi? Dukan Dar : milk sleep at night and morning become tight...,
cong127.png,BP,
cong124.png,fe ARTE e'ellt Onl.ai..) 4T,
cong12.png,fh wife the theT Ihlr R.... Wife chT bWPH Without information fight everytime.,
cong13.png,oll 1,
cong129.png,faa,
cong130.png,adm geif HindiSatire.com,
cong133.png,,
cong128.png,,
cong131.png,ERRY RIRR,
cong126.png,"JokeScoff q1G 3T9 12 siC a1H cRId7, R31P ""leeHi 1Pld4 Ll4 RK h1 hllE Jh R3 STIP ""lee Hl och jokescoff.com",
cong137.png,"""BJPta..."" H.. atBJPai.. Facebook.com/HindiJokes24 HindiFunnyJokes.in",
cong132.png,FunnyJokes.in Hindi iy2p hhp pt yp Facebook.com/HindiJokes24 HindiFunnyJokes.in,
cong134.png,P jh 6660 FB.com/Hindiokes24 HindiFunnyjokes.in,
cong135.png,100-100 f. yoyre e,
cong123.png,"Jnene DIONI nop Ticket H.. Facebook.com/HindiJokes24 qll atBJPai.. #17 JO K VE S ""BJPta..."" HindiFunnyJokes.in  unny neta Ji Make Jokes of Neta Part-1",
cong136.png,FunnyJokes.in Hindi 33 Facebook.com/HindiJokes24 HindiFunnyJokes.in,
cong138.png,"9F, t ay  mie  ada Viral-Status.com Viral-Status.com",
cong139.png,3yoit enecryd aag e Shyoa,
cong14.png,SHIGRTtAQ,
cong140.png,,
cong15.png,5859572 9,
cong142.png,Funny Dirty Politics Jokes bs. cR3IRIE PR PO Rosp? SGH WWW.STATUSGURUHINDI.COM STATUS GURU HINDI,
cong20.png,,
cong141.png,ieePt Ph jokescoff.com JokeScoff,
cong2.png,Te $p IhWJP w3mirchi.com Hcaa,
cong19.png,rg adi aadaw am CUoh,
cong22.png,dasit-aRian at Humourworld.com,
cong18.png,,
cong17.png,2h Posted On: ShareChat @91926167 CAA faety p  s ah elo y Ple #PhirkBaarModiSarkar Ehahlbloageplasane Taganplleans gaele soo anedlg alega papageneo elopafscla gPhagaaple #t vs  GETIT ON GooglePlay  CAA f .,
cong23.png,3RGUTHRT Shayarifarm,
cong21.png,fqq8r FT T 3RHdT H4RT H\4T aEI IFl>q InlIc q Ph qwJb 3ITET..!,
cong25.png,24q hhlle aifca UUU 4,
cong28.png,qy 46c PM qAT 4  $ 4en t ? dIPhdg IsP Z QUcWIh dh PIe H$ jIh?J S8 ec I$hK FDIE t kQJb FB.com/Hindifokes24 HindiFunnyJokes.in,
cong26.png,,
cong29.png,i22$ 8666,
cong16.png,3Mrch hT f Ranly PIHe fahyT eTTI w3mirchi.com hllnleldJ dh 3 3114 H Hod ig 5,
cong30.png,FunnyJokes.in Hindi 3iR Facebook.com/HindiJokes24 HindiFunnyJokes.in,
cong31.png,HINDIJOKES ahA ah?. 3yhh,
cong27.png,LO Hia Facebook.com/HindiJokes24 L 3ite,
cong34.png,,
cong33.png,,
cong32.png,.. 9hnh FB.com/Hindijokes24 HindiFunnyjokes.in,
cong38.png,,
cong36.png,ThePrint HIROU RASHTRA,
cong3.png,3Mrch ST Ih  educit HART hT ? w3mirchi.com,
cong35.png,iet ohyaaro.com,
cong37.png,q44PM 7PR 6666 F3.com/HindiJokes24 HindiFannyJokes.ine,
cong39.png,iga3a3 AR mraaa,
cong40.png,Viral-Status.com Viral-Status.com,
cong41.png,fP h geee FB.com/Hindiokes24 HindiFannyjokes.in,
cong42.png,h   Whatsapp   . Joke a  Busy  PM a,
cong43.png,BJP. BP. #aRS,
cong44.png,1947,
cong24.png,Name Sessional Th+SS PracticalTotal HND 018 017 035 ENGLISH 013 018 [31 031G C35 SCIENCE 015 017 032 032G SOCSCIENCE 015 017 032 032G MATHEMATICS 014 017 031 0310 SANSKRIT 015 610 034 Total Marks 195 034 Percentage:32.50% Third Diyisign By Grao Fb.com/BjtiuSharma bkes Hh ..,
cong45.png,Fb.com/BjtiuSharma bkes,
cong47.png,3it i22$,
cong46.png,3,
cong49.png,O5Miren f  . w3mirchi.com Miss Call R at,
cong50.png,en3eheoo3s b esh ocamh elln  Jonaje s,
cong48.png,2019 HRd,
cong51.png,- -,
cong57.png,Ro y y,
cong53.png,2 22,
cong54.png,,
cong55.png,SGR,
cong4.png,"MIrch BJP HHo BSP HHo 1P RT-HH hH w3mirchi.com 3R ac3t qR, c at y  IbpE Ke $hH aT3IT, aH $I 1h JPhIE U. -",
cong56.png,h kes i.-yi. johdens Jokesll.com,
cong52.png,LO Fonaydo ttep,
cong5.png,I+ !le Whatsapp TE had Joke aifeft: Busy  PM IhR L SRAe: 3 E,
cong61.png,NEWS RIE,
cong62.png,VPOROUPIN CONGRESS WHATSAPPGROUPLINK,
cong58.png,BJP BSP H . 2 w3mirchi.com 3   3  .,
cong59.png,Rhs,
cong60.png,3141t RSS aR 3q afeater 122 afay yoHR,
cong6.png,2019 3 2e w3mirchi.com Riys a at,
cong66.png,"Hgolt erteciyd tot ""$h yoa",
cong65.png,,
cong67.png,24q aifa 4,
cong63.png,-t 91926167 what's thig? Dukan Dar: this is Dahi EVM atad Milk sleep at h,
cong70.png,d  fb o  Ticketl ql oRd,
cong68.png,d  fb o  Ticketl ql oRd alcqpol #17    Funny NetaJi Make Jokes of Neta Part,
cong64.png,91926167 h EM 63 Hf allh h W3 EVM atad,
cong69.png,Shayarifarm,
cong72.png,BIP CONGRESS maskaree.com,
cong74.png,,
cong71.png,"DIRTY POLITICS Tokes, Shayri, Status in hind. SGH",
cong75.png,,
cong77.png,iie he kes JokestL.com,
cong79.png,Facebook.com/HindiJokes24,
cong73.png,Jofeswale ci h,
cong76.png,KOR,
cong78.png,100-100 . yoyte e,
cong7.png,w3mirchi.com dh  B fG q1At PM Ehle qT. Yt hIE L4 FIP>4JIh fat giramT! w3mirchi.com,
cong80.png,,
cong81.png,3mirchi.com,
cong84.png,f3,
cong8.png,143 ychtchsch Viral-Status.com Viral-Status.com,
cong82.png,Funny Dirty Politics Jokes S R3R  3dR    olf esc !! WWW.STATUSGURUHINDI.COM SGA,
cong83.png,BP Hare Visit SmileWorid.in,
cong88.png,IRST CUT BYMANIU,
cong87.png,ININDIA Human Rigtts De JANUARY TO DECEMBER 2004,
cong91.png,.a.ff,
cong85.png,13 . 1s   .,
cong86.png,@nsra a0vsws k,
cong89.png,1966 2019 9,
cong95.png,,
cong93.png,H IHresn,
cong90.png,Li-Lue af fa HindiSatire.com,
cong96.png,Ran Wllepoaale 317 i2elewasyeagea,
cong94.png,pph p hb ... Wife  Hd   Without information fight everytime.,
cong98.png,fascitfae,
cong97.png,,
cong99.png,Bhoha h,
cong9.png,"ehr HRA"" w3mirchi.con tait",
corona1.png,,
corona101.png,STAY HOME STAY SAFE f 3,
corona10.png,3a 13 dindi Di,
corona104.png,oRa,
cong92.png,StarCra -2012 .h STO 700 15 35 6S-400 26 2.4 22h0009 r  seatsain P,
corona100.png,af 000 Jokes11.cem,
corona106.png,anns snao Sdd t3,
corona102.png,chRloll aRRT chi chYcr y6T Sdolt cidt  3 wue  b gP q9 R ) fch   h ch h   WWW.SHAYARI.GURU,
corona105.png,w3mreh.com fc-3 ilPg -5,
corona103.png,h -100 s-i,
corona108.png,H40R,
corona0.png,# lg y ywy H40R andi Pics qH 4sT a5 qr  2RIq t y  d ua Inf 3fgcRh aR q qf q ch<7 q faqR IPyH Is Ih a! @Hindi Pics,
corona107.png,PW$PH 33 h2,
corona109.png,c3R3R***,
corona113.png,lle  e s it    PR Ie Rhe,
corona110.png,fa a sn -  we  h  SRTR  hE  Schh hlohbbh,
corona114.png,3- 9 Rifch,
corona117.png,GO 21 Corona 21,
corona118.png,PStop_Cero,
corona112.png,quqR ycchd ych ara yo ft eft ? qff at 3rR ISnIe l dUs IblW UIh IIlt 3ael gan ?ft arT ??? veg HRR... jokes...,
corona111.png,(eg ee)  ch agm d g ai ra... f RPOOPR,
corona115.png,ych ara yo ft eft ? qff at 3rR 40 ISnIe l dUs IblW UIh IIlt Raf 3ael gan ?ft arT ??? quqR ycchd,
corona11.png,www.FunkeyTune.com AACISUR Alsche I lr?e l Lp 3 ARCR Funkey Tune f/Funkeytune,
corona116.png,e OAA,
corona119.png,e TCORONAVIRUS #STAYHOME STAY SAFE,
corona12.png,Hindi Pics H- HindiPics.com,
corona121.png,R h .,
corona122.png,Lockdown Ki Wajah Se Maine AnnnBoorn Char  manc Rpkhgoord onar,
corona120.png,a ! #StayHome#Coronavirus,
corona124.png,CCCCCCCCCCOC qaaf,
corona125.png,2-3,
corona123.png,hn n Pics HindiPics.com,
corona128.png,HGGR GCR,
corona126.png,Teachersh3 eeee Bittu,
corona129.png,HoRfahy UaiGceet,
corona127.png,For example. . Jokes11.com,
corona130.png,chRAT ite HindiPics.com,
corona132.png,R3aRA T4 4. -,
corona131.png,Haniea ae . 07 cdicle ureufa aea,
corona135.png,,
corona133.png,abodofioys,
corona137.png,h6N H-3,
corona134.png,6000   3,
corona136.png,8,
corona140.png,2E,
corona13.png,a3 indi TEIPe GRH 9 a3 c4rq 30-35 SGR HindiPics.com,
corona138.png,,
corona139.png,cieule PART-2,
corona141.png,f ..! ff,
corona14.png,ff shayari4u.com ..!,
corona143.png,SMILEWORLD.IN ehen,
corona147.png,ft enlockdown 3tsf refaa,
corona142.png,LOVE YOl  .  g inn,
corona144.png,,
corona145.png,"Ghar par baith ke sabhi apni Shaadi ki CD dekhna Kasam se, Corona ka Dukh Bhul jaaoge.",
corona149.png,3 social distance faal ay  yfy,
corona150.png,h2bah12 t d bh LIVE SACH,
corona146.png,hehblle,
corona152.png,f kes fRS Jakesll.com,
corona148.png,hospital perfume,
corona151.png,"-3 MichST , ARch",
corona153.png,abshayari.guru Corona-Virus qfaf 2hK AbShayari.Guru,
corona154.png,3  oo w$mirchi.cond Ph,
corona155.png,w3mirchi.com - PU  ah- 3-f 3,
corona159.png,itte  ee 24l Kes Hh 31 f!,
corona156.png,3,
corona16.png,n Hindi 3 Feeling Sad With 44 0thers' HindiPics.com,
corona157.png,Hhh    hh qi ni Jokes11.com,
corona158.png,fiaft? HRs Down,
corona15.png,9 dh dB h>h e4 E 182Ie a4 tH4  qaf fchqT Iockdown tc HchdT WWW.MANOJPANWAR.IN,
corona160.png,Jokesl1.com,
corona167.png,NEWS18,
corona162.png,,
corona165.png,,
corona161.png,,
corona163.png,ffa3 h SWOWEAT,
corona164.png,hn96,
corona169.png,,
corona170.png,JOKES,
corona17.png,,
corona172.png,,
corona176.png,,
corona174.png,gah fy.,
corona166.png,e f S Richa Pandey,
corona173.png,2 00 APPRODS,
corona178.png,,
corona180.png,,
corona171.png,1hh f 19h wwwopnarr.con psiacpafe,
corona168.png,y ee p 2000 1 0 2000 @Jokes11,
corona177.png,Coron   a y. WWW.SHAYARI.GU,
corona179.png,Hindi jekes aeea A Place For Entertainment.,
corona175.png,p f bababali,
corona182.png,Beats.in  ct acso h,
corona181.png,hb fgEngineering,
corona18.png,Coronavirus Www. ARIGURU a l al adi chi 3niR Hh b RR9E dIeR I lPk3 chdT WWW.SHAYARI.GURU,
corona184.png,f H  www.haribhoomi.com,
corona185.png,3 atcr Sanitizer,
corona187.png,TikTok Posted by:-akadstatus.com,
corona186.png,,
corona188.png,,
corona183.png,Shayari4u.com hh3 e  shayari4u.com qR  yuR at HRh CT ch< nf 00,
corona189.png,he  Happy Holi,
corona194.png,,
corona19.png,h Hindi ics  ff 14 HindiPics.com,
corona190.png,"abshayari.guru 3 AbShayari,Gurue",
corona192.png,21,
corona195.png,D>bbeIILI,
corona191.png,D>bbeIILI,
corona196.png,.5 f,
corona193.png,Jokesmasti f 9h,
corona198.png,,
corona199.png,h 3 fg!,
corona197.png,COVID-I e . #Stay Home Stay Safe wwwshayariguru,
corona200.png,quarantine Be Safe From Corona,
corona201.png,g  amarujala.con,
corona203.png,h h,
corona20.png,"cci, n y nen8 7 n 30 i ISI6 3p yRIb www Shayari'Curu Corona-Virus www.shayari.guru.",
corona202.png,Jokes h  1. eIhh 2. h  h hsh For TIKTOK KAHANIHINDI.COM,
corona2.png,PH chRT Hindi Pics cRTf a1 Made in China ?! HindiPics.com,
corona204.png,"ch  $ Rucirjen, faad, RR g 000",
corona205.png,LockDown /gigsd #Stay Home Stay Safe,
corona209.png,JokesMasti,
corona207.png,ch<f #AT aA3R  eP e kk yt b oeee,
corona208.png,P Ph 19 eeee statuswhatsapp.co.ino,
corona206.png,"MILEWORLD.IN ""t  Feeling  i3 3 iphhte SHPOWODAT",
corona211.png,,
corona212.png,yet rarch 33  f WWW.SHAYAR.GUR,
corona210.png,"JokesMasti Ph2pu 2g,fP Hg ooee",
corona218.png,,
corona213.png,h ***,
corona215.png,d,
corona216.png,Ae 2119 i,
corona21.png,HRCh* chT Ohyaaro.com,
corona217.png,Kes,
corona224.png,,
corona220.png,,
corona214.png,Must Read Coronavirus Motivational Poem   3 nalwayatanchal@gmail.com Pratapgarh Rajastha,
corona219.png,1 hy    d h www.haribhoomi.com.,
corona221.png,h Stay Home Stay Safe,
corona223.png,. Jakesll.com,
corona225.png,,
corona227.png,,
corona229.png,..,
corona228.png,Mai Meri Ex-GirlFriend ko Dusre Ke Saath Dekhkar Kabhi Bura Nhi Manta..!. Kyonki Meri Maa Ne Kaha Hai Khele Huye Khilauney Garibo Me Baat Dene Chahiye.,
corona231.png,,
corona222.png,fllth aaitofih R R a! HIh,
corona230.png,SOA 512192 6.13.2 AN,
corona226.png,"airia. FERFLE asalartal Smitcreation, aaata",
corona22.png,"abshayari.guru 3|[] qT abshaya f DltP UC l3h H>hlb IL>l4 lhlle Scl ltr Sh 1Ela HROR 314$ T H 4 19E I Uthe AbShayari,Guru",
corona235.png,ee     aact ys  iiayle,
corona232.png,"f DltP UC l3h H>hlb IL>l4 4 19E abshayari.guru AbShayari,Guru abshaya",
corona233.png,13s 148 0000 030 Like  Comment Share,
corona234.png,LL3b Lb Isb LI4 -,
corona23.png,"abshayari.guru gERT 4 IB L  MR. AbShayari,Guru",
corona240.png,Even the emojis are very particular about the corona virus.,
corona237.png,e 3 33 3R,
corona236.png,"Ek baar pappu train me safar kar raha tha. Train mein bahut bheed hone ke kaaran pappu ek ganje aadmi ke god me baith gaya.... Aadmi jhunjla kar bola:Ha Ha mere sir par aa kar baith jaa Pappu :Nahi, uncle main yahi thik hu, waha se fisalne ka dar hai",
corona239.png,LockDown h h,
corona238.png,fs 3-4gkes hll thle ht Jokesll.com,
corona241.png,skes Jio t Sim Jokesll.com,
corona242.png,NEWS BREAKING    NEWS,
corona245.png,"3ifotd, e ilt... ee",
corona243.png,qwyqff ADVOCATEi f,
corona248.png,palee-ah -. hle-a2,
corona244.png,WWWMANAIPANWARES 3 CORONA VIRUS Rq4R  fg a3 lockdown  f,
corona247.png,"s... wf 2-2 aa"" latesisms.n",
corona24.png,HIH W$pJ ft IF4 3i Oh Yaaro?.,
corona249.png,hn,
corona246.png,1 JokesMasti 20 1 h h 2,
corona250.png,a R OJOKES,
corona255.png,,
corona252.png,PUBGLUDO GULLYCRICKET fa,
corona257.png,h..,
corona254.png,h..,
corona25.png,Coronavirus WWw chRI6I aRRT chT K yJ 3   k RpE R9 fch ad ad oh chr wd fchT ch ck fIg coIRT eIT WWW.SHAYARI.GURU,
corona253.png,h Hindi ICS 14 HindiPics.com,
corona251.png,38KG 16.6KG. H hbhgnP hl  n ISRO,
corona256.png,H hbhgnP hl  16.6KG.,
corona261.png,ABCDEECHijK LM,
corona260.png,PRGARA 3 SICRH GRHGGR,
corona263.png,,
corona264.png,,
corona258.png,aanrat AACTSOR Funkey Tune /Funkeytune,
corona259.png,,
corona262.png,,
corona265.png,dGcilclall Ohya,
corona26.png,hy f.... qel... Imr Ohyaaro.com,
corona268.png,cea lcb lp$Ih TikTok .,
corona267.png,,
corona269.png,"oe -h cpapicab espleacpea ""ta-yh 31",
corona270.png,,
corona266.png,Try a. 2 Deshaspark.com,
corona273.png,fect,
corona272.png,3 HILEWOR,
corona277.png,,
corona274.png,atestsms.n phlkhhr?,
corona271.png,iIh Rcal aart! #NPR iblnppin #Yes Bank #CoronaVirus masti ki pothshala,
corona27.png,.0  chRI 3 'S Noe,
corona276.png,RG-3RCTqS fuc*c,
corona275.png,3 VWW.SHAYAR.GURE,
corona284.png,. Hoeh h,
corona280.png,,
corona279.png,.yu 5 s q,
corona278.png,ar. 12. 5 SMILE EWORLD.IN + SMROWOREDS,
corona281.png,enjoy  ..,
corona282.png,314 inp 090 Jokes11.co,
corona285.png,h,
corona283.png,- 9000000e Jokes11.com,
corona28.png,Coronavirus WWW.SH ARI.GURU pR2 IeRJF chRl6l chT dol8 R B In I9p ys.. Sn8 K WIe2 art frIac..!! WWW.SHAYARI.GURU,
corona291.png,f 3,
corona286.png,JokeScoff.com 3f eppe   a JokeScoff.com elea ana  e,
corona287.png,H 3h Doctor 3i h Advocate Uhlehlle e ht  36666,
corona289.png,Jokes Jokes11.con,
corona288.png,f- HSt Kiss - Kiss ha   f-,
corona295.png,,
corona29.png,eI yonol E E Corona SL,
corona290.png,Corona p 3pe Rc8 Tye Ia WCHT,
corona293.png,Lockdown School Meeting fa,
corona292.png,33 hh b e Sal taatsts,
corona297.png,,
corona294.png,DHAAR www.shayaridiary.com,
corona299.png,ych ycch AAcsR cht L Ihe hP DbP JokesMasti qRIT qTq,
corona296.png,JokesMasti AR 45ct aR f,
corona301.png,a...eee,
corona298.png,PESmh f+f fh.. yoph,
corona303.png,. ha,
corona300.png,qy ADVOCATE  100 JokesWalad,
corona302.png,-,
corona30.png,dIQ I3n k rg5  T 3 I& ich..... Sk y bUo k DIdS guru www Shayari!Guru Corona-Virus www.shayari.guru,
corona308.png,HindiPics.com ihk,
corona304.png,hh  ch53G hllee t E? lhl y  TIKTOK VIDEO i 9e Jokes11.com,
corona306.png,"abshayari.guru Corona-Virus G i""lh3 Ip6 3 f AbShayari,Guru",
corona307.png,,
corona309.png,rTf Exams   Exit polt 3 Skes 3-4 i Jokesll.com,
corona3.png,A chRT 34T  aRqT a UE COCC,
corona312.png,,
corona313.png,,
corona310.png,LockDownc,
corona311.png,at a RETV,
corona305.png,fafsaafsf 3f 2 3f- 3-4 atyod 3 latesisms.n,
corona314.png,,
corona318.png,www.turt.com,
corona31.png,h h- T.... 2n Ohyaaro.com,
corona316.png,Girlfriend N h 9h eH YealeSmt ql sa Late Entry,
corona317.png,Corona18 2h,
corona315.png,s ft  RCIST fu f od,
corona319.png,,
corona320.png,fai shayarl.page,
corona32.png,"abshayari.guru Corona-Virus GT TT ii""kPW 33 Ihb AbShayari,Guru",
corona323.png,Bass ek bar corona chala jaye...2-3 hazaar ki Paani-Poori toh akele kha jaaungi.,
corona324.png,th2'rt yte I JhIPE Nb J?h 2kk JN i Jr Mn nqp,
corona322.png,H tc Ih $l 4T Eb? ah... 6,
corona321.png,HA 2h HA HA,
corona325.png,SMROWONED,
corona327.png,cha JokesMasti fch.... 9 oeee,
corona326.png,,
corona329.png,~ R f.. iipee,
corona328.png,qfa    yh,
corona33.png,Corona-Virus Corona-Virus h3 .. .A. Oh Yaaro,
corona330.png,R Hind ICS R HindiPics.com,
corona332.png,"t3 o#Ful  t    - en b e f,",
corona331.png,Lockdown e  School Meeting 3- farg..,
corona334.png,,
corona333.png,chHA t gE fA a fah 310c Uc[!H f9F f38 JokesMasti,
corona336.png,3 3,
corona340.png,,
corona335.png,yhemh f Jokesl1.com,
corona337.png,,
corona338.png,tc RT  SC,
corona339.png,2 qRR 5,
corona342.png,"""$ut E? Phle SOWOAT",
corona341.png,21,
corona343.png,21,
corona34.png,"abshayari.guru Corona-Virusd f2T qT 21 Hh AbShayari, Guru",
corona344.png,JokesMasti R 1,
corona345.png,JokesMasti 1,
corona346.png,S -candy crush 31 a.,
corona349.png,qica are  e 2ele ft f,
corona347.png,1 a-,
corona352.png,fadt y he feat3 gca,
corona350.png,JOKE R hhh f.. chlle,
corona351.png,OMF L.K.G.TBoy Girl at.. Boy!! Boy Meh2,
corona353.png,9R 2020,
corona354.png,CORONA VIRUS MANO3PANWAR.IN WWW.MANO3PANWAR.IN,
corona355.png,WWW.MANO3PANWAR.IN,
corona357.png,h  -    bte,
corona356.png,NET hlle hyhle ie  Jokes11,
corona358.png,,
corona359.png,yI$dc siiq q),
corona348.png,ihhe  n. Hindi f ICS 50040 HindiPics.com.,
corona36.png,SMILEWORLD.IN .. POSTEDAT,
corona35.png,"qT45t Hqqqq mk JTT jas lp lcln JokeScoff 3mq le jas jp j3a ""CICd|C oaq iah las le la le ab Jokescoff.com",
corona361.png,yout gr hsh lnh,
corona360.png,21R hT  q JokesMasii #21Days LockDown,
corona363.png,2 pe ahha ea -mh dab-pa2 e-nh,
corona362.png,at Pamphlet 30-35 HindiPics.com,
corona365.png,ah  iIna laa-s Phblaa hll-l St-.,
corona370.png,,
corona368.png,12 hh,
corona364.png,e  r g  -tsag a:ari 31 ee g fc,
corona371.png,TIKTOK,
corona366.png,500- 5000- h-0000 40000- 50000- 75000 .,
corona369.png,4 fPhoto FB  Whatsapp  Jokes11,
corona37.png,SMILEWORLD.IN .. ya   3 t TikTok  POSTEDAT,
corona376.png,,
corona374.png,fsf e e -e,
corona372.png,plt h .,
corona375.png,f,
corona379.png,,
corona373.png,HA-HA! Reogeda n qay a     . q f   6  q,
corona378.png,h,
corona367.png,CORONA ALERT deb-3 SELF ISOLATION QUARANTINE 4 f SOCIAL DISTANCE 22 Etc,
corona377.png,MOBILE FUNNY SMS t 3nt f  at at PLEASE OSTE WWG FAREAOUKCOM/HODAELNNYSHS,
corona380.png,abshayari.guru AbShayari.Guru,
corona38.png,R Jarle laa ic Tq en ac hhnn uJokeScoff Ap|o 3h 4C,
corona381.png,33 WWW.MANOIPANWAR.IN,
corona382.png,Ach,
corona386.png,,
corona383.png,SILEWORLDIN h Ah  h e,
corona387.png,Holi Jokes,
corona384.png,WWWMANOIPANWAR.IS q3t a1ga qi 34 4 U Ih Ilh t t a4f am 9a G3 CORONA VIRUS *Ih Pe Ie >h f Ule EH|Eh eH a19 qi7,
corona385.png,MAGE 3ITS4,
corona388.png,3-What is this? 31 -What is Dahi? -Milk slecp at night and morning become tight,
corona391.png,amarujala.com  -ea ale2 e2e e-e,
corona389.png,0200 @TMirch hPh h,
corona39.png,,
corona394.png,www.jokesmantra.con,
corona390.png,broughy to you by www.jokesmantra.con,
corona392.png,RC,
corona395.png,,
corona393.png,3R RK E 5 E 3IUhdE DELHI,
corona399.png,3l,
corona396.png,amarujala.com s- -ele 5- eleay-eele,
corona398.png,"ba Dhaja  wlc e aabe fe  et L Ikir,, e  abac f.",
corona397.png,WWW.MANOJPANWAR.IN q<H  2 am A Rq1E aMRq 3r CORONA VIRUS qRgfgq2ft # a4 q1sT f 15 at ct a t TS JUST AJOKE,
corona401.png,3    WWW.SHAYAR.GUR,
corona4.png,Lockdown   School Meeting 3- far..,
corona400.png,ffa andt t e he,
corona402.png,,
corona405.png,Page-8 Jokes,
corona403.png,,
corona406.png,3s,
corona407.png,PWh q EEISqL Bat nt c rt  Ro papc   e a  aeph,
corona409.png,Funny Satire Jokes in Hindi,
corona404.png,PH UaIlbb Hindi ICS tee Made in China  HindiPics.com,
corona408.png,h JOKE #PetSaffaHarRogDaffa ... gt 10 h,
corona410.png,hoyoripo,
corona412.png,,
corona41.png,3  T R... f  fy... SMILEWORLD.IN POSTEDAT MILEWORLD.IN,
corona416.png,FUNNY JOKES one/da HINDLONENDIA.COM,
corona411.png,9 S3,
corona414.png,"Caller tune at  positive,",
corona419.png,,
corona415.png,fosch3,
corona413.png,www YLT Reene hlc  n   CORONAVIRUS #STAY HOME STAY SAFE Shegeri,
corona40.png,qd 3RIH 3 RET 2  3RIH q 3.. f9 H 30q 3IRIH 3RIH Oh Yagro,
corona422.png,,
corona418.png,EWORLD! b Ph i 3. SOWODA,
corona424.png,,
corona425.png,CRRAH,
corona417.png,e fa. Hchfat cn h eee,
corona420.png,,
corona42.png,SMILEWORLD.IN he POSTED AT SMILEWORLD.IN,
corona421.png,"eeeeeeee ""Stay home, safe life qy jllllt i3 3",
corona423.png,"ipph ""Stay home, safe life",
corona427.png,hhe h ish,
corona428.png,,
corona426.png,,
corona433.png,Ghar Se Taali Bajane ko Bola Tha Dhol Manjira leke Raste Pei Kirtan karneko kisne bola,
corona431.png,Corona Virus f  Made In China,
corona430.png,"""",
corona43.png,SMILEWORLD.IN PH lEI>pB Hre? ?e e ? Ph qlfa at Made in China  POSTEDAT,
corona435.png,h HBD HBD  HA HA HA =Happy Anniversary,
corona432.png,Coronavirus high temperature me nhi failta aur bhagwan to barish aur ole tapka rahe hai lagta hai iss bar nipta ke hi manenge,
corona429.png,g  2i fe lalle2 - t a CNG  - reaa,
corona434.png,chs song g H C Pb4b4 hb 33  Plle 5.11,
corona437.png,R #4,
corona436.png,Talledh 3. y f COVID-19*,
corona440.png,3 fe,
corona438.png,4980 fb.com/groups/ FunnyHindiJoke A,
corona442.png,eea o or aa,
corona439.png,Whatsapp  Facebook  emojis  ban online,
corona441.png,w-. ch,
corona443.png,MILEWORLD.IN Hhhh e SHPOWEDATN,
corona44.png,SMILEWORLD.IN  Feeling . ify3  Hhe lhhta POSTEDAT SMILEWORLD.IN,
corona446.png,,
corona449.png,https://beavtifo-HindtsNayari.blogspot. 12f... 5,
corona448.png,Hindi i,
corona445.png,LOVESOVE.COM e clol -960 al is ol e,
corona450.png,- h -,
corona447.png,-3 yy.. ....ata yw.. h,
corona444.png,"qqR - wJokeScoff . e qga,",
corona45.png,"FH 1621E YtJoH Et P ElE   s$t 3iR 3a  3Tcr G 33o f""aRT' @#% ShareHindiStatus.com",
corona452.png,Zz Good Night Zz,
corona454.png,I Love You    R aaa e ne on  s,
corona453.png,ARROI   CO seasinsuregoio,
corona456.png,,
corona451.png,ee December s .a      2020 . 2021t    Happy New Year 9nCdeance,
corona455.png,Ihle leln q6 7 LOL,
corona458.png,"aeg ohllc b 2  f at Made in ChinaElait  RT aRR  CE, d CE.",
corona457.png,hn 2,
corona461.png,,
corona459.png,1-a- 2-- 3- 4-fa- 5-- 6-- 7-ay-,
corona462.png,nle ase nle aen anie yamle,
corona463.png,2 ihh,
corona460.png,10-12 JokesMasti 1-1 ooeee,
corona465.png,a-Nirus,
corona464.png,- #...????.,
corona466.png,S43,
corona467.png,,
corona46.png,ch h J- Ihb J .A. Oh Yaaro,
corona469.png,Hig  a,
corona47.png,,
corona468.png,h .    COVID-18,
corona473.png,f ahg,
corona472.png,as n aae  an s  as paean,
corona476.png,U-keToBantaHais Corona Toh Baad Mein Marega.Pahale yeh Phone Lagaate Hee Khaansane Vaala Buddha Jaroor Maar Daalega O,
corona470.png,M.rch ihePh .. w3mirchi.com,
corona471.png,..,
corona474.png,hsf f i @Jokes11,
corona475.png,frchet,
corona480.png,3 100%  Klh IP WtE Jnyptte,
corona479.png,3R ghatna  Ghanta  iI9P E Fh yre Jokes11.c,
corona477.png,,
corona478.png,Gussa Kitna Bhi Ho Pyaar Tum Hi Ho Download 4Fun Rpp Get More Video Status,
corona482.png,,
corona481.png,HindiDigital.com,
corona48.png,SMILEWORLDIN HNormal 3gya  Corona  Updated Version 3 POSTEDAT MILEWORLD.IN,
corona483.png,sall..... HIP,
corona484.png,,
corona485.png,2 alle be P  15 .,
corona488.png,10003 si-3f,
corona487.png,oLockdow -Lo STH,
corona486.png,April Fool April Fool 7April,
corona490.png,#14 RiHn,
corona496.png,,
corona489.png,3 ..21 t 9h S bn,
corona492.png,ea,
corona49.png,SMILEWORLD.IN $lt b? POSTEDAT #StayHome#Coronavirus SMILEWORLD.IN,
corona494.png,,
corona491.png,Jokescoft.com REAKINC JEW eh 999,
corona493.png,y 1 C096,
corona497.png,h Virus3Corona 3 Corona,
corona495.png,caller tune  CORONA  .afa 2  Hello,
corona498.png,UNSPIRED,
corona499.png,h$b mh P yyfsf ihchdahd sayarsnindio,
corona504.png,Hecet-ae yoaefdt .quy - aeifo yo.,
corona50.png,Coronavirus R 3c R Iek K dle I2 ETHCh? 3131 cRT fHcld? WWW.SHAYARL.GURU,
corona501.png,,
corona500.png,chR caler tune CORONA   PARAS Officia_Pawan_Parashar gy Helo,
corona503.png,,
corona505.png,3Lucknow fra LockDownq aa eeoe,
corona502.png,LockDownq aa fra 33 eeoe 3Lucknow,
corona5.png,@viralmemes2020 yaFl2 'p3Ih E U F dUs   I 26 Gq ah HGllch @uiralmemes2020,
corona507.png,HR H,
corona508.png,...,
corona509.png,10-12 JokesMasti 1-12,
corona506.png,CORONA VIRUS  ..  . WWW.MANOJPANWAR.IN,
corona51.png,qcl 3Iyoil ai qgI g3n ? qfgy HIGR IGRI,
corona512.png,,
corona510.png,"EWORLD.IN    , SHPOWEDAN",
corona511.png,r  l  www.haribhoomi.com,
corona513.png,LockDownac,
corona514.png,le Ie2 sdlaan o aI...,
corona516.png,,
corona519.png,g Ph,
corona518.png,Casd.com,
corona515.png,Peyatrtin corona 8rona,
corona517.png,- -p 810,
corona520.png,clcps137 b 3 153 UPe HindiSoch.Com/FunnyJokes,
corona525.png,R 2 33463,
corona522.png,shayari4u.com,
corona521.png,2esehh r  JakeSrall,
corona523.png,"Jab bacha bahar se aata hai toh maa kehti hai... ""Haath dho lo, warna Coronavirus aa jaayega Keep your hands clean. Avoid touching mouth, eyes and nose. #NoToC@rona",
corona524.png,inle araa,
corona526.png,ph gs h,
corona528.png,,
corona531.png,PUBG,
corona527.png,L Df2 wa  5e} Ht aRT #R i b h  h  UU Jokes11L.com,
corona52.png,5R RTTATT IPES i  Ih #NPR i gp p #Yes Bank #CoronaVirus masti ki pathshala,
corona529.png,R 1. itele 2. @3Mirch,
corona534.png,,
corona532.png,Lockdown 3 Sunday 3y,
corona535.png,3,
corona536.png,R .,
corona530.png,,
corona53.png,HAND SANITIZER M SMILEWORLD.IN qR-4R POSTEDAT,
corona533.png,"Doctor Corona ke mareej se puchta hai-""Tumhari Last wish kya hai. Mareej:Zindagi bhar jin logon ne mujhe takleef pahuchai hai,unse gale milkar maafi maagna chahta hun..."".",
corona542.png,anann,
corona537.png,"""$llt e? ...GPR IGPR",
corona54.png,,
corona538.png,JokesMasur FEPe -,
corona539.png,,
corona545.png,,
corona540.png,"aa. hindiiokesadda,",
corona544.png,21 PUBG,
corona541.png,WOD,
corona543.png,1h2h,
corona550.png,,
corona547.png,,
corona549.png,MROWIDR,
corona548.png,,
corona546.png,,
corona551.png,,
corona553.png,,
corona555.png,Jokesll.com,
corona55.png,,
corona552.png,chRFq,
corona559.png,Kiss!,
corona557.png,loyeslabd.com,
corona556.png,Corona Virus Funny Status Corona Virus FUNNY STATUS SHAYARI Wanh.in R pee pRg 2h Re,
corona554.png,R 1. itene 2.3 eee #Stay Home Stay Safe,
corona563.png,,
corona561.png,,
corona558.png,hh H,
corona562.png,CORONAJOKE  3rt   R-  ga3 yadat t fat. CORONAJOKEE,
corona567.png,,
corona560.png,-. Jokes11,
corona564.png,f  h    3rqt Whatsapp DP ihe Jokesttse,
corona565.png,fIe L S661 3R Htf 2018 $T aTcf w3mirchi.com,
corona56.png,chR1T hR fa atMade in China 3R,
corona568.png,"abshayari.guru 21  PUBG  AbShayari,Guru",
corona566.png,Jelte ct-b,
corona569.png,2020 R3 SSR Jatestsms.in,
corona571.png,12 iag At fals,
corona57.png,,
corona578.png,,
corona570.png,-aa PMO,
corona572.png,,
corona573.png,T3 Hi-,
corona575.png,yhy Imt,
corona574.png,wamirchi.con ape h aH gh th H cP1141 ihls gmh ih g mh,
corona577.png,"HTS 3RR,",
corona576.png,h kea hi joke fy ii,
corona582.png,"BREAKING 5 , Raaar,fyag",
corona579.png,,
corona583.png,Fllnsit,
corona585.png,Mahine baad world ki population tezi se badhegi Abhi work from home jo chal rha hai,
corona580.png,,
corona58.png,,
corona587.png,GHC TC C hgnacphnn,
corona584.png,hgnacphnn GHC TC C,
corona586.png,@viralmemes2020 3  hU    2 yP p @uiratmemes2020,
corona581.png,ogcwet   H th he farut...,
corona588.png,clchs3 qG JR4T,
corona591.png,R d s ye h  i . 12 chf R Q dofe ke eU3 nI3 I2 QR S,
corona589.png,fah Beauty Parlour JokesMasti,
corona592.png,,
corona595.png,,
corona590.png,SMILEWORLD.IN,
corona59.png,SMILEWORLD.IN   g... POSTEDAT SMILEWORLD.IN,
corona594.png,ieeh be Jokesli.con,
corona593.png,O HchT #corona virs jokes,
corona596.png,"aA qa aR4""aRa yee  nle Posted by-akadstatus.com",
corona600.png,s  Game  BF GF,
corona597.png,Covid-19 CORONA VIRUS MANOPANWALIN Covid19Pro WWW.MANOJPANWAR.IN,
corona598.png,- 2h,
corona599.png,15 15 10005  g 2. -Jokes.javaTpoint.con,
corona605.png,q,
corona601.png,chRhT4S 100g 100g f,
corona60.png,Coronavirus GURU Www ER 3Tg ROR L yeE l e I8l2 2RR2 R I3 IeK IP 3R aqR1 3rqd TTE q 3nIch WWW.SHAYARI.GURU,
corona604.png,eh SOWAN,
corona6.png,hospital y d135 w3mirchi.com tIp? QIps P H!H PtK :HE 3  H!H PtK E T: aar HE at<Er? a13 : aur ar perfume dT  3T$,
corona603.png,okes 8-10 okesiL.cor,
corona606.png,,
corona602.png,f f    e h Jokesll.com,
corona607.png,Mhh y,
corona609.png,HindiTrollin,
corona610.png,3 SICRH CHRHGGR,
corona608.png,atell.. #,
corona613.png,h #.    hht 3,
corona61.png,,
corona611.png,,
corona616.png,,
corona612.png,Question:   3 Answer: ey Jokes11.com,
corona614.png,NAND SONTIgER N SMILEWORLD.IN -,
corona617.png,Hindi 3Feeling Sad HindiPics.com,
corona619.png,#StayHome#Coronavirus,
corona615.png,3 13 dindi h ine,
corona618.png,hh 50000/- ah ...? 1100/- ..,
corona62.png,,
corona621.png,Ph nf f-,
corona625.png,afaaoram RGI,
corona626.png,Phh aplle hSh,
corona620.png,R blc  hh3 hc  as p n a3a  ah oa ar 3  s Ccdc yl lol as  a e ah o.o,
corona622.png,3 RS,
corona623.png,,
corona624.png,h,
corona627.png,-y fqit at eifrc aee 3h-h awy-yh,
corona629.png,aaf,
corona63.png,d ffa an t Hy ait,
corona630.png,GF iile e,
corona628.png,,
corona631.png,... #StayHome#Coronavirus,
corona632.png,f3 a e hte www.haribhoomi.com,
corona633.png,RR a3R 3.. h 2,
corona637.png,https://beautiful-hindishayari.blogspot.com A3,
corona635.png,A3 . https://beautiful-hindishayari.blogspot.com,
corona634.png,hhh fTR? 46-i..3hfach ?,
corona639.png,Breaking News JokesMasti 0000,
corona64.png,h C4Chutkule,
corona638.png,h,
corona636.png,l eth t Exam 3  Fail g Friend 1: olld ? eR. dci 3rafit Sucide ed Friend 2: ucl I RI Next do  KG  dIc! eoll ysoIl...!,
corona640.png,exam,
corona642.png,3 EPOSTEPA,
corona641.png,SMILEWORLD.IN,
corona648.png,,
corona643.png,"LokesMastis fag: <6t, 3HR 0000",
corona644.png,"Teri galiyon mein na rakhenge kadam... Bhai Break-up ho gaya kya?? Nahin bhai, gali mein4 Corona positive nikle hain...",
corona645.png,n  y inle Ie,
corona649.png,faa SumrwoneD.m,
corona647.png,a,
corona65.png,fig WWww Corona-Virusa,
corona646.png,3R   JokesMasti he is,
corona650.png,kes,
corona652.png,Sgd Sdbb h,
corona651.png,gchat,
corona654.png,AbShayari.Gurw f 30-35 Pamphlet,
corona655.png,Pamphlet    f 30-35 AbShayari.Gurw,
corona658.png,,
corona656.png,CORONA VIRUS h hngbhle,
corona653.png,#212 aacfaala,
corona657.png,h Hh hhh,
corona66.png,P!e y Iht2 yh tll4 Ht C4Chutkule,
corona659.png,dg Aaci$gr faq gcm $f4r a $R34T,
corona661.png,hSKePH Ihe h p 9h 93 9e hPle Gal...,
corona664.png,R JokesMasti,
corona665.png,,
corona662.png,VIDEO PSTATUS www.hpvideostatus.com,
corona666.png,33 a 2 qy3 31,
corona663.png,,
corona660.png,Pe  32 jasnlbhl 34 T eeee Jokes11.com,
corona667.png,h . eh h h state,
corona67.png,2020 Normal ga Updated Version  SPOSTEDATE,
corona672.png,,
corona668.png,ff lockdown WWW.MANOJPANWAR.IN,
corona669.png,nes ay @Jokes11,
corona670.png,h Follow:-AngryBilla,
corona671.png,Ha le 25y,
corona673.png,OKES a fy,
corona674.png,3 J3t  HE GS... JO  Lhe yPs,
corona675.png,"abshayari.guru Corona-Virus 3nT 21 f?T qT 1 UK P cD AbShayari, Guru",
corona676.png,? c4Chutkule bhI 4 Hh9P h 9 P4h-,
corona680.png,,
corona68.png,,
corona677.png,Mreh hH,
corona679.png,HBD HBD  HAHA HA=Happy Anniversary Jokesil.com,
corona678.png,HBD HBD,
corona681.png,Ih AAhIb IE]4 Hella hlla maskaree.com,
corona683.png,,
corona682.png,D e  DOIDH 31131,
corona687.png,es arar ylle b @Jokes11,
corona686.png,R f kes Quarter aa dst Scientist at! Jokes11.com,
corona685.png,koro Sne h lh Z lh Ib iR ch 10 q R4g 40K - PHRerrett,
corona684.png,HGgch Ihlle Dkes LP In? Ihl   S<141 TIKTOK VIDEO Jokes11.com,
corona688.png,wwy/.shayari. 3 R i chRl R #CORONAVIRUS#STAYHOME STAYSAFE ShayariGuru www.shayari.guru,
corona69.png,gn     . h  guru ShayanCr Corena-Virus,
corona689.png,tlh?JE 10-12 f JokesMasti 1-1 q2,
corona691.png,5ch ycchT ARCISGR JokesMasti,
corona695.png,amarujala.com ILove You   3R f 13 dg:do CR?,
corona697.png,qfdei t 2dlle.ujala.com qa a deaty 3l ye Ge3...,
corona690.png,hIH h9 -:PJh fAdch< H tew t 3jR JokesMasti qrit:- y3t aRqRRH Urt5 # at 3ya a t ag,
corona696.png,hale-a bwpe-k Hlh 2l3eD l@ glle - 2el2 amarujala.com,
corona694.png,qcg 3R uf3a  - ch 3 q 3   h 33h uru wwwAS Shayari!Guru Corona-Virus www.shayari.guru,
corona693.png,"Ri""t qrit:- y3t aRqRRH Yte Ie 2t 34 JokesMasti 9444",
corona699.png,H1T fa Q!a L Iht2 yh tlUt4 It C4Chutkule,
corona698.png,R aT  f ych H chRlT chT 9 P>4JIh -  u H>hIP IFl> HIh gP J E E> eh j A chT 92f $ cRq C4Chutkule,
corona700.png,amarujala.com Ho(ge t) - aelf@? amarujala,
corona692.png,chR1T Yolle aiST&R ch<al JokesMasti H1ch Jlle Tch7 Hh6 19 fach3,
corona70.png,f fy... SMILEWORLD.IN SRORAT,
corona701.png,"igoiar chI l I T,     3  chch  wwW.s Corona-Virus www.shayari.guru",
corona704.png,hR. Ohyaaro.com,
corona7.png,chR1T 35 ahRuT A 3i]st  SG4T  3 IhIr bf ft HindiPics.com,
corona702.png,Jokescoff.com 3 d|qyT Wp ye f ysT coffs JokeScoff H$t a# 3TRIT aRoT #',
corona707.png,4hlle iibh h,
corona71.png,MILEWORLD.I g.  a TikTok WIOWODAT,
corona706.png,yaa dle q @llew djicq ffaac R lPUe F[ le Johle P[e-PG siqce Oh Yaaro,
corona708.png,R Whatsapp 3 Facebook  emojis  ban  online  RT Oh Yaaro,
corona705.png,hSHc iWHp Oh Yaaro,
corona711.png,,
corona710.png,34 341. HRCh HRCh h.. Ihrla,
corona713.png,3 cg:3 I3 33 amarujala.com,
corona73.png,ISh We e Igp,
corona712.png,LockDown 9c4 317 Fl4 U8 21  3k shm at as ?,
corona72.png,43 WV Corona-Virus,
corona703.png,"le 3u qT enerbd Heqdic f@eqr eT - R qT 3eqqic JokeScoff ""afsa"" R @D an Jokescoff.com",
corona714.png,Coronavirus RO RI dy S e5P! ChrIol aRrT I croTi cht.. 12 giC ch fG6I i 5 ac a agr n  yJR E  WWW.SHAYARI.GURU,
corona78.png,,
corona77.png,amarujala.com - f - 2-e,
corona74.png,,
corona76.png,ILEWORLDI h,
corona79.png,touch,
corona75.png,hsh 5.. HSRIE BP,
corona85.png,,
corona8.png,SW + E?ht t e H>hIe IFI4 ywh hIhP gqI$ qT <t  dW  E?hY  H>hIe IF>le t yF lt C4Chutkule,
corona80.png,MILEWORLDIN PH Hhle fa at Made in China SuROWODAIM,
corona81.png,*H,
corona82.png,PHe fa at Made in China  Posted by:-akadstatus.com,
corona83.png,COm alegh SIEUIE HRTPRICE,
corona84.png,Hindi ICS H-y HindiPics.com,
corona87.png,"Ieh RSH IP h?JIe qt $t qt, ocR CG,  de Hol.!!",
corona86.png,33. Hhh.. .,
corona89.png,gRi3,
corona88.png,GURU ROR K YeP lQ eQ DI8 dR 3 aqRT 3Iui gIE 3h3 WWW.SHAYARI.,
corona90.png,Apply Aipe,
corona93.png,,
corona92.png,Dan,
corona91.png,"Art at Full Body Test aarT st at >Ia >h 7lh>ha JokesMasti R4ychaRfoh""",
corona94.png,. e9p9p,
corona95.png,hh le shayari.page,
corona9.png,chT 3iR aRlT Ihp  Hindi Pics B t 2nb Iy I}4 ht 3R aR a qqc  iE FE ht S HindiPics.com,
corona97.png,Bittu,
corona99.png,WORLD.IN WOWODAT,
file_new_100.png,,
corona98.png,he . ind,
corona96.png,vaibhav211692 Fibitt i ETES,
file_new_1.png,,
file_new_10.png,f941 fqm qcT SHCT TikTok,
file_new_103.png,,
file_new_101.png,3Ri e 3ng ae aRT Jokescoff.com,
file_new_0.png,fa a) IPh IPh bh IplH 100 100100 Baabji ! I Love You 2 arqi fa<gait qf,
file_new_104.png,3,
file_new_102.png,SMILEWORLD.IN 300f. SWmEWOEEDIN,
file_new_106.png,UNNYHINDIBATE,
file_new_105.png,e h 7 okes 2,
file_new_109.png,,
file_new_110.png,,
file_new_111.png,Aamadmi.in,
file_new_113.png,,
file_new_108.png,,
file_new_11.png,Selfie Flash S r?,
file_new_112.png,,
file_new_114.png,,
file_new_107.png,To.. 2728 h e .,
file_new_115.png,a gap oa hea cap ba bemsu wminthi.com,
file_new_117.png,chT  f faschd e9h,
file_new_120.png,hh.!,
file_new_118.png,Ia$] e?te  le$w a  mb s-25/100 aoa-mh,
file_new_122.png,3Tycht Yakeen Nahi Hoga f<Bhi Bata Raha Hoon Me Me Bahut tcr Tha,
file_new_119.png,HappyFriendship Day t   e e y pn att  t ttt.,
file_new_121.png,betay annaconda,
file_new_116.png,Hoga f<Bhi Bata Raha Hoon tcr Tha Me Me Bahut 3Tycht Yakeen Nahi,
file_new_123.png,. ley 5 h.,
file_new_125.png,,
file_new_126.png,,
file_new_127.png,,
file_new_124.png,09 CS qaiat f i HindiPis.com,
file_new_128.png,3 .,
file_new_12.png,"3 get t yloy.. 31T$ ,3R 54 Beita..!",
file_new_13.png,,
file_new_130.png,,
file_new_129.png,3.. SmileWorld.in -  e,
file_new_133.png,"Khane Mein Kya bana Rahi ho Aaj ? Aaloo Ki sabji,But Pata nahi Kyu Aaloo Pak Hi Nahi Rahe hai hodi Der Baat Kar ke Dekh Aaloo Se",
file_new_135.png,gn 5100/-,
file_new_136.png,.,
file_new_132.png,SISRchie,
file_new_134.png,24q aifa 4,
file_new_131.png,*on 14th February Me to Mom Mom Extra Class,
file_new_138.png,Chhotamt.,
file_new_14.png,,
file_new_139.png,paSwe G e..,
file_new_142.png,y-g. 3,
file_new_137.png,t,
file_new_140.png,DIDDp22 1212R219 R6,
file_new_143.png,hm,
file_new_144.png,chhh fg. hchh,
file_new_141.png,JPh he  h h 9,
file_new_145.png,Sharchat 2,
file_new_148.png,Pgt  500 f..  bh p h,
file_new_146.png,C3M r8h -  3IT? w3mirchi.com -hah H hh,
file_new_149.png,ryt a....la a4i agd. dUE E 4b>H P p Jlgi b IeI SJP atit ais.. JFL Follow Us on Instagram - @jflnow.,
file_new_15.png,Fhet! lle thbHhle fh jh,
file_new_147.png,pkescocom T .   fs,
file_new_152.png,h i,
file_new_150.png,helostatus.com,
file_new_158.png,,
file_new_153.png,sue E- 3lloie,
file_new_155.png,www.Rkaleri.in,
file_new_151.png,Dear Girls. adventure s4   ant oft,
file_new_156.png,e  tik tok H l chd 6,
file_new_157.png,#qci Ohyaaro.con,
file_new_159.png,Comedian sakshi,
file_new_154.png,H,
file_new_160.png,.comBittuSharma okes Nice Pic Dear f f,
file_new_163.png,,
file_new_16.png,,
file_new_162.png,50ou Salman 3-4 @joke_ki_duniyal,
file_new_161.png,Dp. Zoom ii ylla ebh,
file_new_165.png,"JokesMasti Ph2pu 2g,fP Hg ooee",
file_new_164.png,PAI aafag,
file_new_169.png,f,
file_new_166.png,"Thank You g  PEW ABaabji  thank u,thanxx,TQ,tnq, tnxx,ty,tysm10q,thenx #",
file_new_172.png,- en      t  y    ape-h,
file_new_167.png,t fh..,
file_new_173.png,2,
file_new_17.png,. hh h hehnyt @majaktak32,
file_new_168.png,"""IAm Happy 457888880",
file_new_171.png,uR col,
file_new_174.png,PHllhl aaf qaf.....,
file_new_175.png,GST,
file_new_178.png,Bole churiya bole kangana Kangana kuch na bole toh acchahai,
file_new_170.png,T3 aaf Wphyh   qaf..... e Phh  PHllhl,
file_new_176.png,f. 31,
file_new_177.png,,
file_new_179.png,@majaktak32,
file_new_18.png,leE e 2b Cl3 2Jh 3 Dr. Hlg aal 1Pl2 cE 1Pb Ib2 I,
file_new_184.png,Hsephle,
file_new_180.png,,
file_new_181.png,,
file_new_183.png,WiFi Wife-Eyeach,
file_new_186.png,10,
file_new_182.png,BANDHAN D  Valentine  a Raksha Bandhan,
file_new_185.png,Wrong,
file_new_187.png,SOA 512192 6.13.2 AN,
file_new_189.png,,
file_new_191.png,,
file_new_193.png,y-h 3i,
file_new_19.png,@STATUSMESSAGESQUOTES  fT YchaRHRch I?Jh Ue,
file_new_188.png,DPh Dp Skes 3 f Jokes1s,
file_new_190.png,"Brother Make coffee for me Sister G No.25th april 2012,Wednesday.at 7:12AM,lasked for a glass of water and you refused",
file_new_192.png,Happy valentine Day Janu,
file_new_197.png,s,
file_new_199.png,a a! FOSTEDAT,
file_new_2.png,Hsllephl,
file_new_195.png,,
file_new_198.png,CA CA w3mirchi.com,
file_new_194.png,iPhoneX Makeupt. -Makeup iPhone Face Id Password   . wJokeScoff,
file_new_203.png,h,
file_new_200.png,-What is this? -This is  -What is Dahi? -Milk sleep at night and morning become tight,
file_new_196.png,,
file_new_202.png,,
file_new_201.png,Fu h,
file_new_205.png,hhc IPShI Ihb Ihe 240,
file_new_20.png,OONK LIFES so vgly yaar slayi FUNKY LIFES 6 Kp2 lFhIe,
file_new_208.png,,
file_new_207.png,HRA U,
file_new_209.png,Fumny Hindi Jokes,
file_new_204.png,MILEWORLD. iSt  U  hle,
file_new_206.png,,
file_new_212.png,,
file_new_21.png,,
file_new_211.png,OTHERS:ILOVE YOUPLEASE BE MINE KANPURIA:PYAR HAI TO BOL NAHI TO MANG ME KAMLA PASAND THOOK DENGE,
file_new_210.png,R 14 ant hh.,
file_new_214.png,,
file_new_22.png,,
file_new_217.png,Fb.com/BittuSharmalokes 4,
file_new_216.png,esT ch! HchR Mahatma Gandhi Visits w.nkstatus.,
file_new_218.png,3,
file_new_213.png,54. UK 45FIVE P,
file_new_215.png,80 60 20,
file_new_222.png,,
file_new_219.png,el,
file_new_225.png,E it,
file_new_223.png,,
file_new_221.png,,
file_new_220.png,mantra.com,
file_new_224.png,cpa Ic Ip$Ih TikTok .,
file_new_23.png,Fb.com/Bittusharmajokes 5   chTHy....!,
file_new_231.png,,
file_new_227.png,33-3 HA-HA,
file_new_226.png,,
file_new_229.png,- 3iatT3T3 iieeeeh 00000 Jokes11.com,
file_new_228.png,h3 h 3-,
file_new_230.png,Promise Day   f. indi ICS id HindiPics.com,
file_new_235.png,Day   f. Promise,
file_new_234.png,,
file_new_232.png,3a 3 dSR R,
file_new_233.png,"Pahle Hum Indians Bhaut Khoobsurat Hua Karte the.. Fir Ek Din Hamara Aadhar Card""Ban Gaya A.premi",
file_new_237.png,3,
file_new_236.png,m,
file_new_239.png,shlte ip2,
file_new_238.png,MILEWORLD.I ga..  aTikTok WROWODAT,
file_new_241.png,F SlpchE E wch,
file_new_240.png,ohearo,
file_new_24.png,Fb.com/BittuSharma okes h Nice Pic Dear frg,
file_new_246.png,,
file_new_243.png,SMROWONED,
file_new_242.png,010nq xiwq e *m 9e,
file_new_248.png,,
file_new_249.png,3 OSREDAT,
file_new_250.png,Sbh Good Morning,
file_new_247.png,Kada @kadaklife  qr Pubg  t time,
file_new_251.png,fa SHCOT TikTok,
file_new_244.png,5,
file_new_253.png,,
file_new_255.png,,
file_new_25.png,AGG www.BittusharmaJokes.com H43,
file_new_245.png,Begining After Seeing Of Semeste Syllabus 95%Pakka Launga 75%Toh Ajaenge wo Day Result Declaring Before Exam Day 50% Toh Pakka Bhagwan Iss Baar Le Aaunga Paas Karwado Bas,
file_new_252.png,..   ..,
file_new_256.png,,
file_new_257.png,Kkn,
file_new_254.png,,
file_new_259.png,,
file_new_26.png,,
file_new_258.png,3 ang feag h h   2b,
file_new_261.png,,
file_new_260.png,,
file_new_262.png,*Family watching KBC* Amitabh Bachchan asks a Question My Parents: ChalBey Answer Batana,
file_new_263.png,6 900e,
file_new_265.png,Maths Teacher -Tell Me The Value Of'x Student- Laughandmasti.blogspot.com,
file_new_267.png,,
file_new_264.png,90%8:12PM Hind Jokes hindijokeInstagram. Instagram Log inSign up Shhhhlh insta@HindiJoke RT,
file_new_266.png,.. WShicine ii   e,
file_new_271.png,Jokescoff.com 3R gedRe t..,
file_new_268.png,h2 RJJOKES,
file_new_269.png,ID IRa e eee n InDP ol alalaacl  Ohyaarc,
file_new_270.png,"I?c IIa IIc f a e gH EoI  ""faollgd""  doI LOVESOVECOM",
file_new_27.png,.. Ohyaaro.com,
file_new_272.png,h,
file_new_273.png,P  h 3h th22$e  $@ $ao,
file_new_277.png,,
file_new_274.png,,
file_new_279.png,ie 99Bol.com,
file_new_275.png,Rl 3 Facebook  Whatsapp  2 atfDelete,
file_new_276.png,3 R,
file_new_28.png,Fb.com/BittuSharmaJokes U P  $ IW9h W 4 yHE',
file_new_281.png,ie,
file_new_278.png,y  h t t  Googk play,
file_new_282.png,t   ... .,
file_new_284.png,eae e ase-mn pn -e Sueenle-mn,
file_new_280.png,diq ? -3,
file_new_289.png,,
file_new_285.png,fgf fsave tb,
file_new_288.png,LOVESOVECOM Rq3,
file_new_287.png,Jokes -3.,
file_new_286.png,3-What is this? 31 -What is Dahi? -Milk slecp at night and morning become tight,
file_new_283.png,schact ascht  art h y sta ip TIK TOK. #PUBG,
file_new_293.png,,
file_new_29.png,FUN TIME 2,
file_new_291.png,fRR R     LOVSOVECOM,
file_new_292.png,fRR R   LOVSOVECOM,
file_new_294.png,f   31  ft-t t a f t-et .,
file_new_290.png,!!BREAKING NEWS!! #oppo_vivo I I I / #Fairlovely 100,
file_new_297.png,Best Proposal  Kya Mere f Me  500 Or 2000 Ka Note y Karne Wali,
file_new_298.png,,
file_new_296.png,OUs e3... .3 okesmantra.com Agokeamantra.com,
file_new_295.png,aa 151 aet? 2sf,
file_new_299.png,2040 ik n ee pahie #PUBG e hh o e,
file_new_300.png,hhh hy hlh h h,
file_new_301.png,3hh Ranjeet Singh,
file_new_3.png,8 FB/Funky Life P2hla 3. FB/Funky Life,
file_new_305.png,,
file_new_30.png,w3mirchi.coim ?? STC,
file_new_303.png,Hlaat 2 h22pm JokoScoff H..,
file_new_302.png,,
file_new_306.png,33 h,
file_new_307.png,,
file_new_309.png,hh ahgalgaol pue cleacab hlte leh2-Ph,
file_new_304.png,h 33 .,
file_new_31.png,RT Exam  Election,
file_new_311.png,RT Exam  Election,
file_new_310.png,S  g 3  3R HS w3mirchi.com,
file_new_308.png,WhatsApp gf  HandsomeDashing e,
file_new_312.png,SMILEWORLD.IN SWPOSTEDAT,
file_new_315.png,@STATUSMESSAGESQUOTES,
file_new_316.png,REP,
file_new_317.png,hh 2.,
file_new_318.png,,
file_new_314.png,hh hPyy 3Nice Pic,
file_new_313.png,f igsara iip ii,
file_new_32.png,Funky_Life_official f,
file_new_319.png,s fau,
file_new_320.png,,
file_new_323.png,- -Jio t - -3,
file_new_324.png,,
file_new_326.png,,
file_new_322.png,aa.... . . . . .,
file_new_327.png,a Ra.,
file_new_321.png,. HRHCE h9g ih Jokes11.com,
file_new_325.png,TRIPLE9JOKES hb,
file_new_328.png,"""",
file_new_331.png,,
file_new_333.png,hsh,
file_new_332.png,100 5ff,
file_new_334.png,,
file_new_329.png,Escalator 800 e,
file_new_335.png,MILEWORLD.IN Hhhh e SHPOWEDATN,
file_new_338.png,,
file_new_33.png,TRUE LOVE Aj mere kutte ne anda diya.. 0000 Ye kutta kab se anda dene lga  Ye Baburao ka style hai Apni murgi ka nam kutta Rakha hai re baba0000,
file_new_330.png,400,
file_new_339.png,hh K- H- -,
file_new_337.png,Hinhlle  e n Jokes11,
file_new_336.png,h   h  P e,
file_new_34.png,,
file_new_340.png,hlleth?,
file_new_341.png,a     Jaanu Sorry Hate Love Story,
file_new_343.png,3 h  Ho 898afa s,
file_new_344.png,jSh2 CD,
file_new_346.png,jngphaplla Holi ...,
file_new_345.png,9P 0000,
file_new_342.png,DrOrtho e h   t drorto WpS,
file_new_349.png,2h see,
file_new_347.png,4h s f,
file_new_348.png,ye y,
file_new_35.png,,
file_new_351.png,,
file_new_352.png,.,
file_new_350.png,3  ha p,
file_new_354.png,,
file_new_353.png,h  idehe iy Aetht,
file_new_356.png,h- P9hh2h 3 ??,
file_new_355.png,Veg h atfhhcc.,
file_new_357.png,HRS WHO wJokr par f g ffte,
file_new_358.png,,
file_new_359.png,3 fh   a 3 3fa 3 SH...,
file_new_362.png,id h,
file_new_36.png,Fb.com/BittuSharma okes HhhIh?J cl..?,
file_new_360.png,,
file_new_361.png,HAPPY Raksha LOVESOVE.COM Bandan f  Dosfqcfo 3,
file_new_365.png,ap,
file_new_363.png,Badshah,
file_new_368.png,,
file_new_366.png,jokesmantra.com lhe fyt heH hehlle het fyets.,
file_new_367.png,...,
file_new_369.png,Phhp,
file_new_370.png,h,
file_new_37.png,,
file_new_364.png,@314377900 20203 2002,
file_new_372.png,,
file_new_373.png,,
file_new_371.png,3Lucknow fra LockDownq aa eeoe,
file_new_374.png,Oye Sun Bluetooth On c  Bhejni Hai @shinchan.trolls,
file_new_376.png,3R qRR  q4 i $ a.       www.Joke,
file_new_375.png,e e jeb h,
file_new_377.png,h  jeb e e,
file_new_378.png,5ft T teddy fy fa 3R 3teddy 5af w3mirchi.com,
file_new_380.png,.. ohyaaro.com,
file_new_38.png,q  Drop  esfb.com/thullubabag I  bR eP EK,
file_new_379.png,,
file_new_381.png,RRI  R,
file_new_382.png,9ee amarujala.com s-i... haaaab-,
file_new_387.png,ae h e a3,
file_new_383.png,facebook  HH G,
file_new_385.png,okesmantra.com gIedel is  3 ldt8.,
file_new_386.png,,
file_new_384.png,q Thlelh lhle 6,
file_new_389.png,,
file_new_388.png,shILove You.. 3 3 ehehd,
file_new_391.png,2eh yt#afa,
file_new_390.png,. hedy,
file_new_393.png,"Date? Abye,aaj ki Aaj kya,kal, parson,tarson date?? kabhi bhi nhi...",
file_new_392.png,Life Me 1 R To w  He Chaiye  @shinchan.trolls  To Zindagi Ban Jati Hai  Ho To Experience f Jata Hai,
file_new_397.png,g,
file_new_394.png,,
file_new_396.png,12 Feb  s t ah  Happy Hug Day,
file_new_395.png,10 ai?,
file_new_398.png,app Poelt.com s  h Pouyaka.com,
file_new_4.png,kkp:Jokes Wala Bro,
file_new_403.png,h hh,
file_new_39.png,P>4 2 l ch<a 3R  1 le  chT msg @kkp J hIE L 'faeT,
file_new_402.png,,
file_new_400.png,.,
file_new_401.png,Phh tlells I Care For U,
file_new_399.png,hethlle,
file_new_40.png,APRIL RELEASE DEGITAL NESMARERS Fb.com/BittuSharmaJokes E P94 KS,
file_new_406.png,FB/Funhg Lif,
file_new_404.png,q44 3\sd gy 3ya aF fdT AT...!. 3RH gt fy add iI*$ Uwe pSb,
file_new_407.png,,
file_new_408.png,h f@kadaklife HRIG,
file_new_405.png,h HRIG f@kadaklife,
file_new_409.png,,
file_new_410.png,R,
file_new_411.png,ATHANDROHO SONU KO JALDI SULA DENA,
file_new_412.png,onyaaro.com,
file_new_415.png,,
file_new_413.png,Dekh Bhai 3SuperPowery n..,
file_new_418.png,amarujala.com -siceqf  sidce-3o....,
file_new_414.png,pbbehe Siddhibaba,
file_new_417.png,2 W.,
file_new_41.png,ANI PAAS Patanjali Ayur t Oh Yaaro,
file_new_416.png,b Student-. B.com f3. Engineering..,
file_new_419.png,... oh hb h @majaktak32,
file_new_421.png,Fb.com/BittuSharmadokes,
file_new_422.png,h  a,
file_new_423.png,R 3 bd-a iPh,
file_new_420.png,?? q1qT ale,
file_new_42.png,-V,
file_new_424.png,3R3qo LOVESOVECOME,
file_new_427.png,,
file_new_425.png,"- Boyfriend , OJokes",
file_new_428.png,-h 100 5.. Ta..?? yayf- As. ..,
file_new_429.png,"Pl glp$ aphtt 42p i""Pla Fe hhe",
file_new_430.png,FUN TIME 2,
file_new_431.png,H  hl,
file_new_432.png,ah pphgepaye a a t   e al le ae Peap Pe R a  Foreigner fol ae al- Hi Merry Christmos.,
file_new_433.png,"t Akh Lad Jaave, fo /@kadaklife",
file_new_43.png,a 3  R  a.   a... okeScot JokeScoff   Smart auR Intelligent,
file_new_434.png,SWSh2 mhmh,
file_new_436.png,neleide,
file_new_435.png,neleide,
file_new_437.png,14 14,
file_new_441.png,okers,
file_new_438.png,h,
file_new_439.png,f Jannat SHATARINHNDLCOME,
file_new_440.png,3,
file_new_443.png,,
file_new_442.png,ol -,
file_new_444.png,Jo main padhta hoon wo exam mein nahi aata hai DEKHBHA Aur jo main nahi padhta hoon wo definitely aata hai,
file_new_44.png,"Im aaT.... ""rhJl Ohyaaro.com",
file_new_445.png,1 PHhe PU,
file_new_446.png,. kksdSabeji h H,
file_new_447.png,PHEe fo4 eee eeee,
file_new_450.png,35 Ee EB,
file_new_45.png,jIhIr  9h  PPb aro.com,
file_new_449.png,64R Post  T 3Rq R4 qR3 3I? hQ L FblIt g lJ 44l ael..,
file_new_448.png,,
file_new_452.png,,
file_new_453.png,Fb.com/BittuSharmalokes fh,
file_new_451.png,T4....e. fb.com/groups/FunnyHindUoke c,
file_new_456.png,,
file_new_458.png,,
file_new_454.png,GF valentine,
file_new_455.png,hh /Whatsapp Masti Ka Adda,
file_new_459.png,Asian Paints 310,
file_new_46.png,,
file_new_460.png,funky Life GF.!,
file_new_461.png,MEMES MyMOraRG TIKTOK RGRIATETCREI!,
file_new_463.png,Ha #,
file_new_462.png,f     f q a Smart s Intelligent .,
file_new_457.png,- h de R,
file_new_465.png,OS h 3 BngeaePgeceR,
file_new_466.png,192h12 2h j SWShe mhmh,
file_new_468.png,2 Dr.,
file_new_464.png,disen,
file_new_469.png,2500,
file_new_467.png,fa OMG..! It's too Cold...Take Care.,
file_new_476.png,,
file_new_470.png,sn R,
file_new_472.png,ch fhchTcch .,
file_new_473.png,?pPIhPh 2IetE l 2Ib?R aft aafa   a  dc UeP,
file_new_475.png,instagram@Hindi.Joke,
file_new_471.png,PARASHAR,
file_new_474.png,yaRR 21 in.,
file_new_478.png,lah,
file_new_479.png,,
file_new_482.png,,
file_new_477.png,2-9h - hle-h 8000 -r .000,
file_new_47.png,wi?! HA HA HA HAHA HAHA 1A HA H3 gchsa  HAHA Sjokes-inhindi.com,
file_new_480.png,si-gnes 2 JokesiL.com,
file_new_483.png,9991/28 CLASSTEST Vt]_Circle the smallest namb 39426 17. h ih,
file_new_486.png,,
file_new_485.png,,
file_new_481.png,T-T3 www.petsaffa.com D2 aE p IPb Le b FhE k P IHJ qif 26 4,
file_new_484.png,,
file_new_488.png,,
file_new_487.png,OsmPic.com tdlhp R gR jcb h,
file_new_51.png,,
file_new_48.png,Posted by: Posted on: @16923701 ShareChat NineJokesinple Nine Jokes Anole Nine IOXOL TRIPLE9 pOOEE RST Triple Nine Jokes Triple Nine Jokes Triple Nine Jokes Triple Nine Jokes Triple Nine Jokes HoGRhC GETIT ON HGR# GooglePlay #,
file_new_52.png,Kkn ro,
file_new_54.png,PUBGR f,
file_new_50.png,,
file_new_49.png,,
file_new_53.png,msg hf id,
file_new_55.png,Hi R yh,
file_new_490.png,Dr. Ortho RT Ayurvedic Oil & Capsules www.drorthooil.com ft LH2h ID UP FL hq H dt T a elet 79 UPU 7p bl8 tald 3url 3l LIKE &SHARE f /drorthooil 8288082770 qR Whatsapp e oicR Save  3iR qI Ed aGJGld sllR,
file_new_59.png,Fb.com/BittuSharmaokes,
file_new_489.png,pILk ?r Fb.com/BittuSharmaokes,
file_new_56.png,..... hle,
file_new_58.png,Fb.com/BittuSharma oke R,
file_new_491.png,Jokescoff.com e Be Ph 3 c Set dh c2le Pt  lelle Fb.com/BittuSharmaokes JokeScoff ee,
file_new_57.png,33 f RR. 3 3a JATeT??,
file_new_6.png,eiarae S5sid Ohyaaro.com,
file_new_62.png,,
file_new_60.png,y. i,
file_new_64.png,aro.co,
file_new_65.png,Fb.com/BittuSharmaJoke 3,
file_new_61.png,Exm   hpr hihe x69n 85x 12,
file_new_67.png,Exm,
file_new_7.png,3h h Ach,
file_new_66.png,8 FB/Funh 2h,
file_new_63.png,ANI atanjaliAyun bhbe R,
file_new_68.png,EROS @pappu_ke_papa video call ih P,
file_new_69.png,SERVO MILENORL  Ph SMFOSTEDAT,
file_new_72.png,-3 R,
file_new_75.png,,
file_new_71.png,f PEP,
file_new_70.png,f20-25 Profile Photo ecple2 JakeScalt .,
file_new_74.png,dg Aaci$gr faq gcm $f4r a $R34T,
file_new_76.png,hb I Love You Too t .. aab I Love You 2 f ft,
file_new_77.png,- 2 @majaktak32 h,
file_new_73.png,- hmh 3-afhhch ? y-3,
file_new_82.png,f  Ne,
file_new_79.png,dl3cts$et a $e-fal.,
file_new_78.png,lokeScoff.con a . JokeScoff.com,
file_new_80.png,h-bhpehhh 3,
file_new_8.png,Me-3yAt Half girlfriend official _Pawan_Parashar She:at? Me:aR,
file_new_81.png,3q R    g9h Ihlhhle,
file_new_84.png,hb,
file_new_88.png,iyo,
file_new_85.png,,
file_new_83.png,MILEWOHLD.IN SHPOWCA,
file_new_86.png,exams  marks aa 9668686,
file_new_89.png,,
file_new_87.png,Hb PE24# 3a.. AA,
file_new_90.png,R SR fRaH,
file_new_92.png,ngh phe,
file_new_91.png,Mastimas,
file_new_93.png,t    t leleeh JokeScoff,
file_new_94.png,PAISE WALA te qiaT,
file_new_97.png,Kuch Ladkiyan 3rq- et Zindagi To BHARATSTATUSIN SeriouslyActually Literally Bolne  Nikal Deti Hai,
file_new_98.png,h9h2 Smajaktak3,
file_new_96.png,RT 3iR,
fileee_0.png,Fb.com/BittuSharmajokes 42,
file_new_9.png,Wrh Agreed. Baabji RT 3iR,
file_new_99.png,enhe 1222 Funny hindi memes,
file_new_95.png,qy . . siace hmm.   @majaktak32 qy  ...,
fileee_1.png,@Hindi Jokes,
fileee_103.png,,
fileee_10.png,"h ... 2020 9A14T,",
fileee_102.png,,
fileee_100.png,,
fileee_101.png,- 108- TOSEAT Fb.com/BittuSharma okes,
fileee_104.png,a H,
fileee_106.png,Elhhle h  h  ar On Line,
fileee_105.png,h Hindi ICS HH 3 i4194 HindiPics.o,
fileee_110.png,Hsephle,
fileee_109.png,Wrong,
fileee_108.png,kesvlas. oee,
fileee_112.png,3,
fileee_107.png,Hindi ICS mpP,
fileee_111.png,SOA 512192 6.13.2 AN,
fileee_11.png,To.. 2728 h e .,
fileee_113.png,,
fileee_115.png,CMILEWORLD.IN  Ph hl   SMPOSSEDAR,
fileee_117.png,,
fileee_114.png,,
fileee_118.png,yha ahayda 5Tq AA fd Foreigner fcl t a HiMerry Christmas Jokesll.com,
fileee_119.png,3 33,
fileee_120.png,R Rf fyh ehllehe,
fileee_116.png,2  P h h  3 INSPIRED MMM RC INSPIREDHINDI.,
fileee_12.png,hhh 5.. HORIE BP h,
fileee_124.png,,
fileee_122.png,-What is this? -This is  -What is Dahi? -Milk sleep at night and morning become tight,
fileee_121.png,pa amtele lpnb,
fileee_123.png,Fu,
fileee_129.png,Deadpool  &4RI superhero  RT T .,
fileee_127.png,50% t..,
fileee_125.png,FUNNY JOKES AND MEMESINHIND-Z -2 P.K.JINDAL,
fileee_131.png,R,
fileee_130.png,..!,
fileee_126.png,Fadoo Joke  3.. ..  h ha 2>h,
fileee_135.png,h t 54.,
fileee_13.png,3R  a  Ra ad  h ha 2>h  Prakash Rajput sharechat_official account at y a t..,
fileee_128.png,Prakash Rajput 3R  a  Ra ad sharechat_official account at y a t..,
fileee_134.png,hhc IPShI Ihb Ihe 240,
fileee_132.png,,
fileee_133.png,,
fileee_137.png,h achTcch .,
fileee_14.png,,
fileee_139.png,clh2apismh -h2ap  group lablood group y What'sAppt..,
fileee_136.png,3636 h,
fileee_140.png,33-3 HA-HA,
fileee_141.png,yT7 f-yf,
fileee_144.png,faHe,
fileee_138.png,5. LOL dcs Ie decssfa sd? 3 d..,
fileee_142.png,"css sts, s, - 9h 3Mrch w3mirchi.com h b",
fileee_143.png,09 Si i HindPics.comd,
fileee_145.png,mjak_tak1d,
fileee_146.png,TIICRY Instagram@Hindi.Joke g p9 yt t,
fileee_15.png,24,
fileee_147.png,Aj mere kutte ne anda diya.. Ye kutta kab se anda done lga Ye Baburao ka style ha Apni murgi ka nam kutta Rakha hai re,
fileee_151.png,,
fileee_148.png,foat sb_moh_maya5,
fileee_150.png,54 22 a Jokes + Pagal.K hyg,
fileee_152.png,5-6 2ove no,
fileee_149.png,a 4181 library fa?,
fileee_153.png,FaceApp f .,
fileee_154.png,,
fileee_155.png,,
fileee_157.png,5 sc f fl Rs s cR..,
fileee_159.png,. Majak Ta HACTIIN 2,
fileee_156.png,PROPOSINGAGR faar INDIA,
fileee_158.png,Fb.com/BittuSharmaJokes,
fileee_161.png,3,
fileee_162.png,"OsmPic.com Jab tak ye khel khatam'nahi hoga, appun idhar ich hai.",
fileee_160.png,,
fileee_164.png,,
fileee_16.png,,
fileee_163.png,rf      eeee,
fileee_165.png,a-o  ydfqol q -20-30,
fileee_17.png,,
fileee_169.png,SMROWONED,
fileee_166.png,Promise Day   f. indi ICS id HindiPics.com,
fileee_167.png,Baabji hf,
fileee_171.png,VitaminEt Career  Tension,
fileee_170.png,IP4J WIIh Agreed. sh h3 66,
fileee_173.png,,
fileee_172.png,h3h Shb   .,
fileee_175.png,3 OSREDAT,
fileee_178.png,"Bhai,Patang Udane ka pose dete huye .......",
fileee_176.png,hbh mh 3 5hqya. Ooo my god Th,
fileee_168.png,2[4] yrS EE yo Video realityofvideo ||Follow On O at?qig $ pSp 3ch,
fileee_174.png,Kada @kadaklife  qr Pubg  t time,
fileee_18.png,ple lle h h le,
fileee_181.png,2hh-2p aT- i fh,
fileee_177.png,Mrh 5 tension  history  extra chapter eShoh Phl d,
fileee_179.png,SMirch hee w3mirchi.coim ?? 2,
fileee_184.png,FB/Funhg Lif,
fileee_182.png,,
fileee_180.png,yhemh f Jokesl1.com,
fileee_183.png,dh @majaktak32 f,
fileee_185.png,Kkn,
fileee_188.png,fgtafssdafa h,
fileee_186.png,,
fileee_189.png,. Free Download uApp,
fileee_187.png,Funky_Life_official 2 thanks t t a a,
fileee_19.png,hhbb2 .m,
fileee_193.png,,
fileee_192.png,Mummy.Pet dard Aur khilao.laddu Tu mat sikha.. Gutka khane wale,
fileee_191.png,FB-Like atdr yaar,
fileee_190.png,ltI8 qq4T ERROR69! p asaJ,
fileee_195.png,eh onyon 1212,
fileee_196.png,H 3i,
fileee_194.png,Funny,
fileee_199.png,pa pagopa appae ae Paaphlep,
fileee_197.png,ablelps . dokeScor,
fileee_198.png,h2 RJJOKES,
fileee_200.png,Kiss day TRIPLEOJOKESE,
fileee_205.png,,
fileee_203.png,,
fileee_2.png,Insta@Hindi.Jok Instagram@Hindi.Joke 3H 3agd chdIcf ct ?q? a qq  at 2TcG dIr $h h4 lF,
fileee_20.png,enhe 1222 Funny hindi memes,
fileee_204.png,,
fileee_202.png,yh Hindi HuPics jhe,
fileee_201.png,@STATUSMESSAGESQUOTES  fT YchaRHRch I?Jh Ue,
fileee_209.png,,
fileee_207.png,,
fileee_208.png,,
fileee_210.png,gga.   h..,
fileee_206.png,ph he  Ri at Login  www.hey-bhagwan-uthale.com,
fileee_212.png,,
fileee_21.png,h9h2 Smajaktak3,
fileee_211.png,9 66 ? 9 6660 666 10910,
fileee_214.png,,
fileee_215.png,,
fileee_217.png,,
fileee_213.png,ID IRa e eee n InDP ol alalaacl  Ohyaarc,
fileee_216.png,bh nh iifk:mh a,
fileee_22.png,h,
fileee_219.png,-heie t af ga sa at   ee,
fileee_218.png,f @Hindi Jokes af OTOO,
fileee_222.png,,
fileee_220.png,,
fileee_225.png,,
fileee_221.png,h R hh Hh,
fileee_224.png,y  Ph h  Funky_life_offici   Hyof,
fileee_26.png,,
fileee_27.png,,
fileee_24.png,3 Fusey fFunkeytune 3,
fileee_23.png,,
fileee_223.png,f3qHRchRT a1ch HaI Yt WJ t yR..... Baabji SHRI c416,
fileee_25.png,a-a t yR..... HaI Yt WJ c416 f3qHRchRT a1ch,
fileee_29.png,f,
fileee_32.png,,
fileee_34.png,hh.!,
fileee_3.png,,
fileee_28.png,ais App Lock,
fileee_31.png,,
fileee_30.png,(Hindi) HG4R Crazy yege,
fileee_33.png,PH,
fileee_39.png,,
fileee_37.png,3qfct,
fileee_38.png,. .,
fileee_4.png,3 J3t  HE GS... JO  Lhe yPs,
fileee_36.png,ff e.  ab. LoveSoy,
fileee_40.png,3Tycht Yakeen Nahi Hoga f<Bhi Bata Raha Hoon Me Me Bahut tcr Tha,
fileee_42.png,Chhotamt.,
fileee_41.png,. 3Mreh . lelle!le 3lle k w3mirchi.com,
fileee_44.png,hh hPyy 3Nice Pic,
fileee_35.png,4 Diabetes O.P.D.NO.103 .000. Fb.com/BittuSharmaokes HTS 31G SildT..!,
fileee_43.png,h hh,
fileee_45.png,-3 ii a hlh-h . 3,
fileee_47.png,3 Happy Valentines Day Tapori-Baba 3 Sunday yaR,
fileee_51.png,d y b  hy ajoatakise  t-shirt,
fileee_49.png,,
fileee_5.png,4hth Paytm,
fileee_48.png,he yah.. he  h.. Jokes11.cm,
fileee_50.png,24q aifa 4,
fileee_46.png,"3 get t yloy.. 31T$ ,3R 54 Beita..!",
fileee_52.png,"Dream111744 Me To My Friends....: Dhanda first class chal raha hai, takatak chal raha hai Aur noto ki to baarish ho rahi hai,baarish",
fileee_55.png,Dear Girls Af,
fileee_53.png,12 m n iifheod website-inspiredhindi.blogspot.con,
fileee_57.png,CO Sun rahi hai na tu.... Arre baba kaise sune gi woh Pehle kaan se toh haath hata,
fileee_54.png,Phh P,
fileee_59.png,Good Night 3 Byea .,
fileee_60.png,I9h IHC E E IE,
fileee_6.png,9hbl9hhb 9,
fileee_58.png,.,
fileee_56.png,3 3ta OtO HOHR,
fileee_63.png,,
fileee_66.png,,
fileee_61.png,helostatus.com,
fileee_62.png,,
fileee_67.png,f. 182,
fileee_64.png,Ae 2119 i,
fileee_65.png,3 PEP iiphhlle h #Experience,
fileee_7.png,Slell,
fileee_68.png,ERI Siddhbaba,
fileee_69.png,.comBittuSharma okes Nice Pic Dear f f,
fileee_70.png,white colour ... a Shh 2 shmb 2,
fileee_71.png,"fafe at,",
fileee_72.png,t fh..,
fileee_73.png,"y 32, 1.5f1fa 0 Jokes1L.com",
fileee_74.png,hALbn h HUKUM SINGH h h,
fileee_77.png,1h2,
fileee_75.png,50ou Salman 3-4 @joke_ki_duniyal,
fileee_76.png,". iii""e IhS[H I hblnlb mastjoke",
fileee_78.png,"ch  $ Rucirjen, faad, RR g 000",
fileee_8.png,treex.,
fileee_80.png,QOK E,
fileee_81.png,IcEceEaecmt,
fileee_79.png,Student bIH  VitaminE t CareerTensiongca,
fileee_82.png,5y c f,
fileee_84.png,,
fileee_83.png,"Thank You g  PEW ABaabji  thank u,thanxx,TQ,tnq, tnxx,ty,tysm10q,thenx #",
fileee_9.png,,
fileee_85.png,Schoo.. Majak Tak,
fileee_87.png,,
fileee_88.png,"Nibba-Mat ro baby,3 may ko to milna hi hai hamko. *Modi ji-",
fileee_90.png,,
fileee_86.png,R hh 8606,
fileee_89.png,h# Ohyaaro.con,
fileee_91.png,PHllhl aaf qaf.....,
fileee_92.png,a   a e a   e a yor-fdl .. 3t a- ait.,
fileee_94.png,www.hindishayariapp.com,
fileee_95.png,a Proposing Style 4,
fileee_99.png,Fb.com/BittuSharmajokes 422,
fileee_93.png,43 Kh,
funny1.png,,
fileee_97.png,h iPhone7 SCh ii,
fileee_98.png,lokes-inhindi.com,
funny100.png,n funy bhbh,
funny101.png,50AC Funky Life offical 50 f,
fileee_96.png,ys..hst a . . osuiit,
funny0.png,. @funky_life_official f@funky life Funky_Life_official .,
funny10.png,Ih WrtJ # E9n f# y   Insta/funky Life official Funky_Life_official FB/funky Life Yhle,
funny103.png,44 h99,
funny104.png,sffg.f R,
funny102.png,expart LIF Gf,
funny105.png,UN R,
funny109.png,c,
funny110.png,LIF .,
funny106.png,juce,
funny111.png,e,
funny108.png,U LI Miss you Rupa,
funny107.png,..,
funny11.png,"""f K  FUN LIF FB/Funky Life at f. i. ic y  f",
funny115.png,a  Iafun,
funny116.png,,
funny112.png,,
funny117.png,d ife .gf.!,
funny113.png,6000  contract,
funny114.png,@88582650 OsranChat g O,
funny119.png,Funky Life official ta,
funny118.png,en 34,
funny120.png,3 t g h qchaf4 .,
funny122.png,2 pwn uD,
funny123.png,. Onhy 4iat    .,
funny12.png,,
funny127.png,,
funny126.png,aty. UN Feny e.lt  story Ask me a question.,
funny124.png,pe  News paper a,
funny121.png,funky Life oficial e t . You can't reply to this conversation learn more,
funny125.png,RELOAD FOR MORE Home Tee.,
funny128.png,M 3w3 fManf Woman ts f,
funny129.png,Pany Ue oal,
funny13.png,FUI f funky Life GF .!,
funny130.png,yah hfa h,
funny136.png,,
funny132.png,H. FB/Funhy Life,
funny134.png,,
funny131.png,,
funny135.png,hel f funky Lif i',
funny137.png,h .,
funny133.png,,
funny142.png,ft  FEN STLFE,
funny139.png,sharechat #gcp-staging-tasting-tag,
funny144.png,,
funny14.png,.. @@funky_life_official FUN f@funky life  . .,
funny138.png,qeen7221 #Daily t #funnyJokesOfficial #Viral Jokes,
funny143.png,aar. Bittu +,
funny146.png,,
funny147.png,hbh,
funny145.png,a ie  Phe ah,
funny148.png,sad shayari3 a fa iife Ex-Gifriend  a,
funny141.png,qI RGR els,
funny140.png,ebeuh 2021,
funny151.png,00000000,
funny150.png,9o eees,
funny155.png,Sllot Jokes,
funny149.png,2 103 10 uaky Llf n Bry..,
funny153.png,Ba 5000/200/500/2000 1us+,
funny154.png,Pehlnh f. . Bittu,
funny159.png,/Funhy Life,
funny157.png,JokeScoff t. t.,
funny15.png,Online Hchdl FU f@funky life Funky_Life_official f typing speed,
funny156.png,Funkylifein .* 62 s p10 5,
funny160.png,. ft id Ha,
funny158.png,,
funny152.png,17%152 A Q Search p10 D  chocolate t  we just a friend atr ft 62 62 5 Rastriyakhabar.com .*,
funny16.png,byhb @majaktak32 U @majaktak32,
funny161.png,proud to be single n j'ah9e,
funny162.png,?  9p$ y 4l t i g #yat cae?,
funny167.png,,
funny164.png,at     Beeeeee DHelo,
funny166.png,f t t a  n/ Helo funky Life officia hf,
funny169.png,a g ChatsHelo S,
funny165.png,funky Life officia Helo       a n/ g ChatsHelo S,
funny163.png,Funkylifeind . TOLT  . . .   7 e,
funny171.png,2 a,
funny170.png,at FB/f,
funny176.png,,
funny17.png,,
funny172.png,R y 2p 34 Bittu,
funny173.png,hleyaln bla 3 3 .,
funny168.png,ShareChat ee y  8. .0000 0989803 Pky,
funny177.png,at at block t t at Unblock. Funky_Lie.offia at blockbuster.,
funny175.png,g,
funny174.png,Funkylifein e 2 -  frart-   -     - 1     ..0 ...,
funny181.png,nky_Llfa_clficia Traffic police  g,
funny182.png,Funnyiine he . 6086080,
funny180.png,. Fany Lelfici ft typing speed,
funny183.png,South fhf    3,
funny179.png,ZoMostFunyjokcs mHdr,
funny178.png,430140067 h ii2,
funny184.png,LE  ISTUFF,
funny185.png,Ueysee,
funny186.png,kiss 3 h,
funny18.png,2h Posted on: @skg6218 ShareChat h    FU FB/Funky Life hre GETITON sk post Google Play,
funny188.png,y U nky Life 3st.,
funny187.png,offiealf,
funny189.png,,
funny192.png,,
funny193.png,,
funny191.png,BF t fftI have a boyfriend Funky_Li Hfa,
funny196.png,,
funny194.png,. ey Life .,
funny198.png,@41186753ra,
funny197.png,@crazy_boy18 ##NNyJOKES,
funny195.png,@351336901 Teacher..!   q cp-staging-lesting-tag y,
funny2.png,Fanky Lie officia,
funny190.png,6 164. STR --- n,
funny202.png,,
funny19.png,yIE Ih4SW E    96 Sarit Insta/funky Life official FU C Funky_Life_official FB/funky Life E  ttr I yue,
funny200.png,ewh Bittu,
funny203.png,,
funny206.png,instagram@Hindi.Joke 5,
funny201.png,unky fe offici - Helo . anky_life_official . #ExamJokes Funny Jokes g Pay,
funny199.png,533pm QSearch Facebook D Funky life hours ago t ale  e h   i2 lle b  02 2,
funny204.png,HOW TO USE FUNKYLIFE Account kaise bnaye LIFES FUNNY G\aR aATTAa 2MIN,
funny208.png,a,
funny20.png,y5 q$ at R instagram@Hindi.Joke @funky_life_official f@funky life Funky_Life_official f UbhP Ihlb?ytl Ihl K 4 I>E J 5,
funny207.png,Fe/funbn Life 06000000,
funny205.png,Teacher:t..! Funky Life officia h 2h h ja2,
funny209.png,h,
funny210.png,Funky Life,
funny213.png,ga   5100 e,
funny211.png,iighe  B/Funhy Lije,
funny215.png,B/Funhy Lije iighe,
funny216.png,2,
funny219.png,.H NoteBook,
funny212.png,BF ff . .H NoteBook funky Life,
funny218.png,yy,
funny21.png,yI 2 9n  IbSW slai fdt t.. Insta/funky Life official FURS LIF Funky_Life_official f FB/funky Life HE,
funny217.png,FUNNY JOKES IN HINDI TEXT .,
funny214.png,@zeeshan8196      SHOCSSUNVON,
funny221.png,5004. 3.,
funny220.png,s  Ho  .. 2b funky Life ii  h Ph,
funny223.png,-h,
funny22.png,,
funny224.png,3 FB/Funky Lif y,
funny226.png,u,
funny222.png,Sohi6208 ejoke Fjoke,
funny227.png,19b h n,
funny225.png,790766885 29 funny sfe,
funny228.png,rtag   Fanky Lie,
funny232.png,,
funny230.png,,
funny231.png,,
funny233.png,oflicial f leph,
funny229.png,Funkylife in i fat  ae juP  a45 2 QI2h e s - 9hlh  4,
funny236.png,,
funny235.png,LIVE BREAKING NEWS  h,
funny237.png,Funky Life official H,
funny239.png,. FB/Funky Life iih 22 P  Kbk Ihle,
funny238.png,rifaf..!,
funny23.png,it t e SART Insta/funky Life official e Funky_Life_official FB/funky Life chf4 q 3TR 3IT,
funny240.png,Funky_Lie_etfical 3,
funny241.png,at fat  Funky Life elleial,
funny24.png,hla Funky_Life_official funky Life 3h,
funny242.png,Seehe Saade Ratate Hon iaag Kara Hog To Latest Post Populsr post MORE,
funny243.png,. FB/Funky Life B0000000000,
funny244.png,9 Funby Lif im2,
funny246.png,FB/Funky Life,
funny234.png,t. - dR . Hye   2 h  h e h he,
funny247.png,.  f,
funny248.png,fo olficia Block i,
funny249.png,,
funny250.png,33,
funny245.png,harvan2813  f #gcp-stagingcestingtog,
funny253.png,,
funny25.png,,
funny252.png,Ineh,
funny254.png,Fanky _life_official hb   .,
funny255.png,h,
funny251.png,FB/Fnhy Life 2h,
funny256.png,Iac hK LbL InS!h 3 c qI,
funny257.png,3,
funny258.png,,
funny259.png,,
funny261.png,,
funny263.png,,
funny26.png,,
funny264.png,Fanky Life t bye a online,
funny262.png,FB/FusleLig  a. #3##. Realty of Favan,
funny260.png,unky Life ih,
funny269.png,a,
funny268.png,,
funny270.png,f FaL  fg,
funny271.png,,
funny272.png,1 hhhle,
funny265.png,,
funny266.png,,
funny267.png,,
funny273.png,si BeautyPlus  use,
funny274.png,En ayany/a 45.,
funny276.png,Funly Life official,
funny277.png,a h....T CB Biiigpee,
funny27.png,2hlnb FUI Miss funkyLif Funkyeie,
funny278.png,2hlnb funkyLif Funkyeie,
funny275.png,hue Rupa  you f @funky life,
funny279.png,hh e Funy.Lfe.o y,
funny28.png,@funky_life_official FU LIF f@funky life E,
funny280.png,@funky Life official -Helo t ff Fky Life offica   Helo Superstar ogkePy,
funny284.png,2h e000000,
funny281.png,Hbh  5. funky Life ph ih,
funny285.png,L  s,
funny283.png,Funkylife ir dm $PP e qf-,
funny282.png,,
funny286.png,LA,
funny290.png,,
funny288.png,h hh S,
funny289.png,Fanky Life official,
funny287.png,phle y 10-10  g. ny. Efundy Life,
funny29.png,@funky_life_official f@funky life,
funny291.png,FB/Funby Lifs .,
funny293.png,FnkzL .,
funny292.png,,
funny294.png,i .,
funny297.png,,
funny296.png,h h d LIF .,
funny299.png,,
funny295.png,-y Lese COCC ...00 e? days miss you e,
funny301.png,f Eunky Life official,
funny298.png,e? -y Lese COCC,
funny300.png,DA COM LCOMEDRCPF 92,
funny303.png,,
funny30.png,Insta/funky Life officia Funky Life_official FB/funky Life,
funny304.png,,
funny302.png,"Fungifein f g. Yes sir, how can I help you? 31f t2 hn # Haa4 9 aeccee",
funny3.png,,
funny306.png,,
funny307.png,yfaf 00000000,
funny309.png,Funky_Life_official h,
funny305.png,@199332779  use  funny joke,
funny308.png,100  f Fny Le ecal 98,
funny311.png,26,
funny310.png,Tonye ott y<ue =,
funny312.png,Fs/FunbsLife 2,
funny315.png,t t.,
funny314.png,n ay  etticia aa,
funny31.png,proud to be single @funky_life_official FUI f@funky life Funky Life official pI  i'lmIh,
funny317.png,FB/FuskeLie rg Mr.Unvere eeeeee,
funny313.png,s LFER .d,
funny318.png,earphonetfe,
funny316.png,,
funny32.png,,
funny319.png,,
funny320.png,O,
funny322.png,e,
funny325.png,fCrazzy Boy f,
funny324.png,,
funny321.png,2h h,
funny327.png,4,
funny326.png,Sshrvan2813 uny .,
funny328.png,LF Enhyur  f i.3,
funny329.png,,
funny323.png,5   - n hnhh AR,
funny331.png,y,
funny332.png,LIF R .,
funny330.png,LIKE SHARE & DOWNLOAD YOUR FAVOURITE JOKE 4,
funny335.png,Funny Quotes,
funny334.png,33.,
funny333.png,f. g I dont workI am a grincess...,
funny336.png,f. y  t  msg type  speed a,
funny337.png,,
funny338.png,ypar dpin   m,
funny339.png,. ...,
funny344.png,,
funny33.png,,
funny342.png,.,
funny343.png,Funky Life_otficial  shaadi.com  q Account,
funny341.png,2688787208 OshaChat ebf gf Joke,
funny34.png,2 103 10 funky Life tta en Fanky Life officialf,
funny340.png,H -LATEST - -,
funny345.png,,
funny346.png,Jokes Gourau Tech tips,
funny349.png,cute,
funny348.png,. f U LIA,
funny347.png,okThen Solve This cosx{1-x} sin2x1-x TI,
funny351.png,ss,
funny350.png,lle,
funny353.png,better than ia,
funny352.png,2,
funny354.png,Helo,
funny357.png,fe_elficial f,
funny35.png,SH chq ch ych . @funky_life_official FUN f@funky life,
funny356.png,ILove You 2,
funny355.png,h  Elb - g. 2h hh he  he hh FB/Funky Life,
funny358.png,B/Funky Life y.!,
funny362.png,Funky Lile elficial,
funny359.png,Hindi -10 1000 ih HindiPics.com,
funny365.png,. 000006666,
funny363.png,. 000006666,
funny36.png,,
funny366.png,theee,
funny364.png,9 YHYD SATE,
funny360.png,,
funny361.png,Post  . cogle Pay (Tez) DOWLOAD,
funny369.png,"Jokes,Status Memes f  s t android application LIFES Funky Life GoogePlay",
funny368.png,. /Funhy Life A,
funny367.png,BEST ATTITUDE STATUS +,
funny370.png,Fusky Ufe  Bh  h 20f,
funny37.png,FU Funky_Life_official,
funny39.png,Td q yw3 qsT at gH 3Rt ast fchqI allgch qcc,
funny4.png,sad shayari  . y Life 3 Ex-Gifriend,
funny371.png,Jokes Fun qF aT 3THR aql Funny Ankita Gourau Tech tips   PWI IF InI?y InIh ),
funny40.png,Insta/funky Life official Funky Life_official f FB/funky 50 f,
funny38.png,3 3   ash .! FUN FB/Funky Life,
funny43.png,,
funny45.png,Fy Life aa  msg type a speed,
funny41.png,3 24 3154R9 IG|@funky_life.1 FUNKY LIFE APP U yE  F Ie  IP>H y Eh SA f3c a,
funny47.png,Funky_Life _official f,
funny42.png,36 pSp   lDW fara - Hahdl Insta/funky Life officiar FL Funky Life official FB/funky Life hargstI,
funny5.png,,
funny46.png,@funky_life_official FUN f @funky life 3h Raa f <,
funny44.png,"Fq fa 5q ""EVM @funky_life_official 7 f @funky life Grat g t! -",
funny50.png,Insta/funky Life official FB/funky Life Funky_Life_official f scht bye aldch online,
funny55.png,Funky_Life_official unk t t,
funny48.png,t W4Y ft bS HIEC # ASRT Insta/funky Life offician FU Funky_Life_official FB/funky Life Jtlr eft.. Ihle T at juice yita 3T,
funny49.png,HEegse af U qc Sb iih,
funny54.png,,
funny51.png,f@funky life Funky Life_official Traffic police a ary a  jIhl Itt,
funny53.png,a FUN @funky_life.1 Ihle t at q 2 fc ODownload Funky Life App for more fun Funky Life Google Play ETTON,
funny6.png,s   a   z,
funny52.png,BREAKING NEWS ph faha.! Insta/funky Life official FUN FB/funky Life Funky Life official adnln IhE  t EPh -,
funny56.png,ph t asfay cial @funky_life f @funky life funkylifeofficial.com t 55 5ue y!e  ad Jhhe,
funny61.png,y  FUN FB/Funky Life s   .,
funny57.png,at at Unblock. Insta/funky Life official FU LIF ylife Funky Funky_Life_official f at  t blockbuster. A,
funny64.png,t sfaf a expart LIF aky fe olleial f Gf,
funny62.png,heh Jhy FUN Reply IG|afunky_life.1 ODownload Funky Life App for more fun Funky LifeGoogeay,
funny58.png,lbhlla LP dH hlle 6 Funky_Life official # SlIt IPSW Funky Life_official,
funny59.png,chc      yot. Insta/funky Life official FU LIE O fficial FB/funky Life Funky_Life_official f RRA,
funny60.png,t F>Ih Inlb @funky_life_official FU LIF f @funky life 3ch HE,
funny65.png,2 FB/Funky Life,
funny66.png,3G FUI fa funky Life Funky Life_official f 98,
funny69.png,e FUN LF Anshuman premi FB/Funku Life,
funny67.png,ISh D b 9F  tt Iwh @funky_life_official FUN f@funky life Funky_Life_official 3iR story # 3d Ask me a question.,
funny68.png,,
funny71.png,at fanit Insta/funky Life official Funky_Life_official FB/funky Life,
funny72.png,. FB/FunkyLife a,
funny63.png,XNO LIFECA @funky Life official Helo HTE ffr hh h Insta/funky Life official FUNK FB/funky Life Funky_Life_official #Helo Superstart a y GETIT ON Google Play #q|4hs/..,
funny70.png,ChTRT 2hlg hal.. FU FB/Funky Life 3 WSE .,
funny73.png,FB/Funky Life .,
funny74.png,,
funny7.png,Ipb ble FUN LF f funky Life lle,
funny75.png,a relationship   Insta/funky Life official Funky_Life_official earphone t fd,
funny77.png,@funky_life_official FU f@funky life,
funny8.png,3 GT FU FB/Funky Life 3t act y dt ...,
funny78.png,"dqitsiy @funk Funky_Life_official e  at fa, i2 y  e ffunky Life",
funny81.png,Funky Life,
funny80.png,ff. www.funkylife.in SWs h  4  VISIT MY WEBSITE FOR MORE FUN www.funkylife.in,
funny82.png,"chRTaT HRAily 4 IhSJU "" Ihlr e  hI? Funky Life LIFEe ANDROIDAPP alsq",
funny76.png,SHEH t chTSR H UNK Funky Life GETIT ON LIFES GooglePlay yd I9p 944 3,
funny86.png,ych 519441G3 bh h .,
funny85.png,tf a   . @funky_life_official 94 f@funky life ftf. at ft  h.,
funny83.png,p> pwn hP T cht aE @funky_life_official f@funky life,
funny87.png,qt sfayi t. @funky_life_official f@funky life,
funny84.png,At At cT fHIq cRd AA ddt aT qI4 ah1T chRm FUNKY LIFE APP IG|@funky_life.1 gaT  alai at PHIWH A an  a 3i a cR,
funny79.png,tpsw y 4 TC f3 ych HRR 3 Insta/funky Life officia FB/funky Life Funky Life official 3i Ib DJh wR fah fah chT 9RT chaTI,
funny91.png,.,
funny89.png,"IG|@funky_life.1 FUNKY LIFE APP t2 dH YPU 2+P q3 3T, a14i3 ch< ad",
funny88.png,"IG|@funky_life.1  IW 5l4, I9p eIH4E  dIs $h FIW",
funny9.png,,
funny92.png,h f,
funny93.png,LIE,
funny96.png,,
funny94.png,2 si ft et. Puaky Le oflieia,
funny90.png,Ue far? f a f9 cRIT IG|afunky_life.1 H7 ff che fa41 eh,
funny95.png,2  2h 2bh b  d . EFy Lile eliial,
funny97.png,EFy Lile eliial  2  2h 2bh b  d .,
funny99.png,sat a 100 95f,
funny98.png,f  am hot,
gandhiji10.png,,
gandhiji0.png,Mahatma Gandhi 3a hitheboss,
gandhiji1.png,Sig MahatmaGandhi,
gandhiji11.png,BALA h,
gandhiji13.png,,
gandhiji12.png,Mahatma Gandh 3ra hitheboss,
gandhiji14.png,3sch,
gandhiji15.png,14 qR,
gandhiji16.png,d23,
gandhiji17.png,.! o,
gandhiji2.png,,
gandhiji18.png,,
gandhiji19.png,egh 2 -Mahatma Gandhi,
gandhiji20.png,y,
gandhiji26.png,,
gandhiji24.png,..,
gandhiji23.png,,
gandhiji25.png,,
gandhiji22.png,4hh nh,
gandhiji21.png,P ah M a/bapu ke vachan Mahatma Gandhi,
gandhiji27.png,y  af 34 n OES410,
gandhiji30.png,H ~,
gandhiji28.png,faat f247,
gandhiji29.png,Mahatma Gandhi,
gandhiji3.png,h Mahatma Gandh,
gandhiji31.png,h Mahatma Gandh,
gandhiji32.png,R -,
gandhiji34.png,,
gandhiji35.png,Se ban h  an Mahatma Gandhi,
gandhiji36.png,Unko bhi Happy Holi jo kisi aur ki holi Mahatma Gandhi,
gandhiji33.png,yet et..,
gandhiji37.png,Mahatma Gandh,
gandhiji4.png,Se an h b an Mahatma Gandhi,
gandhiji39.png,atg faar fa4,
gandhiji38.png,Mahatma Gandhi Ithoboss,
gandhiji46.png,,
gandhiji44.png,,
gandhiji43.png,,
gandhiji40.png,TM evachan Mahatma Gandhi,
gandhiji41.png,Beebe 2 ea Postl Mahatma Gandh,
gandhiji45.png,egh 2 Mahatma Gandhi,
gandhiji47.png,,
gandhiji42.png,y   ha h 1acll Mahatma Gaedh dailyhunt,
gandhiji51.png,ys,
gandhiji48.png,A man is but a preduct of his thoughts What he thinks he becomes Happy Gandhi ayanti,
gandhiji49.png,,
gandhiji50.png,3cicch,
gandhiji54.png,,
gandhiji55.png,ANI,
gandhiji52.png,y 2 06000,
gandhiji56.png,,
gandhiji5.png,t9 dche U-:,
gandhiji53.png,Mahatma Gandhi,
gandhiji59.png,BHAAT THE PHAK,
gandhiji61.png,,
gandhiji60.png,d,
gandhiji57.png,Pe,
gandhiji62.png,h,
gandhiji65.png,,
gandhiji63.png,,
gandhiji64.png,,
gandhiji66.png,,
gandhiji7.png,,
gandhiji67.png,,
gandhiji71.png,,
gandhiji69.png,,
gandhiji58.png,never M. ness is f the ndhi not gold a QUOTESDWWw.IN Manatma Gandhi Inspirational C inspiringquotes.in,
gandhiji70.png,,
gandhiji72.png,,
gandhiji74.png,,
gandhiji75.png,,
gandhiji73.png,,
gandhiji76.png,,
gandhiji9.png,,
gandhiji6.png,9R a Fchr 1?J SANSKARI BAPU JI 3q,
gandhiji78.png,ANI qodit,
gandhiji8.png,Beebe 2 a Post Mahatma Gandn,
hin0.png,f,
hin103.png,fhave a Boyfriend,
hin102.png,,
hin100.png,tikimaces.com,
hin10.png,Postedon @454637248 iiy ##Memes Goode,
hin104.png,3 EPOSTEPA,
hin105.png,dfc f,
hin1.png,"2 Posted On: @smarted editzs ShareChat i""5I I2 2) fhd yHdq i""e 4l #100% GETIT ON Google Play #100%#Memes#",
hin108.png,99Bol.com,
hin107.png,99Bol.com,
hin101.png,2064126 O Pyhh c ihhk Ph 10mamjm 10 BMames g,
hin106.png,hf,
hin111.png,,
hin114.png,h innn,
hin109.png,Osharochat 467724284 Jok efi,
hin11.png,nh 7500 H,
hin113.png,- 79 IinstaSgajabta e  Apple Watch,
hin112.png,af 2000 anfeal 184,
hin116.png,bhh UPScff 332 UPSCR 335HI,
hin115.png,100 Megha  @412379930 Suraj,
hin117.png,EPee 226 fa ch hT f3<hT3233a y dR g y 4a hlh y pd,
hin110.png,@412379930 Suraj Kiran  Roshni Sandhya  Varsha s Megha  100 10mes,
hin121.png,IQkharidugi,
hin119.png,R2 Ph BC,
hin122.png,,
hin118.png,MASTLANO_JOKEC,
hin123.png,Faisu Punchar Shop,
hin120.png,Swimming Pool vimmi TTER,
hin127.png,,
hin124.png,,
hin12.png,yith D.HelO,
hin125.png,: .. c e,
hin128.png,,
hin126.png,fDekhbhulapahadijokes Dekhbhulapah DEKHPHULAE n,
hin131.png,6 .,
hin13.png,"Ye Raju..!!idharAa!! Mere Ko Bhi ismein""WhatsApp Chalu Kar Ke De Rey Baba",
hin130.png,= /92 H,
hin133.png,SMILEWORLD.IN 3. SOWEA,
hin132.png,Fe ah os   Shhp,
hin129.png,@454637248 Memes G,
hin134.png,,
hin137.png,80959577301 6g a a,
hin138.png,LoveSoy,
hin135.png,Rat a fatat,
hin136.png,ff e.  ab. LoveSoy,
hin139.png,y Thodi si business allowed hai,
hin140.png,NF 3,
hin141.png,,
hin146.png,moj,
hin14.png,fa ...!! ie cooe,
hin142.png,00T si  ?,
hin143.png,Tension   3    91444 90,
hin145.png,hindi funny jocks,
hin148.png,,
hin147.png,Gajendra Chauhan  @Gajusay,
hin149.png,,
hin15.png,6 dinChot-POST& EARN,
hin153.png,,
hin144.png,y 33 - 30 29 30100.100 9n 3,
hin154.png,,
hin151.png,a OLEWORLO.M,
hin156.png,@Hasi Ka Hungama,
hin150.png,@32502856 ShareChat dnno 5 ... .....DONTCOPY..,
hin158.png,I have a boyfriend nhe,
hin155.png,nhe I have a boyfriend  eP e kk yt b,
hin159.png,h,
hin157.png,AGAL h  Tryf 4848604 IG-@pagal_writerrr VEER,
hin160.png,"csT backbencher  frar Jifna mil raha hal, utne mein khush rho,warna yeh v ni denge",
hin152.png,MEMESKALAD memeswalaxd DAILY MEMES  2 3 2000 4 1,
hin16.png,Rqs 2000 1,
hin161.png,q1ell,
hin163.png,teean 99Bol.com,
hin162.png,. 60,
hin164.png,8 tollow like commentsha,
hin167.png,,
hin165.png,,
hin169.png,wifif f,
hin17.png,wifif f,
hin171.png,,
hin166.png,,
hin168.png,95 3 hPh 08 10:38,
hin176.png,n,
hin170.png,iPhone X Flipkart Amazon Credit Card 3i Debit Card  H  Option,
hin173.png,ReR i ie,
hin172.png,cht a.. 2,
hin175.png,MILEWORLD.IN Hhhh e SHPOWEDATN,
hin174.png,f R200 #ITZS2K,
hin177.png,bh sh  f 3 33,
hin178.png,SMILEWORLD.IN 333 MEEWORLD.E,
hin180.png,Memes SPadaxs,
hin19.png,,
hin182.png,33 - 99Bol.com,
hin181.png,3riat nt Swag Prh arth. @Hasi Ka Hungama,
hin179.png,h cabh 2020-2021 MEMES aChee Ne Welcome 2021 *Indians FAU-G,
hin18.png,3st at aifr a fGa7 2 H4 l2 2 tb ft cedt rtcPRc6 5q hT f3<hI32s<c y< aRft Sch a hH 5ch 5h,
hin2.png,R Pitara App,
hin23.png,,
hin21.png,,
hin24.png,bro Posts,
hin20.png,I2 P yt 2hly i!34 2hlg L chR-,
hin183.png,] Ih|W b Ib HIh |pH2 IhPh IPh 9 hlhP I?h Ip https 600onym .com/nrihimk halwale FnHiS immehmvole,
hin26.png,,
hin27.png,HimachalJokes 00 HT RRHT,
hin25.png,"rero NF newsflicks You don't worry. My love, . NF H  aaodd aR newsflicks NF 52424",
hin31.png,= 6/,
hin29.png,,
hin3.png,mhl 3G Ihlh. iip?,
hin30.png,faur 229,
hin33.png,SALE SALE SALE 3,
hin34.png,3lgchRt adi.. GR ii >be?!b,
hin28.png,,
hin35.png,SMILEWORLD.IN IHtBh ht Dlie POSTEDAT MILEWORLD.IN,
hin39.png,H Hch th  fA <I,
hin41.png,fi,
hin40.png,3R 30 100,
hin37.png,R 3R 30 29 100 3,
hin36.png,FJ  ah OS  Ip Shivam 2dlW pE 2 UPP pP RI IShIh Ig IK yPIp RAPUTSHIVAM RAJPUTSHIVAM Share RAJPUTSHIVAM tShivam,
hin42.png,hindi funny jocks,
hin43.png,,
hin4.png,3M rch Bhai R SHRT 3# GETIT ON,
hin45.png,Are you free tomorrow? fo itspahadiswag 1eT Hc< 3 31? aT qR R qR 3gc # ? dar a?,
hin47.png,a,
hin46.png,Gajendra Chauhan @Gajjusay # f G1 3RI   f sIch< G3IT 3 h,
hin38.png,P2H Posted On: @kaka13494 ShareChat Posted on: @103409331 h-h 100% Google Play GETITON 3# 100% #Hiea jokes GETIT ON GooglePlay #He Jokes #Funny Memes #V..,
hin44.png,,
hin5.png,NEELWORLD.XYZ 26B3,
hin51.png,,
hin49.png,100% GO SchT: a???,
hin54.png,Are you free tomorrow? i h,
hin50.png,@funky_life_official FUR LEF f@funky life  t,
hin56.png,2GB3,
hin57.png,wifif f O,
hin53.png,,
hin59.png,,
hin55.png,@navneet_official #funmy memes sfurnymemes,
hin61.png,Cl B2,
hin48.png,qof d a] t d df afad  qr  ad Heh lelle e PhPRe m    d  d ee h kh ae  s134etstJagatguruRampalji.org rone SPIRITUAL LEADER @SAINTRAMPALJIM SANT RAMPAL JI SUPREMEGOD.ORG SAINT RAMPAL JI MAHARAJ,
hin62.png,,
hin58.png,ohnm sins RIGHTHANDBATSMAN MATCHES 177 RUNS 4812 301 5Os,
hin63.png,,
hin52.png,2h Posted On: @aarush_17 ShareChat 3 ht Oppo Vivoq Dones h #funny memes  GETIT ON GooglePlay #funny memes#100%#..,
hin65.png,a gap oa hea cap ba bemsu wminthi.com,
hin6.png,R F40 -fun4you fun4you_rj17 ffun4you,
hin64.png,8000 Nahi chahiya kesika sath jab dagad me ho pahadi,
hin60.png,ie je2j r 2 dealaaleda,
hin71.png,,
hin69.png,U ih eeeeeeeee,
hin70.png,,
hin67.png,Timachal JOKES 1.n 2.,
hin66.png,a,
hin68.png,"...! i""Ee",
hin72.png,cichsi3han Angry Boy Jokes 000,
hin73.png,at f ?,
hin7.png,DEAR AMBANLJL 1500 1000-2000 hh-chhc f. ch5. iW,
hin77.png,e 611OVERS85TARGET,
hin76.png,-,
hin75.png,f a faR,
hin74.png,bhesh a f 3,
hin80.png,hC,
hin78.png,chaatichauda.hegava hamasa Ee toh saala hona hi tha Ihh+,
hin8.png,BETA TUMSENA HOPAYEGA HOMEIN TUMHARELACCHAN BILKUL THEEKNAHIN LAGRAGIEHAIN,
hin81.png,h T,
hin84.png,,
hin82.png,hHhpH hh Phhlhh,
hin85.png,48 Bsc,
hin86.png,e at Bittu,
hin79.png,g527969793hvinodjcshi 2 ANY TIME ANY-TIMEMAZAAK 100,
hin90.png,,
hin89.png,,
hin87.png,g pqla GOP ao a,
hin92.png,IndyaSpeak -f,
hin93.png,ffa hhS,
hin88.png,China  #hap narge Memes Meme100,
hin83.png,528212589 Y 9336949760k 9 50 Plehep Cehl9p Ihe H9 R a 100,
hin96.png,Wif  Wife   s  33,
hin94.png,,
hin91.png,41 NF sracks NF,
hin99.png,99Bol.com,
hin_abc10.png,,
hin97.png,"mhll IhIh e iii""ee",
hin95.png,aarush_17 sheiche ht Oppo Vivo,
hin9.png,f w?h d?Ut[W4J www.commercenewsguruji.com Google 1 Youtube | Facebook | Instagram | Twitter | Telegram | Pinterest - Comrerce News Guruji  lPe lpIEE q IPE dE,
hin_abc1.png,... HSRIE R tBP,
hin_abc101.png,Bachche Ki Jaan Loge,
hin98.png,charchits9s6 ShareChe . R,
hin_abc102.png,,
hin_abc100.png,10 10 9 1 o.con,
hin_abc104.png,4 3 f,
hin_abc0.png,paag aahPbpale ap EO eyeee aloaah galfaecoe R2,
hin_abc103.png,frar:,
hin_abc107.png,pAH c mh Inhlh hL,
hin_abc105.png,- 3iatT3T3 iieeeeh 00000 Jokes11.com,
hin_abc106.png,yalfa 20 6 GDP f 10a 60f,
hin_abc11.png,,
hin_abc108.png,eganph Rah Dollen eea Qin  le Ja pa lelle n h,
hin_abc111.png,q44PM 7PR 6666 F3.com/HindiJokes24 HindiFannyJokes.ine,
hin_abc113.png,fasasf,
hin_abc109.png,cheR2 040 3 thte cthle 22    htc,
hin_abc110.png,Hs.,
hin_abc112.png,fasasf,
hin_abc115.png,qf...,
hin_abc116.png,OWhatsAPpText,
hin_abc114.png,Congress leaders be like to BJP nowadays Zara si dil mein de jagah tu Zara sa apna le Bna mein chahun tujhko mere jaan bepanah fida hun tujhpe mere jaan bepanah. -Anti-Defection law~ R ote.ir,
hin_abc118.png,,
hin_abc119.png,,
hin_abc120.png,e y.,
hin_abc122.png,HODDOR,
hin_abc121.png,RAHULGANDHI,
hin_abc12.png,5 1500 13- Mllshpe 5A 2500 23455,
hin_abc117.png,3g - - a  ag  s 25   b,
hin_abc123.png,100-100 . yoyte e,
hin_abc126.png,22$,
hin_abc125.png,AgSG Ihnlle fo af 12%0012 Seaeopa,
hin_abc124.png,,
hin_abc129.png,2,
hin_abc13.png,fasf,
hin_abc127.png,# 35 e 10 lesh i IAC,
hin_abc133.png,# e,
hin_abc132.png,afat 3i-in,
hin_abc131.png,hg  162 hb lhe b  lleechln -  9 h,
hin_abc136.png,#ChorNiklaChaukida,
hin_abc134.png,DESHMEIN MODIKI KOI HAWA NAHIN HAL ABEY-HAWA HAI MUFFLERUTAARKE DEKH TOH PATA CHALEGA.,
hin_abc137.png,,
hin_abc130.png,R,
hin_abc140.png,TUSSINA JAO,
hin_abc141.png,,
hin_abc128.png,GC 8 af,
hin_abc14.png,yeyp Friendlyd,
hin_abc138.png,PHE,
hin_abc146.png,maskaree.com,
hin_abc142.png,nie faf,
hin_abc143.png,BJP. BJP.,
hin_abc139.png,Irs? 2jee Plne ralrafaa aalafay 3 PhPgg2 htbP,
hin_abc135.png,f 2 28    t,
hin_abc144.png,ETEI- EE Ih,
hin_abc145.png,#_ad g,
hin_abc147.png,6000 t ftf contract,
hin_abc149.png,SUSHMA  EXPOSE,
hin_abc15.png,,
hin_abc150.png,,
hin_abc152.png,#dedlg,
hin_abc148.png,h!2hH  f ISt$,
hin_abc156.png,AAP qcs 330,
hin_abc159.png,ShareCha,
hin_abc154.png,en3eheeoo3s yw3 eln  Jonae s wOmirchi.com,
hin_abc151.png,"faraaet ywasfair ayaet aaf3P ""Ph Jotfae",
hin_abc153.png,"He iil""llele Laughandmasti.blogspot.com e",
hin_abc155.png,OKO0 geloTa R2 3 oo  r.,
hin_abc157.png,OKO0  pa e  bes 3 oo  geloTa r. R2,
hin_abc158.png,Ree ReR,
hin_abc160.png,"he2 h h  -3- dur,,,",
hin_abc163.png,,
hin_abc16.png,,
hin_abc166.png,farn 39RTY,
hin_abc165.png,Election Campaign starts for 2019 . www.HindiTroll.in,
hin_abc161.png,,
hin_abc167.png,serfere,
hin_abc164.png,WRA e.co '192 h,
hin_abc17.png,Haft...,
hin_abc168.png,H5griat at up  3,
hin_abc169.png,3 1998BP3 3 lle mh h,
hin_abc162.png,#,
hin_abc170.png,h iey -i kes 3i.-yi johdens Jokesll.com,
hin_abc172.png,Facebook.com/HindiJokes24,
hin_abc173.png,,
hin_abc175.png,-,
hin_abc177.png,R6 hdh P  h ee,
hin_abc179.png,,
hin_abc178.png,3it i22$,
hin_abc176.png,p,
hin_abc180.png,SINS HAL.,
hin_abc181.png,FUKREY SPOOP,
hin_abc183.png,pppe hce 33.,
hin_abc185.png,e obn c ah h  p ele Pe a3,
hin_abc174.png,p ele Pe a3 5000 Ceon 005 e obn c ah h,
hin_abc171.png,MEDIA NOTSHOWING X Xfff f XPM CARE MONEY X XGDP MEDIA ONLY SHOWING SUSHANT KANGANA RHEA SHIV SHENA,
hin_abc18.png,,
hin_abc186.png,a,
hin_abc187.png,faafaa 2lc2hh,
hin_abc182.png,NAMO AGAIN OMGINDI PAGE,
hin_abc184.png,2024  ft... FB.com/HindiJoltes24 HindiFunnyJokes.in,
hin_abc188.png,Jhehle fay,
hin_abc190.png,,
hin_abc191.png,atataan tta,
hin_abc192.png,h f,
hin_abc19.png,3 4000,
hin_abc189.png,ShareChat f Pasasd VIVA,
hin_abc195.png,,
hin_abc193.png,H Ph fa HAKH RAOEC,
hin_abc194.png,2 l h  Pe HRR 3,
hin_abc197.png,3,
hin_abc198.png,qIdRH dhhele ECongressLogo.com,
hin_abc196.png,poapapoan fegcipe jaqple,
hin_abc202.png,,
hin_abc20.png,3PR,
hin_abc200.png,=,
hin_abc199.png,ep f .. FB.com/Hindijoices24 HiediFunnyjokes.in,
hin_abc205.png,33 Corfaruya,
hin_abc203.png,m ollsom eecg wHroL.om,
hin_abc208.png,S+RR=y P=Plo+h,
hin_abc204.png,Fhtbhit j 2 eJtIc It  Eb>tJ KPcy  upre? 314,
hin_abc201.png,Brefra PiClips  adlel 12.17% 41% 10 s   pat   3 a,
hin_abc21.png,Ie In3re Jha 'le@h j3Jo Jo3h S[q Jo 3 Jb le'Ue$h Jolc acW l mh 2is] ajq|Cuo a] u|qd| w3mirchi.com,
hin_abc207.png,,
hin_abc211.png,eaa.,
hin_abc206.png,IhbaPhlle h Phllaps,
hin_abc210.png,14 ma,
hin_abc212.png,3mirchi.com,
hin_abc209.png,pa aq aahPppalle ap 20,
hin_abc215.png,,
hin_abc217.png,HE,
hin_abc2.png,"MIrch BJP HHo BSP HHo 1P RT-HH hH w3mirchi.com 3R ac3t qR, c at y  IbpE Ke $hH aT3IT, aH $I 1h JPhIE U. -",
hin_abc219.png,ABME 70 4,
hin_abc218.png,hhe h 12,
hin_abc216.png,fado ait 3 E aanespah Focel HindiJokes24,
hin_abc213.png,A  g  ne ea Bwwycin,
hin_abc214.png,LO Fonnydo t ep ae,
hin_abc221.png,Nle  Hindi Troll qUR,
hin_abc224.png,hp h,
hin_abc223.png,Whatsapp    Joke  g  Busy  PM a,
hin_abc220.png,3IR .. Facebook.com/HindiJokes24,
hin_abc222.png,Girls 3 Cheezon me Expert hoti hai 1Selfie lene mein  2gol gappe khane mein 3)Bhai banane mein,
hin_abc22.png,Girls 3 Cheezon me Expert hoti hai 12.17% 41% 2gol gappe khane mein  st pt   3)Bhai banane mein 3 1Selfie lene mein,
hin_abc225.png,f   g sco Rn 56R beei ue jawalle,
hin_abc226.png,eadapale Icp@poSchbh13n gIPhle3 f,
hin_abc227.png,,
hin_abc230.png,,
hin_abc229.png,Hhtit9 HRRT ARTE,
hin_abc228.png,31 h e h     08 60,
hin_abc231.png,,
hin_abc232.png,epo ne e  n pe aa bo3sdoaaoa PRaRTET,
hin_abc233.png,,
hin_abc237.png,Mrale Irhwg aa Teehhplagle,
hin_abc236.png,Modi`s China Visit ohh,
hin_abc235.png,..4 9hbhp,
hin_abc23.png,,
hin_abc234.png,a,
hin_abc238.png,He  FB.com/Hindioxes2 HindiFunnyjokes.in,
hin_abc242.png,,
hin_abc239.png,Wbeh ln sht lh,
hin_abc240.png,Wbeh ln sht lh LatestWhatsappStatus.blogspot.com,
hin_abc24.png,130 67 TnNAMO 3 AMO,
hin_abc241.png,,
hin_abc244.png,,
hin_abc243.png,f 3 y ST,
hin_abc247.png,3 e,
hin_abc251.png,RAHUL KEYNOTE,
hin_abc248.png,. af,
hin_abc249.png,. www.HindiTroll.in,
hin_abc245.png,"Anna se puchna chahte hain, tum kis muh se bhrashtachar ki baat karte ho,jabki tum khud sar se pav tak bhrashtachar mein dube ho. Manish Tiwary",
hin_abc246.png,a a,
hin_abc252.png,BJP CONGRESS,
hin_abc253.png,,
hin_abc25.png,38T  dTu 3 30T Hindi Too https://www.facebook.com/HindiTroll.in 33y,
hin_abc250.png,00000000000 H H n,
hin_abc256.png,,
hin_abc255.png,2019   feuet e22 f  ee dedlshta...,
hin_abc258.png,t  t,
hin_abc254.png,f Ph h 6666 F3.com/Hindijokes24 HindiFunnyJokes.in,
hin_abc257.png,pinseanle,
hin_abc259.png,f hhhh ohyaaro.com,
hin_abc26.png,i2 iPHSeE,
hin_abc260.png,t atada paeyee Ph IPpIn LC,
hin_abc263.png,bP ble ch9,
hin_abc261.png,f Opaneck r3o1 gdATrolLtn froll mitps:/wwww.facebook.eon.Hinditroll.an,
hin_abc264.png,w3mirchi.com   fj,
hin_abc268.png,,
hin_abc265.png,BJP BSP H . 2 w3mirchi.com 3   3  .,
hin_abc266.png,,
hin_abc267.png,HdiFarnyJekcc.im f-ai h ne-n More Visit SmileWorld.in,
hin_abc269.png,RR Bittu,
hin_abc27.png,ShareChat ID:429915330   VIVA,
hin_abc262.png,yanny ye HmztTroll,
hin_abc270.png,More Visit SmileWorld.n,
hin_abc272.png,,
hin_abc273.png,,
hin_abc274.png,,
hin_abc271.png,9RI Entire Political Scier,
hin_abc280.png,,
hin_abc278.png,ga 4 -Parikshit Choudhary,
hin_abc279.png,,
hin_abc276.png,si a 3r at SHR.,
hin_abc277.png,RamMa 3  3   PEg9PPg! HJoapPle gee,
hin_abc275.png,hshhschch hhh m fu... h h.,
hin_abc281.png,faa EPTT...,
hin_abc28.png,i22$4S h nphpt undir i 4More Visit SmileWorld.in FonnyJokes.u Hindi,
hin_abc282.png,2 Demonetization. GST. hy h     3,
hin_abc285.png,"""ad",
hin_abc283.png,Congress Party 2019 pe,
hin_abc286.png,G. 3hh 3 ilhle,
hin_abc288.png,PAnDitlAanN 75R3 ch,
hin_abc284.png,. 3 fa.q e hhle,
hin_abc290.png,,
hin_abc291.png,,
hin_abc287.png,Rp ee 9220 Se Holles,
hin_abc29.png,"e   ""EVMaa Re FB.com/Hindijokes4 KindiFannyjokes.in",
hin_abc289.png,Rq1 3 mh FB.com/Hindijokes4 e,
hin_abc295.png,FunnyJokes:in,
hin_abc296.png,FunnyJokes:in,
hin_abc293.png,HindiFunnyJokes.in ilhkWhP-w 4More Visit SmileWorld.in FonnyJokes.in Hindi,
hin_abc298.png,RAHULGANDHI,
hin_abc297.png,"SARTRCR ii""llee Laughandmasti.blogspot.com deh",
hin_abc294.png,Innn y irale he  i8 1n HindiTroll.in 8  4 # qc  Ipale FFFFUUUUU,
hin_abc30.png,,
hin_abc299.png,Pole3 250 31ciqqj ARI Hindi Troll HindiTroll.in qI@RI,
hin_abc3.png,,
hin_abc301.png,OK O0 eie 9aepbps dod e.,
hin_abc35.png,,
hin_abc32.png,emfaao MB,
hin_abc33.png,,
hin_abc300.png,3 aourind hh BEHC!cp hi 3 3,
hin_abc292.png,quy Q00.7 lunak pop neAkets TOp Hindi Troll HindiTroll.ir CA TOD h 34,
hin_abc34.png,Poch lalb f,
hin_abc4.png,,
hin_abc38.png,Gaa acrfa3 ag  a 3tar a at fa3 lIh 2 e2 IP3 ter faurs... ad oea anet!,
hin_abc43.png,Pt,
hin_abc36.png,tIPhh Ih]2bb gg Ihb2bb PIrb Ihg]2bb P?EPb}oq tlkhJhh|b Ihg2Jbk P> IhblPbb  MODINAMA 333 /Modi nama /Modi_Nama /ModiNama1,
hin_abc31.png,,
hin_abc39.png,,
hin_abc37.png,"qT i, fay8T, PIH hFlH Hl>g]hI # WlF Wc! cP lE yu{faRTH, 3d, H2T 3T aosspoah RePe i R Plc  hRpa",
hin_abc44.png,33.,
hin_abc48.png,,
hin_abc46.png,HindiTroll HindiTroll.in,
hin_abc41.png,26  3c t Poh2 HRdYOR 3RHR Poh th Phe 26,
hin_abc47.png,33  22 L Ih K PIe IPJ EhlE 3 iilhle hPJh hr!cp Oh Yaaro?,
hin_abc42.png,cph>H9r Lr Is2 s Thhe Ir!H I EFIc dDI  3ERS SRET. RST..  22 L Ih K PIe IPJ EhlE,
hin_abc45.png,3 -PEPE 33 jq3 qP0,
hin_abc40.png,"ah Ih q y3Ule w3a Ipb Jpaq ph nalle na w3a g oolle Hp h lolle .. 2019 d y Modinama /Modi_Nama /ModiNama eeIa q lPe W3h I2 6l0] c,asaa, Id arplcb MODINAMA Modi nama /Modi_Nama /ModiNama1",
hin_abc51.png,,
hin_abc50.png,P hP9 fa 4000 SiRlelblk 3000,
hin_abc52.png,Helnepe Helgnpe,
hin_abc5.png,d|edR qT 3C  IP pILh $ p pJ R IP3p In?Jn It IP w3mirchi.com $p pIh ?qPIJ,
hin_abc53.png,33 JokeScoff 3 3a JATeT??,
hin_abc49.png,eq Kpjb JokeScoff JokeScoff Pocai at,
hin_abc56.png,,
hin_abc58.png,,
hin_abc57.png,3,
hin_abc55.png,yde 6 60 m,
hin_abc54.png,Inh Dop Hindi Troll R-he,
hin_abc6.png,Gltalt t t,
hin_abc61.png,,
hin_abc60.png,21 f TRIPLECJOXES !,
hin_abc59.png,,
hin_abc62.png,fagq-f yo . yel go gsoal,
hin_abc63.png,f y.f.3f ipha RaRt 3 3f,
hin_abc70.png,Ro y y,
hin_abc66.png,ht et gRaR a 3r43ryaR dt e HRAAATS434GR,
hin_abc67.png,Wlch a 3 f,
hin_abc68.png,3. 446 9.H 2019  fr,
hin_abc7.png,4,
hin_abc69.png,,
hin_abc64.png,qoeqeese?r MnMdNaaMoNaas,
hin_abc65.png,Cat adoageaoe 4-5 a s) 1nRlopb ppW o3mh Sb,
hin_abc76.png,hn,
hin_abc75.png,"erfagel, srat ageit fauTe JITET,",
hin_abc73.png,..,
hin_abc74.png,ph 3 3,
hin_abc72.png,h h Rt RAHUL GANDHI,
hin_abc79.png,,
hin_abc78.png,,
hin_abc77.png,Viral-Status.com Viral-Status.com,
hin_abc81.png,ye,
hin_abc8.png,,
hin_abc82.png,,
hin_abc85.png,BindTrolr 90%5 ii g,
hin_abc71.png,aat MODIfied India,
hin_abc80.png,13 ipeke feaet p sa2a2a ah la2pho 2 22 fet 22,
hin_abc86.png,RGR a,
hin_abc84.png,gf FB.com/HindiJokes,
hin_abc88.png,e Ip2h 3 Hp3cp l33 pl2h3e,
hin_abc83.png,gf,
hin_abc91.png,,
hin_abc89.png,Phb c  d faol,
hin_abc87.png,DR.MANMOHAN SINGH VS NARENORA MODI JUNE 2008 AUGUST2011 JANUARY2013 2016 AUGUST 2013 h bg le  yclelbe,
hin_abc95.png,Ra,
hin_abc90.png,,
hin_abc92.png,09 60 #WhatsappMessage  funnyhind RMOREUPDATES okes.in,
hin_abc9.png,2019 3gte? w3mirchi.com 22 fe ait aree ded sestt...,
hin_abc96.png,,
hin_abc94.png,nc e pae g  ..,
hin_abc99.png,,
hin_abc93.png,,
hin_abc97.png,,
hin_abc98.png,21 22.. f 242024 FB.com/HindiJokes24 HindiFunnyjokes.in,
hin_rename10.png,3-4 h/ah,
hin_rename0.png,f,
hin_rename100.png,Ph,
hin_rename103.png,Ih Bsharma at Bittu f,
hin_rename101.png,O Visltfb/ChirkutBobo HReod More Posts RaaRtathsf @ChirkutBaba HCCTV bChirkutBoboInstoChirku Baboinsta,
hin_rename104.png,HimachalJokes 00 HT RRHT,
hin_rename1.png,"2 Posted On: @smarted editzs ShareChat i""5I I2 2) fhd yHdq i""e 4l #100% GETIT ON Google Play #100%#Memes#",
hin_rename102.png,"rero NF newsflicks You don't worry. My love, . NF H  aaodd aR newsflicks NF 52424",
hin_rename109.png,,
hin_rename11.png,99Bol.com,
hin_rename111.png,SALE SALE SALE 3,
hin_rename108.png,utsr faur,
hin_rename106.png,ch ch ylth R,
hin_rename107.png,mhl 3G Ihlh. iip?,
hin_rename113.png,SMILEWORLD.IN IHtBh ht Dlie POSTEDAT MILEWORLD.IN,
hin_rename117.png,H Hch th  fA <I,
hin_rename112.png,3lgchRt adi.. GR ii >be?!b,
hin_rename120.png,,
hin_rename119.png,,
hin_rename114.png,FJ  ah OS  Ip Shivam 2dlW pE 2 UPP pP RI IShIh Ig IK yPIp RAPUTSHIVAM RAJPUTSHIVAM Share RAJPUTSHIVAM tShivam,
hin_rename115.png,R 3R 30 29 100 3,
hin_rename118.png,3M rch Dekh Bhai R SHRT w3mirchi.com,
hin_rename105.png,i3 aaaagd ppprrele HGdarat . -8003380545-439080 43984924388589/2323/4940/866 tffr - cochBehe P2 M-. . hotdoRnt P   0680887e 3 888838 DB5EREEE8,
hin_rename116.png,,
hin_rename121.png,hindi funny jocks,
hin_rename122.png,ch RT-C ihg Ih,
hin_rename12.png,Osharochat 467724284 Jok efi,
hin_rename124.png,Are you free tomorrow? fo itspahadiswag 1eT Hc< 3 31? aT qR R qR 3gc # ? dar a?,
hin_rename126.png,a,
hin_rename128.png,100% GO SchT: a???,
hin_rename125.png,,
hin_rename13.png,,
hin_rename127.png,,
hin_rename129.png,CA,
hin_rename130.png,@funky_life_official FUR LEF f@funky life  t,
hin_rename131.png,2 asted On: @navneet official ShareChat #funny memes coglePlay #funny memes,
hin_rename123.png,"2hcbH ThIEHG!cp, MB 5G op 3 h CA 5 3Rd f4I qT i Ic?",
hin_rename136.png,2GB3,
hin_rename133.png,2Min,
hin_rename137.png,wifif f O,
hin_rename134.png,Are you free tomorrow? i h,
hin_rename139.png,,
hin_rename142.png,,
hin_rename138.png,,
hin_rename140.png,,
hin_rename135.png,,
hin_rename143.png,,
hin_rename144.png,,
hin_rename147.png,,
hin_rename145.png,8000 Nahi chahiya kesika sath jab dagad me ho pahadi,
hin_rename146.png,a gap oa hea cap ba bemsu wminthi.com,
hin_rename141.png,jab dagad me ho pahadi  dealaaleda Nahi chahiya kesika sath 8000,
hin_rename132.png,2h Posted On: @aarush_17 ShareChat 3 ht Oppo Vivoq Dones h #funny memes  GETIT ON GooglePlay #funny memes#100%#..,
hin_rename149.png,,
hin_rename15.png,,
hin_rename153.png,,
hin_rename148.png,Timachal JOKES 1.n 2.,
hin_rename150.png,U ih eeeeeeeee,
hin_rename152.png,4,
hin_rename14.png,@412379930 Suraj Kiran  Roshni Sandhya  Varsha s Megha  100 10mes,
hin_rename155.png,at f ?,
hin_rename154.png,cichsi3han Angry Boy Jokes 000,
hin_rename159.png,OVER58.5 TARGET App,
hin_rename151.png,DEAR AMBANLJL 1500 1000-2000 hh-chhc f. ch5. iW,
hin_rename157.png,MTMrth Dekh Bhai faR .. w3mischi.como,
hin_rename156.png,bhesh a f 3,
hin_rename162.png,BETA TUMSENA HOPAYEGA HOMEIN TUMHARELACCHAN BILKUL THEEKNAHIN LAGRAGIEHAIN,
hin_rename16.png,af 2000 anfeal 184,
hin_rename160.png,chaatichauda.hegava hamasa Ee toh saala hona hi tha Ihh+,
hin_rename158.png,y 4-7500 H,
hin_rename164.png,h T,
hin_rename165.png,hHhpH hh Phhlhh,
hin_rename163.png,O Vislt:b/ChifotBabo Rond Moro Posts Raatathsf @ChirkufBaba HCCTV DOO bChbn,
hin_rename161.png,g527969793hvinodjcshi 2 ANY TIME ANY-TIMEMAZAAK 100,
hin_rename168.png,48 Bsc,
hin_rename169.png,,
hin_rename167.png,,
hin_rename172.png,,
hin_rename17.png,- 79 IinstaSgajabta e  Apple Watch,
hin_rename174.png,Rq,
hin_rename177.png,ffa hhS,
hin_rename166.png,528212589 Y 9336949760k 9 50 Plehep Cehl9p Ihe H9 R a 100,
hin_rename170.png,g pqla GOP ao a,
hin_rename171.png,China  #hap narge Memes Meme100,
hin_rename175.png,41 NF sracks NF,
hin_rename176.png,IndyaSpeak -f,
hin_rename178.png,Pahadi www.paglistatus.com Ga oGo o,
hin_rename180.png,Wif  Wife   s  33,
hin_rename18.png,h innn,
hin_rename183.png,99Bol.com,
hin_rename179.png,aarush_17 sheiche ht Oppo Vivo,
hin_rename181.png,"mhll IhIh e iii""ee",
hin_rename21.png,EPee 226 fa ch hT f3<hT3233a y dR g y 4a hlh y pd,
hin_rename173.png,f w?h d?Ut[W4J www.commercenewsguruji.com Google 1 Youtube | Facebook | Instagram | Twitter | Telegram | Pinterest - Comrerce News Guruji mhll  lPe lpIEE   IPE dE,
hin_rename20.png,bhh UPScff 332 UPSCR 335HI,
hin_rename19.png,7. Kapi,
hin_rename2.png,bhh 332 UPScff iiy UPSCR ##Memes 335HI,
hin_rename182.png,charchits9s6 ShareChe . R,
hin_rename26.png,IQkharidugi,
hin_rename22.png,MASTLANO_JOKEC,
hin_rename23.png,R2 Ph BC,
hin_rename27.png,AAP,
hin_rename24.png,,
hin_rename28.png,Faisu Punchar Shop,
hin_rename25.png,Swimming Pool vimmi TTER,
hin_rename29.png,machal JokES asTf 2.,
hin_rename32.png,ePoelps ft 2e,
hin_rename3.png,ePoelps ft 2e,
hin_rename30.png,: .. c e,
hin_rename31.png,fDekhbhulapahadijokes Dekhbhulapah DEKHPHULAE n,
hin_rename35.png,"Ye Raju..!!idharAa!! Mere Ko Bhi ismein""WhatsApp Chalu Kar Ke De Rey Baba",
hin_rename37.png,6 .,
hin_rename36.png,,
hin_rename38.png,Fe ah os   Shhp,
hin_rename33.png,DEAR AMBANI JI. 1500 1000-2000 -nch,
hin_rename34.png,1500 -nch Memes,
hin_rename39.png,SMILEWORLD.IN 3. SOWEA,
hin_rename40.png,,
hin_rename4.png,,
hin_rename41.png,Rat a fatat,
hin_rename43.png,80959577301 6g a a,
hin_rename45.png,y Thodi si business allowed hai,
hin_rename44.png,,
hin_rename42.png,ff e.  ab. LoveSoy,
hin_rename47.png,NF 3,
hin_rename46.png,fa ...!! ie cooe,
hin_rename5.png,,
hin_rename50.png,Tension   3    91444 90,
hin_rename49.png,00T si  ?,
hin_rename53.png,moj,
hin_rename52.png,hindi funny jocks,
hin_rename56.png,,
hin_rename51.png,y 33 - 30 29 30100.100 9n 3,
hin_rename48.png,h 3f 30 29 30f100 100 4.,
hin_rename57.png,100,
hin_rename55.png,a,
hin_rename54.png,Gajendra Chauhan  @Gajusay,
hin_rename6.png,fhave a Boyfriend,
hin_rename59.png,a OLEWORLO.M,
hin_rename61.png,,
hin_rename62.png,,
hin_rename58.png,@32502856 ShareChat dnno 5 ... .....DONTCOPY..,
hin_rename64.png,@Hasi Ka Hungama,
hin_rename63.png,ch<f #AT aA3R  eP e kk yt b oeee,
hin_rename66.png,I have a boyfriend nhe,
hin_rename69.png,,
hin_rename60.png,,
hin_rename67.png,anchi memes,
hin_rename65.png,AGAL h  Tryf 4848604 IG-@pagal_writerrr VEER,
hin_rename7.png,3 EPOSTEPA,
hin_rename71.png,,
hin_rename68.png,Rqs 2000 1,
hin_rename70.png,,
hin_rename73.png,8 ta commentsha,
hin_rename72.png,,
hin_rename79.png,,
hin_rename78.png,,
hin_rename8.png,,
hin_rename76.png,Girs - Post aPost Comments f,
hin_rename81.png,,
hin_rename74.png,,
hin_rename77.png,95 3 hPh 08 10:38,
hin_rename75.png,2hh hc M 9 q Jio a  t,
hin_rename82.png,iPhone X Credit Card 3i,
hin_rename80.png,iPhone X Flipkart Amazon Credit Card 3i Debit Card  H  Option,
hin_rename83.png,ReR i ie,
hin_rename85.png,MILEWORLD.IN Hhhh e SHPOWEDATN,
hin_rename86.png,n,
hin_rename84.png,f R200 #ITZS2K,
hin_rename88.png,SMILEWORLD.IN 333 MEEWORLD.E,
hin_rename87.png,bh sh  f 3 33,
hin_rename92.png,alE gap ga Ihg a 3rict qT Swag eq de! w3mirchi.com,
hin_rename93.png,alE gap ga Ihg a 3rict qT Swag eq de! w3mirchi.com,
hin_rename9.png,hf,
hin_rename91.png,Memes SPadaxs,
hin_rename95.png,@Hasi Ka Hungama,
hindi_meme0.png,2019,
hin_rename89.png,,
hin_rename96.png,R Pitara App,
hin_rename90.png,3st at aifr a fGa7 2 H4 l2 2 tb ft cedt rtcPRc6 5q hT f3<hI32s<c y< aRft Sch a hH 5ch 5h,
hin_rename98.png,MASTILANDJOKES 1a JO,
hin_rename97.png,IndyaSpeak hP[ h 2H IhWJIE I2 P yt 2hly i!34 2hlg L chR- 3-3  fi shtI',
hindi_meme1.png,MYREACTION WHILE TAKINGSELFIE WITH BOY GIRL Vajakia,
hindi_meme100.png,33b o bcl feRtlicdoaR,
hindi_meme104.png,,
hindi_meme10.png,Result aa gya...! Ye 3words hanste khelte insan ki pl bhr mein duniya ujad skte hai,
hin_rename94.png,] Ih|W b Ib HIh |pH2 IhPh IPh 9 hlhP I?h Ip https 600onym .com/nrihimk halwale FnHiS immehmvole,
hindi_meme101.png,,
hindi_meme102.png,PEOCTION style rera .Ghata,
hindi_meme107.png,,
hindi_meme103.png,RT 5- MODI EFFECT... m,
hindi_meme105.png,Rt f,
hindi_meme109.png,THUGS OF HINDOSTAN SAL NARGERA FEMALENARENDRA FAKE DEGRES KA KAMAAL,
hindi_meme111.png,IN THE.CHAIR,
hindi_meme108.png,SHimanshuFs BookExprsss.in BookExgresind,
hindi_meme106.png,182 3 CRI ph,
hindi_meme110.png,moonsms.blogspot.com,
hindi_meme11.png,3r Hnaeepe 1 1,
hindi_meme117.png,,
hindi_meme112.png,fca Ra! Mastimaste,
hindi_meme118.png,,
hindi_meme115.png,SHinunshuFa HinancheFo BookExpressin e a pa h  fa,
hindi_meme114.png,,
hindi_meme113.png,2019 3gte? w3mirchi.com 22 fe ait aree ded sestt...,
hindi_meme120.png,,
hindi_meme121.png,Funny call Dubbing video,
hindi_meme12.png,BURA NA MAANO HOLI HAI Zindagi Mein Life Partner Hona Zaroori Hai Nahi TohMann Ki Baat Radio Pe Karni Padti Hai,
hindi_meme127.png,,
hindi_meme119.png,2 10 ph  hoph,
hindi_meme116.png,,
hindi_meme124.png,djn i,
hindi_meme122.png,i djn,
hindi_meme123.png,JakoScoff 3 3,
hindi_meme126.png,status Uibe modi tweet funny ideo,
hindi_meme128.png,lc1-3 sisn18,
hindi_meme129.png,9q 3dF,
hindi_meme130.png,Sidhu Moosewala + Babbu Maan Kisan Union Modieacry,
hindi_meme125.png,Dur former PM Lol Bahudo JAI JAWANJAIKISAN 20 yeors ogo.in his PM Atal  spoke JALJAWA It is now a time to toke one more AI VIGYAN.JAIANUSANDHAN,
hindi_meme132.png,Shoot on OLDMUSIC KISAN ANDOLAN,
hindi_meme136.png,,
hindi_meme13.png,w3mirchi.com HT$ $Ie h p HIh  $a13?,
hindi_meme131.png,HT$ $a13? $Ie h w3mirchi.com p HIh,
hindi_meme139.png,,
hindi_meme134.png,D SAO,
hindi_meme133.png,fasasf,
hindi_meme141.png,,
hindi_meme135.png,FRIHRARI hWh,
hindi_meme137.png,,
hindi_meme138.png,3. WhatsAppText.com hb,
hindi_meme140.png,Ph de lE PH de I,
hindi_meme144.png,,
hindi_meme14.png,-1h   a 12hh 1212,
hindi_meme145.png,,
hindi_meme148.png,,
hindi_meme142.png,,
hindi_meme147.png,,
hindi_meme143.png,THE NEW PRIME MINISTER? AA NGAR TUHN MIN KE LIYE PMBANADE MAIN MAGGIE BANAUNGL TOH KYA KARO617 5MINKE LIYE BANADE UMM.R KUCH NAHI N TOH?. MAGGE AUNKAYEGA.,
hindi_meme150.png,Vocalfuba a2+b2,
hindi_meme153.png,,
hindi_meme149.png,News channel- memes 14 Le Modi- ZOR ZOR SE BOLKE SABKO SCHEME BTA DE,
hindi_meme154.png,ISHO TERA TADPAVEFEAT MODI.KEJRIWAL A HILLARY CLINTON,
hindi_meme146.png,THENEWPRIMEMINISTIERE ALIA. AGAR TUMHEIN 2 MAIN MAGGIE BANAUNGI MIN KE LIYE PM BANADE TOH KYA KAROGI? 5MIN KE LIYE BANADE UMMFIR KUCH NAHI.ITN TOH?. MAGGIE KAUN KHAAYEGA?.,
hindi_meme151.png,HappyNew Year 2021 PM E AM Ohyaaro.com,
hindi_meme159.png,,
hindi_meme156.png,Jo admi paani pi ke itna bolta hai...... Wo daru piyega to kitna bolega........ ..?.,
hindi_meme158.png,jatin . ichel,
hindi_meme155.png,Hinahua CHirnansheFix Shayara.com Raa 200+QUOTES,
hindi_meme15.png,WE WANT !!! A PJABDULKALAM PRESIDENT NARENDRA MODI PRIME MINISTER SUBRAMANIAN SWAMY HOME MINISTER VKSINGH DEFENCE MINISTER RAJIV MALHOTRA EDUCATION MINISTER,
hindi_meme160.png,,
hindi_meme162.png,NARENDRA MODI HERECOMES,
hindi_meme163.png,,
hindi_meme16.png,Hgolt erteciyd tot eot us..,
hindi_meme164.png,... hehsh,
hindi_meme152.png,GC 8 af,
hindi_meme169.png,,
hindi_meme167.png,.. ohyaaro.com,
hindi_meme166.png,"MODI TOOBAMA ""Here's my number, call me maybe!"" MODI OBAMA",
hindi_meme165.png,AgSG Ihnlle fo af 12%0012 Seaeopa,
hindi_meme157.png,14GST 28% sC 4 2h h h53h Ph 100%,
hindi_meme161.png,T H,
hindi_meme17.png,,
hindi_meme170.png,,
hindi_meme171.png,oG a,
hindi_meme172.png,2e,
hindi_meme174.png,IS 209,
hindi_meme178.png,,
hindi_meme18.png,LKG  R,
hindi_meme177.png,NDTV,
hindi_meme168.png,ET WH E 8+ You Tube /Bhopali2much,
hindi_meme180.png,2015 Brut Don't we get anextra 2ab?,
hindi_meme173.png,"GSTRE ""n  Sales Tax VAT GST fr customerf h",
hindi_meme175.png,Irs? 2jee Plne ralrafaa aalafay 3 PhPgg2 htbP,
hindi_meme185.png,,
hindi_meme179.png,12 PM,
hindi_meme176.png,PM sNOTgo,
hindi_meme183.png,J0KEHRC VS WhatsApp Status Baburao Vs Narendra Modi FunnyVideo,
hindi_meme182.png,swww.tamiltbphotosin 10GE CuMNG m,
hindi_meme181.png,THEHANDAS gar,
hindi_meme184.png,CHireanchuFix Booxgremsin s cokopressin,
hindi_meme191.png,updateN Youta Status,
hindi_meme187.png,Corona Virus f  Made In China,
hindi_meme189.png,RJ45 CREATIONS Meri Dharti Mujhse HD,
hindi_meme192.png,,
hindi_meme188.png,f HindiTrolt.in,
hindi_meme19.png,,
hindi_meme197.png,DD NEWS-D,
hindi_meme196.png,,
hindi_meme195.png,,
hindi_meme198.png,EKHEGFBANAO f /Bhopali2Much LEKIN MAALHO,
hindi_meme186.png,2014 2015 2016 2017 2018,
hindi_meme193.png,3Rem Ina Punjab 4,
hindi_meme20.png,We Ihle lg,
hindi_meme200.png,2014s 39s.,
hindi_meme202.png,,
hindi_meme190.png,Modi chaii wala 0395 General Raheel Shareef Facebook/@Babarali909 Modi chaii wala,
hindi_meme2.png,ScrapU.com ScrapU.com Vo dekho Narendra bhai apnu ko 272 seat dikh reli hai,
hindi_meme199.png,Acf,
hindi_meme194.png,g,
hindi_meme205.png,Dharti pe hoomne ko,
hindi_meme209.png,4009 2019,
hindi_meme21.png,,
hindi_meme203.png,Reason Why Modi Ji Can Be Every Girl's Crush WEAR SUN GLASS DSLR GUY HAS SEXY BEARD TRAVEL FREAK GUY KILLER SMILE,
hindi_meme208.png,aRTEc... RAHUL'GANDHI HUGSMODIFUNNYO,
hindi_meme206.png,@gujju_aadivasicommunity THORCUGHEAREIOMCOE CCCC F8:Gujju aadivasi IG:Guju_aadivasi follow this page,
hindi_meme204.png,3 h iieeh i RUOKES CON,
hindi_meme210.png,1 HRE hle  Ploj a Tht 12,
hindi_meme207.png,Sww   2014 ge. 2014 2019 PolticalTaon sit-www.talertedindia.ce.in,
hindi_meme213.png,,
hindi_meme212.png,,
hindi_meme214.png,TIK-TOK HO YA MUSICALLY MUJRA TO MUJRA HI HOTA HAI MY LORD,
hindi_meme211.png,GST  50%.  t 75%      99,
hindi_meme22.png,Instagram:Babar,
hindi_meme218.png,Election Campaign starts for 2019 . www.HindiTroll.in,
hindi_meme215.png,,
hindi_meme219.png,fay fta,
hindi_meme217.png,...,
hindi_meme216.png,Top50 Narendra Modi COKO Status Quotes,
hindi_meme220.png,H IHresn,
hindi_meme201.png,"auco E3r f !E IPe kPIPe. 3lgr e eeiar"" Punjabi Dharti .Com We yfJgr el P9k PaJ PunjabiDharti.Com Punjabi Dharti .Com Search In Play & App Store Search PunjabiDharti.Com On Play Store &App Store",
hindi_meme221.png,EK CHATOR NAAR 1:01,
hindi_meme225.png,,
hindi_meme222.png,What's your Sinchan! and yours favourite cartoon? Rahul Gandhi,
hindi_meme228.png,ASTER,
hindi_meme227.png,ASTER,
hindi_meme226.png,FTTE5,
hindi_meme232.png,RELYTOTHMOON,
hindi_meme224.png,,
hindi_meme223.png,hy. Chaval. juhChiave  Dandd ue 8 tha.,
hindi_meme235.png,,
hindi_meme229.png,h 34 i 3,
hindi_meme233.png,TUADAKUTTA TOMMY! SADDAKUTTA KUTTA!,
hindi_meme230.png,,
hindi_meme234.png,-,
hindi_meme238.png,,
hindi_meme231.png,... The  of 3f is  from the il of Hgl with very - The Heg  from the door & ..,
hindi_meme237.png,INEMASTER EXELUSIVE,
hindi_meme236.png,,
hindi_meme239.png,A picture is worth a thousand words,
hindi_meme243.png,AAPKEPAAS PATLI PIN WAALA CHARGERHAIKYA?,
hindi_meme244.png,faafaa 2lc2hh,
hindi_meme24.png,,
hindi_meme240.png,3,
hindi_meme23.png,t t  r  f 25 4JokeScof 50  tt . 75 e   s    e 9  t   . ee %0 e,
hindi_meme247.png,LIFEIS AWESOME,
hindi_meme241.png,,
hindi_meme242.png,COmE HJokeScof,
hindi_meme249.png,,
hindi_meme245.png,R... 9h namoian.,
hindi_meme248.png,shan h$ch2,
hindi_meme251.png,"Chutney ke bina dhokla hai bekaar Ab Ki Baar,Modi Sarkar",
hindi_meme246.png,2014 achh cs uee,
hindi_meme250.png,,
hindi_meme255.png,,
hindi_meme253.png,3 PIEI hlint,
hindi_meme25.png,f sfo  PICOESI H3 Sh,
hindi_meme252.png,Comedy_111 an atgh,
hindi_meme254.png,h n,
hindi_meme26.png,,
hindi_meme256.png,PUBG  atardeor,
hindi_meme257.png,A picture is worth a thousand words www.guruprasad.net,
hindi_meme263.png,,
hindi_meme262.png,,
hindi_meme259.png,,
hindi_meme260.png,BL ua.,
hindi_meme269.png,,
hindi_meme258.png,fs e h Majakia.com,
hindi_meme266.png,hos   no presece essge dees not resonate Mod  y y grs to do thi,
hindi_meme265.png,FUNNY ARABIAN COMED DUBEDIN HINDI URDU Chacha Baklol,
hindi_meme27.png,PStop_Cero,
hindi_meme270.png,,
hindi_meme261.png,H 5 - gafg,
hindi_meme272.png,,
hindi_meme274.png,,
hindi_meme267.png,32 3,
hindi_meme275.png,First Times,
hindi_meme276.png,NALRIO,
hindi_meme273.png,ITSH FOR FATIENCE A A subscribe please.,
hindi_meme268.png,HimanshuFix ?HimanshuFix BookExpress.in 2lleg 1 1?2 R$ l ll2 1?le 1?2 E tc eilat ale c fal gell 3ge dot fagedl BookExpress.in 66,
hindi_meme271.png,ga g g,
hindi_meme281.png,f-,
hindi_meme277.png,p poph Lphle b Hindl,
hindi_meme280.png,Three Bahubalis of India MAHENDRA AMRENDRA NARENDRA babubali,
hindi_meme284.png,,
hindi_meme264.png,,
hindi_meme279.png,te Ih4J 2hh L bB RI4 Ke gsT f RT 3< GT 3RyT 3 Indianh,
hindi_meme28.png,4 chirkutpapu.blogspot.in,
hindi_meme286.png,,
hindi_meme285.png,,
hindi_meme282.png,,
hindi_meme283.png,Help Wanted en h2 h  h  h P,
hindi_meme278.png,4636570n Johny johny yes papa modisarkar Yes papa Rahul Gandhi Yes papa Nikhil yellidhiyappaaa Hahahahas #hanny rals,
hindi_meme29.png,05-08-2020,
hindi_meme287.png,www.Rkalert.in GST,
hindi_meme294.png,,
hindi_meme288.png,AWARE faff fas,
hindi_meme295.png,,
hindi_meme291.png,LSTV Status Whatsup FATD Corona Comedy With Baburao,
hindi_meme292.png,ANDSOME LAUGHS FROM OUR FILMY PARLIAMENT YESTERDA,
hindi_meme293.png,"HAPT itatu ANI Like,Share and Subscribe",
hindi_meme290.png,HELLLO. MODI. yoyarc. cnle com,
hindi_meme289.png,OHIR 2 ih PRESENTED BY f,
hindi_meme297.png,f OHIR PRESENTED BY,
hindi_meme298.png,2GB y,
hindi_meme299.png,3 Ryceys,
hindi_meme300.png,,
hindi_meme3.png,56,
hindi_meme296.png,i2 iPHSeE,
hindi_meme305.png,Narendra,
hindi_meme30.png,BHinuanshuFa HirancheFcl BoekExpress.in yst,
hindi_meme302.png,P,
hindi_meme303.png,Othe cpsangt,
hindi_meme304.png,94 faqe arie,
hindi_meme306.png,TER EXCLUSIVE 2015 Bhartiya Sbort,
hindi_meme308.png,Clip India,
hindi_meme301.png,y-g f,
hindi_meme307.png,@ChayGarm 3 Phone  3 Facebook Friends,
hindi_meme313.png,,
hindi_meme311.png,Bhagwan ko diya hua sabkuchh.. AADHARCOIdH? yaaro.com,
hindi_meme312.png,,
hindi_meme316.png,Funny Status video,
hindi_meme31.png,3 3 3 bh,
hindi_meme309.png,46,
hindi_meme319.png,,
hindi_meme317.png,3 3WORLDTOURGI3,
hindi_meme318.png,subscribe,
hindi_meme320.png,,
hindi_meme314.png,,
hindi_meme323.png,,
hindi_meme315.png,"NaMo: ""India has won!"" Alia: ""Aaj match tha?""",
hindi_meme310.png,Tappu Ke Papa... Dukan se Aate Waqt Kyon ???? Torch le Aana Kyonki Aap Rat Ko Andhere Me Mera Night Suit pahan SONY Kar So Gye The Mon-Fri /TMKUC.maka,
hindi_meme32.png,... sicRyHefaa!,
hindi_meme322.png,Jo admi paani pi ke itna bolta hai......Wo daru piyega to kitna bolega..... ??,
hindi_meme328.png,,
hindi_meme324.png,,
hindi_meme321.png,aT nltk 3 ScrapU.com,
hindi_meme327.png,at instagramcr tik tok pubgh marks  2me HinaiDigital.Com,
hindi_meme330.png,,
hindi_meme329.png,f,
hindi_meme332.png,Kesa Baap hai FunnyTube.in,
hindi_meme334.png,,
hindi_meme33.png,oll HICT,
hindi_meme326.png,,
hindi_meme325.png,"n e f. cran - auSai sttR aai"" t -",
hindi_meme331.png,,
hindi_meme338.png,,
hindi_meme339.png,,
hindi_meme335.png,OMHAADULGAO tak Hye tation odi,
hindi_meme333.png,i ..,
hindi_meme336.png,ARSHAYARISIRU hhb,
hindi_meme337.png,2hh,
hindi_meme343.png,,
hindi_meme340.png,DESI VIRAL MASHUP LipdateNe Anetwor,
hindi_meme344.png,,
hindi_meme34.png,,
hindi_meme341.png,le Pae  99,
hindi_meme347.png,,
hindi_meme342.png,When 6QIQ Says gR OIB l gn OIbI 9939 Me:,
hindi_meme349.png,,
hindi_meme345.png,4  2 GB 3cT  chT adT yqT,
hindi_meme354.png,,
hindi_meme35.png,,
hindi_meme346.png,pep Nationalityt,
hindi_meme352.png,eqPil,
hindi_meme353.png,ShareChat ID:myloveyfreind191 MIsch,
hindi_meme350.png,,
hindi_meme351.png,2019 le220 100 31003 100 Trinity  f,
hindi_meme355.png,st at   LOVECOVE.COM,
hindi_meme359.png,Modi to rahut t,
hindi_meme348.png,B8 y h f %09 f 3,
hindi_meme357.png,LSTV,
hindi_meme358.png,,
hindi_meme36.png,,
hindi_meme360.png,C1000 G  .15  FHOEDRCO,
hindi_meme362.png,c  aed edaoed,
hindi_meme356.png,"Jis Tarah Se Hum Log. Gharon Mein Band Khaa Aur So Rahe Hai.... Fb.com/Avpjokes 21 Din Baad Jab Modi Ji ""Mere e Pyare Hathiyon.",
hindi_meme365.png,id,
hindi_meme369.png,,
hindi_meme361.png,MASTER NAMO HIZBI DUBmaroyendra Modi O,
hindi_meme367.png,,
hindi_meme370.png,,
hindi_meme364.png,2019 RA,
hindi_meme368.png,R . de 9. 9. UniGreet.com,
hindi_meme363.png,1.3 2. 10171 3721 dE 2  A f@lncArushKumar @IncAyushKumar,
hindi_meme372.png,By Ronul Bhati,
hindi_meme373.png,9eee,
hindi_meme377.png,c8rqcopor,
hindi_meme371.png,f ndt.n Ankur G-10 hours ago (edited) BHAI KOI FAKE NEWS CHLA DO AMIT SHAH AND MODI JI NHI RAHE Thoda sukun milega,
hindi_meme375.png,epo ne e  n pe aa bo3sdoaaoa PRaRTET,
hindi_meme374.png,,
hindi_meme37.png,14GST 28 s Ph 100%,
hindi_meme380.png,,
hindi_meme379.png,,
hindi_meme376.png,HarfamaHaa f3 Oharti   t fa a t  g fe,
hindi_meme38.png,.of NARENDRA MOD,
hindi_meme378.png,Ohyaaro.com,
hindi_meme381.png,askaretd,
hindi_meme382.png,,
hindi_meme366.png,8 3. deaye edbe MISSION MODI2019 2002   t fa a t  g fe eabcsn,
hindi_meme383.png,Modiji Na Mari paad,
hindi_meme384.png,ehhpntt y,
hindi_meme385.png,pnufe RStv,
hindi_meme388.png,OD,
hindi_meme390.png,,
hindi_meme39.png,g,
hindi_meme391.png,MadLi @puppetsh,
hindi_meme389.png,News channel- 143,
hindi_meme387.png,Modi`s China Visit ohh,
hindi_meme386.png,ohh Modi`s China Visit,
hindi_meme394.png,,
hindi_meme395.png,e Poe 5,
hindi_meme398.png,MIRZAPUR MODI VERSION,
hindi_meme392.png,a ... shayaripapers,
hindi_meme393.png,$ i tatus Shayari Quotes in Hindi,
hindi_meme396.png,g162915533,
hindi_meme4.png,Bjp,
hindi_meme399.png,,
hindi_meme400.png,3q Holi kab hai kab hai holi,
hindi_meme397.png,Bhagwan ne tumhe 2aakhan di hai chawal se pathar nhi nkal sakt SON Bhagwan ne tumhe 32 daat dyo hai 2-4 pather nahi chaba sakta +,
hindi_meme404.png,FunnyDubbing,
hindi_meme405.png,,
hindi_meme40.png,40k views please m Funny,
hindi_meme408.png,LSTV LIVE,
hindi_meme409.png,,
hindi_meme402.png,@gujju_aadivasicommunity www.m #pm modi jokes,
hindi_meme401.png,fff       www.m,
hindi_meme410.png,faf gaa  stataaa,
hindi_meme407.png,HinanshuFix OHinanchuFo Booidxpreos. 1,
hindi_meme41.png,,
hindi_meme412.png,DM,
hindi_meme411.png,,
hindi_meme414.png,FunnyTube.in,
hindi_meme416.png,,
hindi_meme417.png,l he Warning-Hth,
hindi_meme415.png,Warning-Hth l he,
hindi_meme413.png,C..,
hindi_meme418.png,,
hindi_meme420.png,,
hindi_meme403.png,4 (=48) ere Ra  g  - 491,
hindi_meme421.png,Ye hai hamara pm,
hindi_meme419.png,NO 1222 Polracert Petrol & Diesel Price Hike Funny SPOOF,
hindi_meme406.png,. 1222 NO Polracert . CBI uJeke Cof,
hindi_meme423.png,0,
hindi_meme424.png,faataa .,
hindi_meme427.png,O2019 hs,
hindi_meme422.png,UN facche PATI,
hindi_meme42.png,,
hindi_meme425.png,BJP Enp2mRkkRe fsynfen et we g n,
hindi_meme43.png,,
hindi_meme431.png,,
hindi_meme429.png,vote pottuta pothumae,
hindi_meme426.png,PRKD Hiodl,
hindi_meme435.png,,
hindi_meme436.png,,
hindi_meme430.png,samese tatusd Dimpua,
hindi_meme428.png,Viral-Status.com PM  PM OI,
hindi_meme432.png,ca Ice IP$Ie TikTok,
hindi_meme439.png,Narendra Modi,
hindi_meme438.png,,
hindi_meme441.png,"Cause I got the Swag,Mitron!",
hindi_meme437.png,,
hindi_meme434.png,Jalh Jnlt fe Helwh hlwe Wbeh ln sht lh,
hindi_meme442.png,,
hindi_meme443.png,Hhtit9 HRRT ARTE,
hindi_meme440.png,-mhttps//goo.gl/ sTzoT6   Bausnso ung  Gam 9,
hindi_meme445.png,3,
hindi_meme444.png,www.pjpatakha.in @PJPATAKHA,
hindi_meme448.png,RarateSpecial,
hindi_meme44.png,2014 - .. 1 h .,
hindi_meme45.png,,
hindi_meme450.png,,
hindi_meme433.png,joke for you Modi.lam .. did Chai pe when Indian PMs Here we are couldnt talk Miss - 1 h Chai-na pe Charcha. OMGROFL HAHAHAH,
hindi_meme455.png,,
hindi_meme446.png,,
hindi_meme447.png,25 ValeNTee .,
hindi_meme449.png,t n reinda,
hindi_meme451.png,-h iee,
hindi_meme452.png,,
hindi_meme453.png,,
hindi_meme456.png,EK CHATUR NAAR 1:01,
hindi_meme454.png,,
hindi_meme457.png,"odi Ne Kaha Achche Din Aanewale hal. Uspar Amit Shah Ne Kaha.. Achche din Aanewale hai, Lekin Achchi Raat Ka Intezaam Khud Karna Hoga",
hindi_meme458.png,"Achche din Aanewale hai,",
hindi_meme464.png,,
hindi_meme459.png,i 909 3,
hindi_meme463.png,PunjabiDharti.Com R biDhart Dharti,
hindi_meme460.png,Modi chaii wal Modi chail wala,
hindi_meme467.png,Chota Don @choga_donTh,
hindi_meme462.png,Fatafat Ye Lockdown Khatam Karoge To Modiji To Indians urant Aur Lockdown Mil a,
hindi_meme469.png,,
hindi_meme466.png,Modiji To Indians Fatafat Ye Lockdown Khatam Karoge To urant Aur Lockdown Mil,
hindi_meme468.png,Government:Abse sb Chinese appsbanned. PUBG wale:,
hindi_meme461.png,,
hindi_meme46.png,Mrchi What's your Doraemon and favourite cartoon? Sinchan! and yours? india dectared by UNESCOand voted by me andmy 10 other fake pronles Rahul Gandhi w3mirchi.com,
hindi_meme473.png,nOX MAD BRO!,
hindi_meme465.png,MODI RAJINI PETA.. PRIYA. PEPSI C.mb..  PRIYA 6,
hindi_meme471.png,VOTE YESNO,
hindi_meme47.png,iE,
hindi_meme472.png,PHO ..00,
hindi_meme477.png,4K Views,
hindi_meme475.png,IEWELLERYMEHENGI BEAL EHENGA TAHL,
hindi_meme476.png,On Every Christmas Santa Claus Call Rajnikant for a GIFT. HGIFTf uotesWalls.co,
hindi_meme470.png,-  wk r  e,
hindi_meme481.png,,
hindi_meme482.png,,
hindi_meme479.png,Hf- 9-h 3315-16 fea fa agt fare faa,
hindi_meme474.png,AFTER SEEING THIS NEWS PNWANTANAN GOVT PEOPLE,
hindi_meme484.png,,
hindi_meme478.png,czozwnEny'vo IG/BESAVAGER,
hindi_meme483.png,,
hindi_meme480.png,h    eb  s g  f-fbo Seencf,
hindi_meme48.png,Save Fb.com/Esttusharmajokes Follow poya Followgoy ingpins,
hindi_meme49.png,IN tarechel,
hindi_meme488.png,e fe72000 7200025=3.6      hh,
hindi_meme492.png,,
hindi_meme489.png,,
hindi_meme485.png,,
hindi_meme495.png,,
hindi_meme487.png,Modi's New India PetroloumTelecom Edacaticn Delence rellancee Reliance Petroleum Mobile Institute Defence And Fools think Modi is working for India.,
hindi_meme486.png,"Main Congress Ka Saath Lekar CorruptionKo Khatam Karunga.!! 3 Ha Ha Ha,Aur Main Dawood Ka Saath Lekar UnderworldKo Khatam Karunga",
hindi_meme491.png,PHE,
hindi_meme497.png,,
hindi_meme498.png,Death Anniversary Of Maths a2+b2,
hindi_meme50.png,Modi Ye lbaburao ka style nai,
hindi_meme496.png,iVote IDVBRO Better India for,
hindi_meme493.png,auee famro pekeie sreed RPK PunjabiDharti.Com Search In Play & App Store,
hindi_meme494.png,Jis Tarah Se Hum Log Gharon Mein Band Khaa Aur So Rahe Hai.. okes 21 Din Baad Jab Modi Ji Mere yare Hat,
hindi_meme500.png,INDIANGRDELHI Delhi Boyz,
hindi_meme5.png,Hh  QuotesWalls.com 18 hh,
hindi_meme499.png,WHYLOLCOM LAGSO,
hindi_meme503.png,PM MODIFUNNY COMMENTS ON RAHUL GANDHI ON HIS EARTHQUAKE STATEMENT!.......,
hindi_meme507.png,,
hindi_meme501.png,2014  9n oneanS,
hindi_meme504.png,bP ble ch9,
hindi_meme505.png,,
hindi_meme506.png,HAPPy #OL1 BURA NA MAANN HHOH,
hindi_meme490.png,Age   ATREE . . 10,
hindi_meme509.png,,
hindi_meme511.png,MODI JIONFIRE FunnyTubein,
hindi_meme502.png,3Recit tooll fta 9,
hindi_meme514.png,,
hindi_meme508.png,,
hindi_meme51.png,Pubg,
hindi_meme510.png,Ple h,
hindi_meme517.png,,
hindi_meme512.png,ES HinanshuFixd @HircaneheFix Bookxpresin  t  MAKEINONDIA f,
hindi_meme516.png,Aashi N Creations,
hindi_meme513.png,,
hindi_meme520.png,,
hindi_meme519.png,,
hindi_meme515.png,h et re.share. ScrapU.com,
hindi_meme52.png,so woLowrocr COOCODCO goetorw,
hindi_meme518.png,,
hindi_meme521.png,2019 n f  ? feuhet 22 f  ee dgdlsb...,
hindi_meme525.png,n,
hindi_meme527.png,,
hindi_meme530.png,,
hindi_meme528.png,,
hindi_meme53.png,,
hindi_meme523.png,Top50 Narendra Modi Status Quotes,
hindi_meme526.png,Did you study for the test? 1st bench students 1 week mundhe chadhivesa Middle bench students edho okati chadhivesa Last bench rockers,
hindi_meme524.png,Give up LPG subsidy   hlle H  3,
hindi_meme535.png,,
hindi_meme531.png,NOMOREBURGERS START FAFDA.HANDVA ISCOMI,
hindi_meme532.png,HATERS.IFYOU TGROWSTONESAGME facebook.com OSIEECE WILLMAKEROADSOFTHEM,
hindi_meme534.png,,
hindi_meme533.png,w3mirchi.com,
hindi_meme54.png,,
hindi_meme522.png,aat MODIfied India,
hindi_meme536.png,,
hindi_meme529.png,n e  h n,
hindi_meme539.png,SARSWA,
hindi_meme544.png,,
hindi_meme543.png,,
hindi_meme537.png,3 e okeScoff,
hindi_meme545.png,h2 h b h  a  2h,
hindi_meme540.png,VS CHINA Hare h blbn  h2 h b h  a  2h,
hindi_meme541.png,h Schaelbh 3IR 3ffs,
hindi_meme542.png,f/HindiTrol,
hindi_meme538.png,eov PARTY,
hindi_meme546.png,MY PARENTS DURING MY EXAMS 21f,
hindi_meme551.png,,
hindi_meme547.png,S HinanshuFix OHiranchuFo BookExpressin e 2h l be eha,
hindi_meme55.png,Sharchat 2,
hindi_meme550.png,TIKTOKOSERS AFTER BAN MEANWHILE PUBGUSERS Ee Gola Ma Ab Nahi Rehna,
hindi_meme548.png,Yelto /Bhopa2much,
hindi_meme553.png,f- 3,
hindi_meme549.png,Jab-Tak Tumhare Paas Paisa Hai No Pucheg Mera Baabu Kaisa Hai? true modi ji,
hindi_meme554.png,Holikab hai kab hai holl,
hindi_meme557.png,,
hindi_meme555.png,,
hindi_meme56.png,Osky ynuy,
hindi_meme559.png,Sidhu Moosewala + Babbu Maan Kisan Union hPp!poW,
hindi_meme552.png,RoflGujarati #UrbanChor @Rof_Gujarati Modi 54...! Yogi foT.. Modiata..? Yogilll Translate from Hind 11:05PM25Dec18,
hindi_meme556.png,an leWlelle yare eat et e e S-400.4F-16d 2 I?gy lelw a5 pma yh[ph pgy Ja?,
hindi_meme558.png,,
hindi_meme564.png,12,
hindi_meme560.png,Ih2JUt PIb Sh  > l2p b 'SIPb lF he t 3 54 f,
hindi_meme563.png,Tube @GrarriTechDC RStv R,
hindi_meme561.png,,
hindi_meme562.png,HRJOKEHRT Status FunnyVideo Baburao Vs Narendra Modi,
hindi_meme568.png,NALCA,
hindi_meme565.png,HH call Dubbing video Funny,
hindi_meme567.png,$4qT HindiTroll,
hindi_meme569.png,e kI Ia IhIe InbId H 34 NWW. f/HindiTroll.in HindiTroll: F\q 2Jbe L I2 k h  IFkbbK,
hindi_meme566.png,"12 qT 3II4ql www. HindiTroll ain https://www.facebook.com/HindiTroll.in, Ca gl3it ac qq3 $dgR qe 2aT",
hindi_meme571.png,,
hindi_meme57.png,,
hindi_meme573.png,Iewt www.JokeScoff.com,
hindi_meme572.png,https//www.facebook.com/HindiTroll.in www HindiTroll in qII JRI JR,
hindi_meme574.png,,
hindi_meme570.png,qTgTGT TET eTT HTe4T Irllt TET JokeScoff Now ge okesco,
hindi_meme575.png,"3od3g fert, ATTEY R",
hindi_meme579.png,,
hindi_meme58.png,NEWS VS,
hindi_meme577.png,Three Bahubalis of India. INDIA MAHENDRAS AMRENDRA NARENDRA bahubali w3mirchi.com,
hindi_meme578.png,,
hindi_meme583.png,,
hindi_meme580.png,,
hindi_meme576.png,W e yaba lg Pln ynA aqy!  ac Ie3a lalle3 5I q Joa3 Qe b yna o e3a g leW Ie] w3mirchi.com,
hindi_meme582.png,ftB Ifte Kh3 dh hIL p  FL EF f/HindiTroll.in www. naldj1 HindiTroll .n,
hindi_meme586.png,EVOLUTION OR 2004 2014 2024 GROWTH ANDDEVELOPMENT,
hindi_meme585.png,! astim,
hindi_meme581.png,Hindi Bp lp h ae3 ep Troll HindITrolt in dH qi ffc eHTer d ed  3 sor ache 3d,
hindi_meme591.png,,
hindi_meme588.png,To *qcn c a  chd,
hindi_meme584.png,t Ph|lE eis.. WhatsAppText.com dR] + Kl2h L JnlbSIe 3R4T,
hindi_meme59.png,SHinanhuFa OHinancheFi ah leh  lh  l,
hindi_meme590.png,ENNNY ARABIAN DUBEDIN HINDI URDU Chacha Baklol,
hindi_meme587.png,bn a be hlc ah e 3 jAh PE IP f /HindiTroll.in,
hindi_meme594.png,PHOTO 33b 3Rnc,
hindi_meme592.png,,
hindi_meme593.png,HindiTroll-in Modi`s China Visit q|o3it  aIy aRI yI R3dI  P3q  Ph  I  e bJr IE P lP  P Ie a I] ? IPIpp hI2,
hindi_meme589.png,,
hindi_meme6.png,,
hindi_meme60.png,,
hindi_meme595.png,TIKTOKUSERS AFTER BAN MEANWHILE POBGUSERS EeGola Ma Ab Nahi Rehna CREDIT:TWITTER@PM MODI 99/@EXTINCT TUSHAR,
hindi_meme600.png,IL. 2019,
hindi_meme601.png,,
hindi_meme596.png,www.tacebook.com/Hindilroll.ir 33 ce  Hindiiro Yolg oia e?,
hindi_meme597.png,Innn y irale he  i8 1n HindiTroll.in 8  4 # qc  Ipale FFFFUUUUU,
hindi_meme599.png,,
hindi_meme598.png,y!h WtJIt Sigyae faat!! Oh yaare,
hindi_meme607.png,,
hindi_meme602.png,ale l lle ale l e agta www.facebook:com/VishalKundraOfficial ww.twitter.com/kundra.vishal,
hindi_meme605.png,MY REACTION WHILE TAKING SELFIE WITH GIRL BOY,
hindi_meme604.png,f www.okeScoff.con,
hindi_meme603.png,a 1= www.Rkalert.in,
hindi_meme608.png,2019 DONTMISS,
hindi_meme606.png,HELLLO. MODI. 1,
hindi_meme613.png,3 =A.AG.,
hindi_meme609.png,GHOST Shah to Narbhakshil (mar managed to be the nation's official rib tickler Iwill make Bihar's roads as smoothas Hema,
hindi_meme610.png,3       a  a a   a   LatosShaymn,
hindi_meme618.png,,
hindi_meme612.png,Weaba gn Eeacao ea le n ale,
hindi_meme611.png,,
hindi_meme614.png,HBt dh H f/HindTroll alir,
hindi_meme619.png,"ndia lockdown tor three weeks that is 21 days, 21 din mein corona bahar",
hindi_meme620.png,,
hindi_meme617.png,TOMJHAADU LGAO tion t atle ltak Hyo Station odi,
hindi_meme622.png,,
hindi_meme615.png,Mirch Sir this is apple faarat ??? w3mirch.com T joke,
hindi_meme621.png,VS 1:05,
hindi_meme616.png,Hshhh Marc 19 DB HEO.,
hindi_meme624.png,,
hindi_meme64.png,,
hindi_meme625.png,3iHladu .. ... LINEUS OFB.COM/,
hindi_meme626.png,GOLOLWAGO h www.facebook.com/FunniestStatus,
hindi_meme63.png,BindTrolr 90%5 ii g,
hindi_meme623.png,h,
hindi_meme7.png,,
hindi_meme66.png,,
hindi_meme62.png,PUBG pubgf BAK HODI TAAS sTwitter H,
hindi_meme69.png,,
hindi_meme61.png,sTwitter H 800000 53000 0000 00005 GSPC 23450 15000 12000 SUMER 8000 HARYANT PUBG 1760 750,
hindi_meme65.png,PHRK 2019 .,
hindi_meme68.png,hschaabh 3IT 3Ratafs,
hindi_meme70.png,,
hindi_meme72.png,,
hindi_meme67.png,h   73 63 6 5SR 4fa 3 i 2C 1 jaff aiat,
hindi_meme75.png,Ph,
hindi_meme74.png,R og www.gyanipandit.com,
hindi_meme73.png,EVOLUTIONOF 2004 2014 2024 GROWTH AND DEVELOPMENT,
hindi_meme76.png,NAMC,
hindi_meme71.png,f a ..!,
hindi_meme81.png,,
hindi_meme8.png,Balla samhalta nahiinse Ye kashmir lenge,
hindi_meme80.png,ACODENRS,
hindi_meme78.png,t JAIPVBG VI ModiIndian students should be allowed to Play pubg during dasses..,
hindi_meme77.png,afbe 3d a afoay Ra ait.ey. w3mire,
hindi_meme87.png,Court,
hindi_meme84.png,"Nibba-Mat ro baby,3 may ko to milna hi hai hamko. *Modi ji-",
hindi_meme82.png,"#PMModionDiscovery Bear Grylls -Siri cant understand Hindi, can you please talk in English. Modij-",
hindi_meme85.png,BEAUTYPARLOURS CLOSED CIRLS MEETING BOYFRIENDS Civil AFTERLOCKDOWN,
hindi_meme83.png,"Aap Khet me kya kya banate ho ? Gehu Chaval, Bajri To Kissan Jam Kon banata he ? Bhai tu chhuutti pe hi achcha tha",
hindi_meme9.png,3 IDIOTS Ft. MODI,
hindi_meme86.png,Ft. 3 IDIOTS MODI,
hindi_meme88.png,Defence Institute Education working for India Petroleum Reliance,
hindi_meme79.png,Modi's New India Petroleum Telecom MODI Defence Reliance Ft. Mobile 3 IDIOTS And Fools think Modi is,
hindi_meme91.png,Funnycall video,
hindi_meme96.png,,
hindi_meme94.png,Govt.Planning to ban Pubg Pubg players to govt,
hindi_meme93.png,,
hindi_meme89.png,b  Hh a h,
hindi_meme92.png,KyaKarein Congress Ka Nam foqiJi BJP Rakh Dein amse kam 30 saal ka toh mede,
hindi_meme95.png,TEACHER BRINGS HER BABY IN THE CLAS. FIRST BENCHERS. BACK BENCHERS.,
hindi_meme97.png,ISupport Narendra Modi,
hindi_meme98.png,MODI JI ANNOUNCES 21 DAYS LOCKDOWN LE INDIANS: VIDEOSFORSTATUS.COM,
hindi_meme99.png,eh hai tumhre facebook friends 20 Yeh hai tumhre real life friends,
images1.png,h,
hindi_meme90.png,- Mard 19 DB HD+,
images102.png,33b o bcl feRtlicdoaR,
images101.png,R aee,
images0.png,- 3iatT3T3 iieeeeh 00000 Jokes11.com,
images10.png,ss   101%.,
images103.png,fFOGG T.V. AR INDIAN ARMY T igry@samaydhara,
images100.png,ae-lg 3   -  33  d g - 3.. -,
images106.png,,
images109.png,,
images107.png,,
images108.png,RBl t fs f   g...,
images11.png,,
images105.png,HR hht hset? RT fachc FIP>4jIh et 7-1. mastioke ... Com,
images110.png,. MJakes g,
images114.png,,
images111.png,h,
images104.png,g    MJakes     - . 5,
images113.png,WWW.MANOJPANWAR.IN U[l Z Kt FlP>4Jb A Rq1E aMRq 3r CORONA VIRUS qRgfgq2ft # a4 q1sT f 15 at ct a t S JUST AJOKE,
images115.png,f ag if 67 800000000,
images112.png,Mrh 5 tension  history  extra chapter eShoh Phl d,
images116.png,Q3Mrah w3cnirchi.com   fj   PH,
images119.png,t af aia a ce  #foree ne,
images118.png,"Mark Zuckerbergafd dE.... ""Candy Crush Request""",
images121.png,-3. t t-rr. ssa at si t  a,
images117.png,Mr8 3 ye w3mirchi.com   e    Ph,
images120.png,16e eifsaaL q gen,
images124.png,,
images122.png,"""5""",
images125.png,26 DeinikBhaskar.tem,
images129.png,,
images126.png,,
images123.png,G w3mirchi.com 33 ieSh HeeInlteh TR d ip,
images13.png,haayc,
images128.png,tst. 7:55PM 7:55PM,
images12.png,fea oamae: 1HDFC BANK 2)ICICI BANK ERF 3)AXIS BANK 4) KOTAK MAHENDRA BANK 5)IDBI BANK Instagram 6) YES BANK  sBIPNBBOB  f tera_deep111  A.C.SLOW ... Post Office  fasas t t  fafa ffasi fe,
images127.png,w3mirchi.com H ie h  Inleh,
images134.png,f,
images130.png,leas aa - sic aet.se  re   f t3-e,
images131.png,Phh @@ Jokeswala.co,
images135.png,ta hh iilrsh o mastinke,
images136.png,,
images140.png,,
images132.png,4 12126120 aeitoe,
images133.png,w3mirchi.,
images138.png,Mlrch h  FIP>4JIb 1PP   3 r  w3mirchi.cor,
images14.png,9b mg,
images139.png,Penedus ShareChat 125 1250 PH,
images141.png,qgdo dlq bQa aRlolldRR do QRolARR Isclol,
images137.png,4 aeitoe,
images143.png,3R3 oneindia,
images142.png,BANK IPL e MODI RR,
images144.png,12 13a #Respect Indian Army & Airforce,
images148.png,Breaking News nle le? slp,
images146.png,Breaking News 3 c nle le? slp,
images145.png,9h - R- - at hh,
images149.png,31 h bhe    80 60,
images147.png,Mren 33 w3mirchi.com 3 PP4hIPh,
images150.png,,
images15.png,h Dp3 On uoor,
images152.png,h,
images154.png,Mrale Jesh lohe,
images153.png,PP f expiry date,
images151.png,-$ ahz 15,
images156.png,315 3.,
images159.png,.. ohyaaro.com,
images158.png,osdh RAJYA SABHA alfry... 55,
images155.png,oto WR ET WR 3IN love,
images161.png,Imh Inhlh d2h,
images163.png,0 3,
images162.png,en3eheeoo3s yw3 eln  Jonae s wOmirchi.com,
images16.png,NO NO CASH CASH Hhara.com,
images167.png,,
images164.png,Hindi Troil,
images166.png,m,
images165.png,,
images168.png,,
images169.png,,
images160.png,o  HR qudg,
images157.png,maa eenly 1 fayar .. hh 3,
images170.png,fa bhhlh 2060066 1:15 pm,
images171.png,yfa ... e4 he $ b     ir? www.duniyahaigol.com,
images17.png,4 Nes Jokes11,
images176.png,,
images173.png,ii',
images175.png,'128 h VOHEUM,
images172.png,WR h,
images180.png,,
images179.png,.. ohyaaro.com,
images178.png,Marc 19,
images18.png,anveer +Deepika Pniyanka+Nick=Piknik Funny jokes and memes in Hindi,
images182.png,,
images174.png,,
images183.png,FB/Funhy Life,
images181.png,h  h,
images185.png,0 3,
images186.png,a a A,
images177.png,2      h hk h   FB/Funhy Life,
images190.png,,
images184.png,OKO0  pa e  bes 3 oo  geloTa r. R2,
images187.png,,
images194.png,,
images191.png,m,
images188.png,Ple ARIGaIRT H,
images19.png,52aiy IGICcqitoR,
images189.png,31  h e h    08 60,
images195.png,3 Funny English,
images197.png,PePae  P Re P,
images193.png,I92hhHH S R? RR 1-1-8 f .2-2-,
images196.png,. ...f,
images192.png,ga g g,
images198.png,Modi's China Visil,
images2.png,faataa iig,
images199.png,Bhalyyaji @bhalyajispeaks Transiate Tweer,
images20.png,31 ae y3 epa,
images200.png,,
images201.png,,
images21.png,,
images204.png,dl en fsa3,
images203.png,CA Hodjo lo Citizenship Amendment Bill  asl a Citizenship Amendment Bill,
images25.png,,
images24.png,SANDE 33R,
images29.png,,
images26.png,,
images23.png,TARUN Dcealc Turp tes aigedk S6 Main kya karu fr ob chhod d,
images28.png,5,
images22.png,"Result  a  tat t. RCO I don't hack EVM, hack hearts. TERAHIJALWA",
images30.png,,
images3.png,,
images33.png,,
images202.png,SHASHI THAROOR SHARED AUGHING COLOUR .MEMEO Shashi Thareor  The most powerful cartoon I have seen in a ong time! A SMALL STORY BIG MESSAG Hello.Sir.calling from old age home. We saw your ad of missing dog. It has come here and playing with your mother!! AUCHE HOME AND IT IS SIMPLY A PLEASURE FOR US #ShashiTharoor,
images35.png,,
images36.png,aRdfa Lockdown 3pt aa?,
images32.png,"q< 4d fAchfy! gg AAci$gr fa,q I E  YtP IhgJ? I48 IhgJ? www.livesach.com",
images34.png,99 WStayAtHome,
images37.png,,
images31.png,h man 3 hb phhbhh 3 funny husband wife memes in hindi Archives-LOL Baba,
images41.png,,
images40.png,Coronavirus fGeet q fHst faat afa Lockdownd HSR Oneindia Hindi,
images27.png,3 i  Rd P16 DD  q 3al Sdi ait laedr oa Iele ID Snkib,
images38.png,kesvlas. oee,
images4.png,"aIPrT fsf 3re Yeit ara apit. wjawrch.com "" eule Jai Hind",
images39.png,turn corona  hehe 9 o -akashgaikwad_rs,
images45.png,,
images46.png,,
images42.png,NAND SONTIgER N SMILEWORLD.IN -,
images48.png,staft aaa,
images44.png,tkW IhT Ulb 2Wh!2'$ lrW 3ch< 3qt c te dh www.livesach.com,
images47.png,3iiq HR 3T dSchT 3Rg HR. @Hasi ka Hungama 3i ashi.. sih 9R&,
images43.png,... The  of 3f is  from the l of gal with very - The Heg t from the door & ... ohyaaro.con,
images51.png,Funkeytune,
images50.png,o e g bitsve! er aht!,
images53.png,h Th cch,
images5.png,Hedf picl Rdad a Tee,
images49.png,IR psk dtJ Smirchl.con t3,
images54.png,en3eheeoo3s yw3 eln  Jonae s wOmirchi.com,
images52.png,yIsdc siiq q) TET LIVESACH.COM,
images55.png,FB/Funky Life,
images57.png,hb HindiTrollin,
images6.png,,
images59.png,VWW.GOLUPUTTAR.COM,
images58.png,coronavirus,
images61.png,h2bah12 t d bh LIVE SACH,
images56.png,ErGara srevit siatorr,
images62.png,,
images65.png,2019 DONTMIS,
images60.png,f h af FB.com/Hindiokes24 HindiFannyjokes.in,
images66.png,ch U HAVE SO MUCH ATTITUDE!!,
images64.png,,
images63.png,ha,
images7.png,,
images70.png,,
images71.png,GH4S 162hb hhe nB  E-9 59 le 9b h,
images67.png,,
images68.png,1. 2.,
images74.png,n lelleaagmanano,
images69.png,Mhle,
images73.png,WR h,
images8.png,,
images77.png,,
images75.png,h99hP AT 33 W WWW.MANOJPANWAR.IN,
images78.png,lives i.com h 33,
images76.png,SELFISHAGENDA HIlaRy Regd.No 1535210 ShareChat App-www.sharechat.com,
images79.png,e sae ShareChat App-www.sharechat.com SELFISHAGENDA p ap 003pe,
images72.png,,
images82.png,,
images83.png,hth JORLS,
images81.png,PM t 3 a yGRt  t an 3iTsaTo w3mirchi.com,
images80.png,h iey -i kes 3i.-yi johdens Jokesll.com,
images87.png,SMILEWORLD.IN,
images89.png,f 3 HRIcICl ToRyRaf,
images88.png,,
images84.png,"f 3  Ph ""AR. U2 HHST""",
images9.png,YES BANK  SBI,
images85.png,HA 2h HA HA,
images93.png,3,
images92.png,,
images90.png,af E tE W3p!=U3KPh ItzUe2 Ib2hlE Hnt   9  RVRAORS Le u egpble albn MHARAGITA,
images86.png,#AkhileshYaday S.#Mayawati.#SPBSPAlliance dd 512,
images91.png,Snehil @Snehilverman3h Fadanvis right nowMaharashtraPolitics uaahicay V MAYANKSTUOIOS,
images94.png,,
images95.png,-le lh D coff 35,
images96.png,3Mr8h #e LIP+4JIh lr >2op ph {lH9 w3mirchl.com 3,
images98.png,PAParis,
kalam0.png,hindikahani360.in  ph 2e   eHH e e dR ych q&HT #d aT Hhfa ...,
images99.png,50  e2P JeP 3 P Pleh Jep ilehlbg Ihb H HRaart qT Faafar,
kalam1.png,HINDISHAYARIANA.COM 663R ad,
kalam102.png,i2,
kalam10.png,3 Dr.Abdul Kalam welcomenri.com,
images97.png,Mircht FhLlP+JIh   33 mirchi.com  3,
kalam100.png,faR AnmolGyas.com,
kalam105.png,3,
kalam107.png,,
kalam103.png,,
kalam104.png,wcouslfeupoe,
kalam106.png,,
kalam109.png,KATION si.e.gt.s 3rodle dao,
kalam11.png,Dr APJ Abdul kalam 3 faaR,
kalam101.png,"fo EdR Rddde,3icldn appee Ple coie 314 diel A.P.JAbdul Kalam",
kalam108.png,3 21 H 12I,
kalam110.png,33 cc P2,
kalam111.png,Sn sacrime.. A.P.J.Abdul KalamC bah,
kalam113.png,i. storyshala.in,
kalam112.png,DRAPJABDUL KALAM INSPIRATIONAL QUOTES,
kalam115.png,h aje f .,
kalam114.png,w.wwwQs www.InspiringQuotes.in 3 bb bh lhb ih,
kalam116.png,hn 2hh Abdul Kalam,
kalam119.png,dR clolleild 3IcGCIDC,
kalam117.png,R,
kalam121.png,APJ Abdul Kalam 3 ARUIGRAC qia,
kalam120.png,P epe eh hll 21phh ph  hhe,
kalam118.png,aR- qoRot 3fo G6 ait Brerp molGyan.Com,
kalam123.png,Ratn P9h hll  pe      HINDISPOT.COM,
kalam122.png,LATESTLS 3R 3q a) t   t a hd,
kalam129.png,,
kalam125.png,,
kalam126.png,hhhh RP2,
kalam128.png,siar .,
kalam124.png,mpjie Dr A.PJ Abdul Kalom 3IIcd hundred good One best book,
kalam127.png,One best book Is egual to hundred good friends but one good friend is equal to a library... Dr A.PJ Abdul Kalom,
kalam12.png,THOUGHTS LIBRARY DESK Every day may eot be good but s mehg goodin every day. SOMETHINGTHAT YOU HAPPINESSISNOT to far-away places GETIN URE without ever leaving your chair. HAPPINESS IS Kauer SOMETHING-THAT YOU BRING TO LIFE,
kalam130.png,36Ge www.happyhindi.com,
kalam131.png,h APAdutKam,
kalam132.png,"ht ft af #, fht gf at ar Thinke",
kalam133.png,t sit R gaa f at olsc Rh oh Thinkdear,
kalam138.png,3 3g,
kalam137.png,,
kalam134.png,R Dr.APJ Abdul Kalam vari.ll,
kalam135.png,nfacfasaaa Pp has 3rfaa hl e  9faa ELPSIn,
kalam13.png,foI aHR RiooR 3iclany qGcI sIQ cMGr pldrld,
kalam139.png,iimh,
kalam14.png,3  a AnmolVa,
kalam136.png,Sdic a www.QuotesAdda.com peprape eage eee con QuotesAdda,
kalam141.png,#QUOTES OF THE DAY 3IG  3lolcd,
kalam143.png,,
kalam140.png,-ff Like Us for More Focebook.com/AnmolVochanin,
kalam142.png,www.inspiringQuotes.in,
kalam144.png,2h 3,
kalam145.png,A DrA.P.J.Abdul Kalam,
kalam148.png,fR T 3R Gyan.Com,
kalam147.png,Facebook.com/A olVochen.in,
kalam15.png,ga  a 3 D,
kalam146.png,hh 3 AnmolSuvichar.in,
kalam150.png,3iR Lke Us for More Facebok.com/AnmolVachanin WWW.ANNCEVACKANIN,
kalam149.png,SmileWorld. IMore Visit SmileWerld.in 4  hh in  h o,
kalam151.png,Sot 9 P. P. J. Pbdul Kalam,
kalam153.png,4.91.37 Wpote q,
kalam156.png,,
kalam155.png,,
kalam154.png,"""aitat dofa sitaar .",
kalam152.png,A 3R.,
kalam159.png,2 fl,
kalam160.png,H hd 51,
kalam16.png,H hd 51,
kalam162.png,INSPIRING OUOTES FROM INDIA'S FAVOURITE BHARAT RATNA,
kalam158.png,Ae.  Ahdul Kalan,
kalam161.png,. Oye Hero,
kalam157.png,"1abqll c8 q] aIRIcI qQd 3[R ] & al ola ) qTEo Q1qcY can"" R1qcidT sR si. yq 3loGcI qclIH storyshala.in",
kalam164.png,R3 Rs. -3cG,
kalam165.png,WhotEthd ch3 faaR 15.10.1931 to 27.7.2015-A.P.J.Abdul Kalam,
kalam163.png,bbh  h he h f ...,
kalam166.png,Fina's,
kalam167.png,3 H,
kalam171.png,,
kalam17.png,facc Be nice to nerds.Chances are youend up workding for one. HindiParichay.com,
kalam174.png,Dr.A.P.J,
kalam169.png,,
kalam172.png,DhakadBaate.com,
kalam173.png,AnmolVachan in Hindi,
kalam170.png,www.InspiringQuotes,
kalam175.png,thph n 3,
kalam168.png,ee thh thH 54 . www.SuvicharKosh.Com,
kalam177.png,e..t. 3tegct o 3ta,
kalam18.png,UELANA.COE f,
kalam176.png,A.P.J.Abdul Kalam Quotes,
kalam179.png,DI K I6I K edlR   l fa     d Dr. APJ Abdul Kalam www.webshayari.in,
kalam181.png,,
kalam178.png,... Dr.A P J Abdul Kalam Motivational Quotes in Hindi SmilingExpert,
kalam180.png,I-hle hlle Phlle Hh- 66,
kalam182.png,P2 k 2F hlta hlle I  lk Ehh 12 e   2,
kalam186.png,3 RR,
kalam184.png,R,
kalam187.png,-APLABDULKALAM,
kalam188.png,hhH IthtE L4FJ,
kalam185.png,Hindi Quotes 3 www.bharatyogi.net,
kalam183.png,AnmolSuvichar.in H.. 3a H .. AnmolSuvichar.in,
kalam192.png,,
kalam191.png,,
kalam189.png,,
kalam190.png,,
kalam193.png,,
kalam19.png,LATESTL alle e ae eg ale 3ie  Seta al al anlge. nd,
kalam196.png,,
kalam194.png,Rgoed Rcod www.happyhindi.com,
kalam198.png,4,
kalam195.png,y P.P.J.Pbdu Kalam,
kalam199.png,W9h e EHPhH  $ PUa 2 PhE bduteka,
kalam200.png,,
kalam20.png,,
kalam2.png,hindionlinejankari.com ppe E PF Flb $C L > t Iht2 H$ ~3....3h,
kalam203.png,mPanchang yaare,
kalam197.png,aafen Like Us for More Facebook.com/AnmolVochon.n,
kalam201.png,ch  3   H APJ3G H 3G 1003 fqaR Best Quotes in Hindi Supportmeindia.com,
kalam204.png,Dr.A.P.J Abdul Kalam,
kalam205.png,R     3 f Thinkdear,
kalam202.png,R PpF h3 DS dq faaa a R e,
kalam206.png,aoiae Radfrad,
kalam208.png,2  sy   a  -AAbdul Kcom,
kalam21.png,FREE 3q,
kalam207.png,S: Proud SiR Quotes fanrais ia ShudhVichar.com,
kalam209.png,aPihng pe yae pa  p  e n Ph aeR h    y,
kalam216.png,,
kalam210.png,LATESTLS  atast a 2 2]P l@hlle le  lP 2hl?,
kalam211.png,SmileWorld.in SmileWorld.in,
kalam217.png,3 DhekadBaate.co,
kalam213.png,o 3qR Inmol,
kalam215.png,You cannot believe in God until You believe in Yourself.,
kalam218.png,,
kalam214.png,tnhe #terafax-54 BOLTECHITRA.COM,
kalam219.png,NATIONE .si.e.t. LRAME e 3rodlledgo!,
kalam22.png,,
kalam221.png,,
kalam212.png,,
kalam223.png,"$43 45 314 447 H4 31, 314ct 49 ii WP e>4 Ie tb>?",
kalam220.png,33 1 AP] Abdul Kalam NAVABHARAT digita,
kalam222.png,341e onb 3f nnk,
kalam226.png,SmilingExpert,
kalam23.png,Hh,
kalam227.png,eehH 3 pan,
kalam225.png,You Can Not Change Your Future.But you Can Change Your Habits. And Surely Your Habits Will Change Your Future.,
kalam228.png,Dr.APJ Abdul Kalam Education Quotes In Hindi,
kalam229.png,R3Ie sR IPID Ie[2 PP fs3rl AnmolGyan.Come,
kalam224.png,d. c335 .3 eccessd Sw A.P.JAbdul Kalam,
kalam230.png,hE h Thinkdee lear,
kalam232.png,Ph K episode,
kalam231.png,SmileWorld.in 3t it at,
kalam237.png,~..3,
kalam234.png,tps,
kalam233.png,Best Quotes On Api Abdul Kalam Apj Abdul Kalam APJ ch Freestatus.in,
kalam236.png,h f,
kalam235.png,"34dT aldt , F4f H4ddT hT 3dg 30d -Dr. Abdul Kalam welcomenri.com",
kalam239.png,,
kalam24.png,3 34 faa,
kalam238.png,33 HIqaR . Armotaicar.in,
kalam241.png,HINDI QUOTES AND THOUGHTS 33 www.hindtera.com,
kalam243.png,a  a e,
kalam244.png,SNMOLVeCHON.IN AnmolVachan.in,
kalam240.png,Suvichar4u 3,
kalam246.png,,
kalam248.png,,
kalam245.png,i,
kalam247.png,www.rnotvationvatika.com co.. 3oldilc faar,
kalam242.png,Sdesl_balak_00 er Osharht 3 S Ofle,
kalam25.png,,
kalam250.png,,
kalam249.png,zindagigulzar.com,
kalam252.png,3 papph Dr.APAbdul Ksla,
kalam254.png,si....3 ala IkIn-p| ?e f,
kalam255.png,h cohsgvan.cor,
kalam251.png,fg Hbb iyeh ~APJ Abdul Kalam,
kalam256.png,Thde 3,
kalam257.png,a pga h yed e py 4  34 HINDISPOT.COM,
kalam253.png,CRHRARGAIGIY eforait,
kalam26.png,Losh.Con,
kalam259.png,hm Anmolsuvicharir 3,
kalam261.png,h 3,
kalam258.png,,
kalam262.png,p hh p,
kalam260.png,INDIANE 3f  DrAPJ Abdul Kalam,
kalam263.png,,
kalam266.png,,
kalam27.png,,
kalam267.png,i   stef,
kalam264.png,qfac  3 fr AnmoMamnan.in,
kalam271.png,On,
kalam270.png,,
kalam265.png,SHE hlf 3 You have dream before/your dreams can come true Inapsringo Abdul Kalam,
kalam274.png,,
kalam268.png,bP DhakadBaate.com 3114g RR b5 GIS,
kalam272.png,SHinanshuFia HireancheFixs BookExpress.in hea APAaa,
kalam269.png,HINDI ENGLISH qf f #,
kalam273.png,r  f    n  ne   f  fa edt!,
kalam275.png,Indian Former president Dr.APJ Abdul Kalan Live funeral from Rameswaram,
kalam277.png,IIbH2 9>P Iy >H HP drE Thinkdear,
kalam280.png,,
kalam28.png,,
kalam276.png,- f h SMPOSTEDAT,
kalam278.png,3 3 f Agmeivachani,
kalam282.png,3 .. jIPhJ IPIt,
kalam284.png,,
kalam279.png,fAaI$cAT' yfRgfa pFha 10 3THI fqaR,
kalam285.png,3 Ph Mithori,
kalam281.png,H  d~ Great dreams of great dreamers are always transcended. ~Dr.A.P.J.Abdul Kalam w.hindisahityadarpan.in,
kalam286.png,fy,
kalam283.png,,
kalam29.png,,
kalam289.png,f34,
kalam287.png,3 gyanipandit.com,
kalam288.png,2hh ihh SMFOSTEDAT,
kalam293.png,www.hindimotive99.com,
kalam294.png,AISCTAT yargfa e.qt.31.31gc 3ler faaR,
kalam292.png,"InHindi99 S,  3R 5U .P. J. bdul Kalam",
kalam296.png,,
kalam295.png,Pewsingagn 3rasfaae Ucaepan,
kalam291.png,H  h,
kalam297.png,ta t,
kalam298.png,,
kalam299.png,,
kalam290.png,34g a HR ao7 qT 3dT e 2 IPph F s8 lP H|W WP T h d I,
kalam3.png,hyh h - Ta... Facebook.com/AnmolVachan.in,
kalam301.png,"P J hI el Rdol ad el, auedrf  REicoR www.happyhindi.com",
kalam30.png,Phshle hleF Hela a?n IE h pahll ..+ 3f. qqa 3aa ay **,
kalam302.png,InHindi99,
kalam305.png,Hh,
kalam300.png,@khushi4550 R,
kalam306.png,WB9tE Phd !E,
kalam304.png,#QUOTES Of THE DAY 3I cG CI 3odlc cdo INDIA,
kalam307.png,tells,
kalam308.png,HindiShayariBazaar.com,
kalam31.png,3 3 R op be www.Hindis SthiryaDarpan.in,
kalam303.png,h$ ts H3 HHh APJABDUL KALAM,
kalam309.png,APJABDUL KALAM HindiShayariBazaar.com,
kalam310.png,INDAN I2 3R fa aTwR 9 E FIuH ISR H9H shayarindian.com -Dr APJ Abdul Kalam,
kalam314.png,34y PeJpd PJK h8Fhla phlla 3g chaHindiSuvichar.in,
kalam312.png,,
kalam311.png,"3  HD2 FhH JeP  3i    , I hIH $P Idh HEHIUS DhakadBaate.com",
kalam313.png,ThH HeIo  ThH $ He HEl IR P th u DhakadBaate.com,
kalam315.png,si. g.t.gt. 3egel chc  Ebb Quotes Status Thought. 34,
kalam32.png,xt ar en aall arcose. aueltl suakart at aglara cee ao o odd4 3logeIbclla JnanaKadali,
kalam316.png,"fTgR ach ygat a fay alcd afy slat $,ar? at a3c yaR LhlIe Ih IE E>It] I qet !! chT",
kalam320.png,,
kalam319.png,SmileWorld.n 4More Visit SmileWorld.in ch 3ch t Hhhh,
kalam318.png,f 3 3 farafed i www.chirkutpapu.blogspot.in-3g chl,
kalam322.png,cbcftar ch ctlof,
kalam321.png,Eha qqT 391c r fqdR,
kalam324.png,Dr.A.P.J .3 3G,
kalam323.png,3a www.dilsedeshi.com,
kalam317.png,Ignoredpost.com SSH 3H aft Ph ST R -APLABDULKALAM,
kalam325.png,e. qt. 3t. 3G qH PhP H438 101 39q fqqR Hindishayarie.in,
kalam326.png,,
kalam328.png,dgidial A.P.JAbdul Kalam,
kalam331.png,,
kalam33.png,A.P.JAbdul Kalam,
kalam333.png,,
kalam330.png,,
kalam329.png,,
kalam332.png,sa  ne 3IGC 30 a A.P.J Abdul Kalam,
kalam334.png,3Iolalc faaR,
kalam336.png,3i. 101 gde...,
kalam327.png,Ph IlSk 9P bP hlle. F3 fa 3Ty Y hF lFhI 55 I ?h I els. Fr e ple yd.  yb h hle ... hlle k2he thd !F ...,
kalam337.png,fRIRRR 3 H3,
kalam335.png,,
kalam34.png,tchp H Abdul Kalam,
kalam340.png,3i. 101,
kalam342.png,igat C ALAM,
kalam339.png,he igat C ALAM,
kalam341.png,DRAPJABDUL KALAM INSPIRATIONAL QUOTES -,
kalam344.png,SduR,
kalam338.png,T 3TR qHR e9h P bhartiyaupdate.com,
kalam346.png,344 Future,
kalam345.png,3 Iic bcdlRf i. storyshala.in,
kalam343.png,R,
kalam347.png,"Rdd,3ican fean d aldie A.P.J Abdul Kalam",
kalam348.png,3 3 3 3 3d3 Abdul Kalam,
kalam35.png,qR 3q y<sT aT aReT qHqdT aI5d a     I4 IPH  .... qt  3egd heI. www.bharatyogi.net.,
kalam349.png,3114 3TGa 3149l Future,
kalam352.png,ficoit arsc .P.J Abdul Kalam,
kalam353.png,Hbe GyaoChenkcoe,
kalam351.png,1 on4q1 qe,
kalam354.png,Do we not reallze that self respect comes with self rellance? e Dr.APJASDULKALAM welcomenri.com,
kalam36.png,,
kalam350.png,@162835624 ShareChat che as #Anmol thoughts #anmol thoughts,
kalam356.png,3 RT  c3q3 CARLARDULKALAN,
kalam355.png,d 335 P.JAbdulRalam,
kalam357.png,www.OnlineGainer.Com he,
kalam358.png,fogs at Hbedl  33 A.P.JAbdul Kalam,
kalam361.png,,
kalam359.png,hRRh QotesDekho.Com,
kalam362.png,pdh 2d,
kalam363.png,3.,
kalam366.png,chorrat 3totater deo,
kalam365.png,For Me There Is No Such Thing As A Negative Experience DuoteWorld,
kalam364.png,e h hE  h a 1 2 3 4f 53 SmileWorid.in aea,
kalam368.png,hPhh G,
kalam367.png,Penh    APJ ABDUL KALAM,
kalam369.png,LATESTLS 3 f l.,
kalam37.png,ie  p AnmolGyan.Com,
kalam370.png,THE MISSILE MAN OF INDIA APJ Abdul Kalam [1ith Presdent of India] Happy Birthday,
kalam373.png,he . HindiSuvichar.in,
kalam378.png,oq   3 au,
kalam371.png,,
kalam376.png,,
kalam374.png,Ha.. AnmolSuvicharl,
kalam375.png,LATESTLS lle,
kalam372.png,a 4 ke Us focM,
kalam379.png,33 ...,
kalam39.png,Ha,
kalam380.png,a,
kalam377.png,hlt-hlhb n3- -f 3 SmileWorld.in,
kalam381.png,k . storyshala.in,
kalam38.png,,
kalam40.png,Intezaar karne waalo ko.sirf utna hi milta hai jitna koshish karne wale chor dete hain. FYT,
kalam4.png,hindikahani360.in f -...,
kalam45.png,HindiShayar,
kalam41.png,f h Ofle,
kalam44.png,Srdt a aat hc 2h lh IPh e y eype HINDISPOT.COM,
kalam47.png,APJABDUL KALAM 39,
kalam46.png,HINDSHAYARL.COM 6Hqc qR H chT qIR HchI 3laT  HlW4p W5te hd IE-,
kalam43.png,,
kalam42.png,3 t h www.AnmolSuvichar.ine,
kalam49.png,hphlle 46 1442,
kalam5.png,3,
kalam48.png,Hy 3 y        1  h h 3t get sa fr fb,
kalam51.png,www.happyhindi.com hlehlPee,
kalam52.png,hlehlPee www.happyhindi.com,
kalam53.png,IFCO,
kalam50.png,0303 NORMENS ANROL VACHAN P   3.    IVARININDI.CO,
kalam55.png,..3 fauR,
kalam54.png,Sevendaymotivations.com a h 2,
kalam56.png,c5t atat aa 3[gcl c 20 3ta faare,
kalam57.png,3d 333 QuotesDekho.Com,
kalam59.png,hh ... HindiShayariBazaar.com,
kalam60.png,Dr APJ ABDUL KALAM TUOTES IN HINDI si 3sqe hdlH  3aAid faqR,
kalam58.png,NAVABHARAT digital APj AbdulKa,
kalam62.png,eh,
kalam63.png,l6-04H,
kalam6.png,R h,
kalam61.png,3 'lhllrl t,
kalam64.png,H3 APJAbduKaan Focebook.com/AnmolVochon.in,
kalam65.png,INDIAN 30 -,
kalam67.png,77 -Dr.A.P.7.Kalam,
kalam66.png,f APJ ABDUL KALAM,
kalam69.png,NMorVecHeNIN AnmolVachan.in,
kalam70.png,H33,
kalam7.png,. Ah  h  Me.ScientificWond.in,
kalam71.png,"phnn DRAPIABDUL KALAM QUOTES IN HINDI BITs-Pilani, Gea Qamaus",
kalam74.png,,
kalam73.png,BEFORE YOUR DREE,
kalam75.png,hhhh,
kalam77.png,3,
kalam76.png,SmileWorlds h  3. 3 deaf,
kalam72.png,3ogc c dao ed,
kalam68.png,69 30 $ dao ed 2n pa 3ogc c www.shavari-sfory-quotes.com,
kalam80.png,,
kalam78.png,a af,
kalam79.png,fRRaq u@ao fcy dgdanlayaldle I2??pa 2?e p ?2 Hih LDh II I ?pI AchhiBaatein.com.,
kalam8.png,"TECHORIENAIn Hoal 3it Hol, aat, 33",
kalam83.png,,
kalam82.png,9h bhartiyaapdate.con,
kalam84.png,3reheal f,
kalam81.png,3,
kalam85.png,3Gc 3olalcfaaR,
kalam86.png,29h Good Morning,
kalam87.png,aa  8 a,
kalam9.png,hH-  16    f www.motivationvatika.com,
kalam88.png,f www.motivationvatika.com   hH-  16,
kalam92.png,,
kalam90.png,-3 GyanChowk.com,
kalam93.png,y,
kalam89.png,ANILCO 663A a g,
kalam91.png,eNmoVecHeN.IN Man Needs His Difficulties Because They Are Necessary To Enjoy Success.,
kalam96.png,R.. 3393 Qutes www.lnspiringQuotes.in,
kalam95.png,,
kalam98.png,3 3 ffed www.chwkutpapu.blogspotn-3gh,
kalam97.png,SdoRWo dcil qIRd 3rollat Mde JnanaKadal,
kalam99.png,TOP15 faaR..,
lalu1.png,3,
kalam94.png,HimanshuFix HimanshuFx BookExpressin,
lalu0.png,ipe Ihlthpe UEEB R AG,
lalu101.png,,
lalu100.png,HRGRE 50Syi RT 33.. GR S$...,
lalu104.png,R-TR- . D3,
lalu105.png,. 3,
lalu103.png,. h 3,
lalu102.png,3 aet aR angt... IhH K hQJE bd I9p t alc fayr ael 3Ht 4 te BJP IIh?? 2[P Lb,
lalu10.png,i. H,
lalu110.png,w}hlh IES 1w$?F >h,
lalu109.png,,
lalu11.png,,
lalu108.png,HindhJokes a-o   ol -20-30 ed -y,
lalu106.png,JokesFb.com f f   fa a jh,
lalu112.png,frHead Shoulder -Jokes.javaTpoint.com,
lalu111.png,22 Jhle? KAPIL SHARMA He,
lalu116.png,H4$T T6f 3dT dIc 4T4q 3ls+e adf q.... LtJtJ UhIe Ih $ Et  +T Cac fanOeee,
lalu115.png,yq aT   Hh dl  f fh 3h Hh y H c  33 -Jokes.javaTpoint.com,
lalu117.png,H-f bhh-,
lalu114.png,1  f e 3 engh,
lalu107.png,TOTALTASHAN.COM h S I9F b2Ih Dp IpWp'I I$- p] Ieh hIH - hIH  9e lIrW 9Ib dh Ibkp c Ib 2 Wlh H?bd'E TotalTashan.Com IdP'plIh -Jp I>h IlIP'plIh hlp Pp? plh l?Hp 1eI 3 a#y3I q $I Head & Shoulder! Rea,
lalu122.png,www.whatsapptext.com,
lalu113.png,"TOTALTASHAN COM . qq q,  Ph  f Head & Shoulder!",
lalu119.png,Rabri-3  y f  gFunny Lalu Yadav-3tf TwitteriyatfaR ..,
lalu118.png,JokesFb.com   2,
lalu120.png,,
lalu123.png,3RI...,
lalu121.png,33- - -yf Tht  ahee,
lalu13.png,,
lalu124.png,- 3,
lalu12.png,Struggle   ft  Message ee cbe 4S,
lalu126.png,h,
lalu125.png,fgf,
lalu129.png,Jokes.javaTpoint.com,
lalu130.png,,
lalu128.png,h P- nb  33 6 b,
lalu127.png,,
lalu131.png,,
lalu132.png,.  LOVE YOl  t . g,
lalu136.png,HIGAT,
lalu133.png,ils h,
lalu134.png,- Readfulljoke.onLOLChutkule.com,
lalu14.png,eHT dIch qh fa q13,
lalu139.png,3 33ilci,
lalu135.png,Student-. B.com.. f-. Engineering.,
lalu137.png,RdILove You ET 3 fRy ILove You hT 3 f f y ? I'm falling in love -Jokes.javaTpoint.com,
lalu138.png,whatsapptext.con,
lalu140.png,22 Ihleg KAPIL SHARMA,
lalu145.png,FATHER SON JOKES,
lalu142.png,Fb.com/BittuSharmaokes ie,
lalu141.png,1= www.Rkalert.in,
lalu148.png,,
lalu150.png,,
lalu149.png,SANRE Funalysis CBI Raids d22 4,
lalu144.png,h Hh BJPfdro3,
lalu143.png,Jaabinlbsuslb.npibloli BJPfdro3,
lalu15.png,"HindiSatire.com R FIc Ie l2$hK IhRJE    .. "" R alc Q2 DE b2In D Rldl, 3t Jokes fay",
lalu151.png,"Lalu = Rabri Tum Toh Humara ChandHo Rabri = Na Ji, Humka Chand Wand Mat Kahiye, Ye America L Wale Roz Chand Pe Chadhte-Utarte Rehte Hai thebestshayari.in",
lalu154.png,ACTING,
lalu152.png,f eg,
lalu155.png,,
lalu146.png,31749 cace CT sdoir freanauna 4,
lalu153.png,=Examy =Shoepolish f ron n thebestshayari.in,
lalu156.png,,
lalu147.png,31749 sdoir 1A s2 qgd RR G*Ft,
lalu159.png,"fT.. fc,   t...? 3 -Jokes.javaTpoint.com",
lalu16.png,,
lalu158.png,"qyf-iat hha2he-mh 9aha-ah d3nbi ""-P 3",
lalu160.png,,
lalu163.png,,
lalu161.png,Rohiet kumar Dwived i,
lalu162.png,What the F##k Sakya.in,
lalu157.png,e  hln Soon,
lalu165.png,P,
lalu168.png,INDIAT,
lalu166.png,h,
lalu167.png,. ho,
lalu169.png,feogedla fdaR 2020,
lalu17.png,Watch  Wife    . Watch f     -Jokes.javaTpoint.coon,
lalu173.png,Maithun Eeng_Hamo Follo,
lalu164.png,inuter Folow 1.g- 2- 4 LKES 12:21P-25My2017 P,
lalu175.png,,
lalu171.png,Facebook p FacebookCEO and Founder MarkZuckerberg,
lalu174.png,qtaa qeit ak aR  s ci ar,
lalu172.png,3 e 1,
lalu176.png,"Reporter:Sir,What's Your Opinion On Demonetisation? Lalu Prasad Yadav: Mushkil Se Intolerance Bolna Seekha Tha.. Ab Sasura Yeh Bhi Seekhna Padega",
lalu170.png,ffef 3 facebook 2h Lalu On Line = fah,
lalu177.png,eph oh yoh  rI ysIqe 1D22,
lalu179.png,Ashish Dratirecaet 7:19.AM1Aug2017,
lalu182.png,anann,
lalu180.png,,
lalu18.png,3i t aR nt... f4 afBJP Ih 2P,
lalu178.png,,
lalu184.png,Aaj Mera Maun Vrat Hai!,
lalu183.png,HRd fpIEE Pt UP # a q?f I h Pp Ip he,
lalu189.png,,
lalu187.png,7yo:  e Ib   2 b yn? R oit I$ cbhlh3JE  PIqjlt 9 T,
lalu188.png,a2 ft hyoh R3t thebestshayari.in,
lalu181.png,R3t ra -qta,
lalu191.png,q Rsa jg  Rh  h     aR,
lalu19.png,h,
lalu186.png,- i 3-f H 1 - famar? -3 -f,
lalu192.png,,
lalu185.png,LOLS ALOT! Lalu and Rabri already had 13 children and decided to seek medical advise on how to avoid further pregnancies without interrupting their sex life.They go to a doctor in Patna who tells them that Lalu would have to undergo vasectomy. The doctor explains the procedure...,
lalu2.png,e Posted by@BuPAsansolO rton aa,
lalu193.png,Posted by@BuPAsansolO rton,
lalu20.png,RR Bittu,
lalu21.png,"- 3 h 9rd, aR aq qrd aT y n qr e  ya   f  --Head & Shoulder-- -Jokes.javaTpoint.com",
lalu190.png,le in tle Un - rton d auara? Posted by@BuPAsansolO -3 Sardar Sa Ha Ha Ral su bha 9 baje hon hee ene Sorte,
lalu22.png,3 amarujala.com,
lalu23.png,e-R l?Ih l r l>b 'l Jb - I9 3r f,
lalu25.png,-50 3.,
lalu24.png,ohny Lever SFollow h ff3 as hamiind 267s797,
lalu27.png,Love You t  f  Love You  ff I'm falling in love -Jokes.javaTpoint.com,
lalu28.png,NZWS follow us on 8+ /+zeenews,
lalu29.png,OLOLWAO Theme song will be.  h  www.fb.com/FunniestStatus,
lalu26.png,"Air hostess ask to Lalu Prasad Yadav.. Sir are you vegetarian or non vegetariane. Lalu =I am Indian. Air Hostess=Okay are you 'Shakahari"" or Mansahari"", Lalu = Hat Sasuri I Am Bihari.2 thebestshayari.in",
lalu3.png,BJP e 3PMrat Srfaarcarer 92$$,
lalu32.png,,
lalu33.png,,
lalu30.png,12 whatsapptext.com,
lalu34.png,,
lalu31.png,SHR.,
lalu37.png,Ph,
lalu35.png,Amexing.com-Only Amazing Stuff hh h,
lalu36.png,RsAT .. #NitishKumar,
lalu38.png,O0amarujala.com,
lalu40.png,cp,
lalu39.png,-Jokes.javaTpoint.com,
lalu42.png,fove you  .. -Jokes.javaTpoint.coon,
lalu41.png,-q dOiee,
lalu45.png,,
lalu4.png,Mamata Sanerjee TMC voSole Aa Amit te LOL,
lalu47.png,PM 6,
lalu50.png,,
lalu49.png,,
lalu48.png,S-3,
lalu46.png,Brajesh Patel @orajesh70006 .Foton #LaluPrasadYadav  hh Te tnH 11:26PM-62017 Twee yormpy,
lalu44.png,,
lalu43.png,$  I lOVE YOUl atadg atatat? i y dm HP e re       3  S  rR 3h lcp www.biharipunjabi.com www.biharipunjabi.com www.biharipunjabi.com ww.bihan pgat ots  pleh$ Ch l2,
lalu56.png,,
lalu55.png,,
lalu53.png,Rar,
lalu51.png,Laugh very Dey KejriwaliWififree denge poori delLimein. Sisdin Baut kharcha ayegall! KejriwnWfka password kisi ko nai dengej,
lalu5.png,cod,
lalu58.png,,
lalu6.png,h H 3,
lalu57.png,"Banta caity likh raha tha aajmer ehan ko baccha hone wala halpata.na i ladka.hoga ya ladki isliye muhe bhi pata nahi ki me mama banunga ya mami""",
lalu59.png,"Russian President, Vladimir Putin: Mere paas gaadi hai, bunga ow hai vodka hai Russia hai, fumhare paas kya hai?"" Our PM :Theek Hai..",
lalu60.png,O,
lalu61.png,FIR HAmcuas,
lalu52.png,,
lalu54.png,es.s ple-ej2 e-e ea ba .-<d SIDS ...? 3 ...,
lalu66.png,,
lalu64.png,n p h Uralh 900629006 yaR SHR..,
lalu68.png,"""ss.stq fait..7 www.whatsapptext.com",
lalu65.png,h p s  a3 d3 @newstracklive Newstracklive.com,
lalu63.png,R10 O C 3  P 3.. WRI2 EIND,
lalu7.png,faaR h h,
lalu69.png,dqsit yq qT 3qHI  5FRI qT fayll.....dldgit :  s. qId REI 3I,
lalu62.png,WhatsAPPText P2 k dP?h faaR Ih?lPhK H k Sh 3q 3IS- aTE! h,
lalu70.png,,
lalu74.png,"59h l Dhq : PB  RT3IdI, 3RT 3Ty qq|c qI ydqI Ie2 P gE I 3RT... HindiSatire.com",
lalu67.png,WhatsAPpText y1eq q..... 35q faaR pIb yhl8 Ih E E  cac qT,
lalu75.png,Rohiet kumar Dwivedi -Follow @RDDwivedi ibph 33.. Translate from Hindi,
lalu73.png,"H Jokescoff.com pJ 2 2r RT... 3Rt""5 Rt silst ou. SRR dq a qcaR JokeScoff",
lalu72.png,"3T dG cbbc 1e2k D lpoR] 8e,,      ii e  d g h b . Jokescoff.com JokeScoff",
lalu76.png,qtRabri-3 Hsfy fy  t h gFunny Lalu Yadav-3tR Twitteriya.R www.duniyahaigol.com,
lalu77.png,g Lalu Yadav- hP PPP Rabri-3 3 www.duniyahaigol.com,
lalu82.png,aMr Sll www.jokeswalebaba.com,
lalu78.png,3 EET ATET 15183 amarujala.com,
lalu81.png,Funalysis HINDI SATIRE CBI Raids dIc] qI,
lalu71.png,Jokescoff.com  qii at ae qt i EET amarujala.com .. JokeScoff 3 aoRit 80 leccp elat coff 4 S 3,
lalu79.png,0?,
lalu83.png,Johny Lever +Follow @JohnyLeverr hbh Translate from Hind 267 Retweets797 Likes 43 267 797,
lalu8.png,"Lalu ji ek mahina obama ke pas se engish ki training lekar vaps aaye ek din unhe ek call aaya lalu ji bole Uhwe FOnwE ""Who is speaking?"" jawab aaya waa. awa 'Hum Sasura Obama bol raha hun"" unwaas waar Funwa Forget Cumwaa Have Funwaa",
lalu80.png,3 5 eha ee  h-be h eh f fa pawantoon@gmail.com -f- ShaeDeh .,
lalu85.png,Lalu:Kyonki sher kabhi ghaas nahin khaata Lalu:Bitwa hum sher nahin na ho sakta,
lalu84.png,"Ra_Bies Following @Ra_Bies Rahul:Congressi shere ke bachche hain aur Lalu ji, aap sher hain Lalu:Bitwa hum sher nahin na ho sakta Rahul:Kyon, Lalu:Kyonki sher kabhi ghaas nahin khaata",
lalu86.png,7 6AT Sll,
lalu87.png,f b Student-a.. B.comf. f Engineering..,
lalu88.png,ACTING,
lalu93.png,It's Not Funny W...,
lalu9.png,SLOLWAE bhhhh  Theme song will be..    www.fb.com/FunniestStatus,
lalu92.png,#News 3i|qRI pb 'I9E 2P pIh ln P fduRi aei 3nc4t$1 Ih chlPpy  IPH J9h I chllp)  p?le lle (hindisatire.com),
lalu94.png,"""",
lalu91.png,33 lhh-bh www.duniyahaigol.com,
lalu89.png,SAes Transiate from Hindi 75 Retweets 485Likes 47 75 485,
lalu97.png,RR e IP4 I Bittu,
lalu90.png,-Follow @akshaistgi R3 1g- 2- 3- Translate from Hind LIKES 4 1221PM-26May2017 L Tweet your reply,
m_0.png,HLMIGE,
lalu96.png,.Ji.ioo Y.l. Poics Jokes,
lalu99.png,HR  qR f pIFE IPE IP?bl9Ech 2Ip UP d qn?f Yogi e I2>b E <h 2Ip lpIFE thI,
m_1.png,f... qfaff,
m_101.png,HARFAK fg,
m_103.png,,
m_100.png,e,
m_10.png,www.BittusharmaJokes.com HId 2050  Idhp hFH dE WEJE qy,
m_102.png,Fb.com/Bittushamrajokes,
m_104.png,9h chch hh,
m_105.png,,
m_107.png,b.com/BittuSharmaJokes,
m_106.png,EEOT 10,
lalu95.png,Jokescoff.com Sotlcat RRa a fa cllagit 3iaat a ena 1 alal e.. 5  3ilaa foput.. JokeScoff: 00 cllagit p :  Ruasat ? 9JokeScoff Bat : 3R ! al.. Jokescoff.com,
m_109.png,,
m_108.png,2 Huggies fa,
lalu98.png,Phoenix Creation your business promotion partner +Calendars +Diaries Key Chains Ball Pens +Bags Gifts & Novelties Items +Purses Coroporate Gifts Items +Wall Clocks Promotional Gifts Items +Table Clock Pen Stand T-shirts Caps YOU Carry Bags Exclusive Gift Sets etc. +91-98151-22885 www.phoenixcreation.in,
m_111.png,Fb.com/BittusharmaJokes 50,
m_112.png,,
m_113.png,h R E,
m_11.png,BittusharmaJokes Bittusharmalnst 2017-01-179:55 201 -1710:04,
m_115.png,Fb.com/Bittusharmajokes,
m_114.png,"Fb.com/BittuSharmaJokes ff i""pllaE",
m_116.png,...,
m_118.png,y,
m_110.png,Fb.com/Bittusharmajokes d www.bittuSharmaJokes.com,
m_117.png,Jww.BittuSharmaJokes.com f.   Lh,
m_12.png,f|BittusharmaJokes Bittusharmalnsta F9p y Ihb,
m_119.png,4H+ Eh Emergency calls only..,
m_125.png,,
m_121.png,,
m_124.png,,
m_123.png,Raas Bitt,
m_122.png,PEEb,
m_126.png,y,
m_120.png,,
m_129.png,,
m_127.png,NOENER. .om/BittuSharmaJokes,
m_128.png,Fb.com/BittuSharmaJokes agRyT,
m_13.png,BittusharmaJokes |Bittusharmalnsta faf,
m_131.png,Fb.com/BittuSharmajoke h,
m_130.png,@kingboyce ShareChe,
m_136.png,,
m_135.png,Fb.com/Bittusharn a...,
m_132.png,fhe,
m_133.png,,
m_139.png,sat yn-n,
m_138.png,WWw.e,
m_134.png,Bittu,
m_140.png,Fb.com/ ojokes 3,
m_137.png,nlh 20 tt f phittusharmaiokescon,
m_145.png,..,
m_14.png,www.BittusharmaJokes.com l 3IPIh k Hd,
m_144.png,narmajoke iine,
m_142.png,,
m_141.png,ehle Bittu.,
m_143.png,@520929162 eSranichat I'sME CtRTE.. uma jckes,
m_146.png,.. d FILMIGO,
m_147.png,www.swsusrsrrejakes.com h,
m_151.png,,
m_149.png,eft ychl Bittu,
m_15.png,Shorma Ph,
m_148.png,Ph Shorma,
m_153.png,Fb.com/Sittusharmajokes,
m_156.png,,
m_152.png,461 nd,
m_154.png,b.con /Drtur rmajoxes chchfc Hachfay,
m_155.png,,
m_150.png,3abhishekthakur02 OSarcOu h9h Miss You Dear. Come Soon 99n9,
m_157.png,3ITT hnh,
m_158.png,A,
m_159.png,370%,
m_163.png,,
m_16.png,www.BittusharmaJokes.com II?R dh dH L Wh 'R P3p HS di qf4rT   ydI  a-$ 3$yI,
m_162.png,- abpal -,
m_160.png,14,
m_165.png,PH,
m_167.png,fa,
m_161.png,h Validity fahaafa Bittu,
m_164.png,www.sistusharmaJakes.com,
m_173.png,,
m_168.png,"Fb.com/Bittusharmajokes Phb i""ee",
m_171.png,www.eittusharmaJokes.com,
m_172.png,Fb.com/BttuSharmalokes 15 ildlls,
m_166.png,"Aapko pata hai, Vaise toh dono hi samasya hai.par meinkya padosi dekhe toh, samaanta hai? gussa aata hai KAPEL",
m_174.png,,
m_17.png,,
m_170.png,,
m_169.png,fra 3H c  R www.bittuSharmaJokes.com,
m_175.png,www.BitteSharinaJokes.com,
m_178.png,,
m_179.png,Rahul Garg,
m_181.png,,
m_182.png,www.BittuSharmaJokes.com 2020,
m_180.png,www.BittusharmaJokes.com h,
m_176.png,,
m_177.png,dhhe p www.Btt.shama.okes.com,
m_18.png,www.BittusharmaJokes.com RId qT Hq P\k qHT LIndbha,
m_187.png,LBite iPhone f f Redmi,
m_183.png,TV Bittu,
m_186.png,RahurGars harmaJokes dee HEMIGO,
m_185.png,t. Bittu,
m_189.png,,
m_194.png,,
m_184.png,"19 h 24 ,",
m_192.png,www.btwsharmadokes.com LUDO fSB,
m_19.png,R4T 3 39RqT q 104 HCdc yq  qC  HRd  fdy as at  L PIe,
m_188.png,,
m_193.png,3f d,
m_191.png,HRR,
m_197.png,13,
m_199.png,,
m_190.png,s e f,
m_195.png,BittusharmaJoke Bittusharmalnsta ...,
m_196.png,www.sitt .CO,
m_198.png,ap RCB Team Ke Coac Banoge? Star,
m_200.png,www.BittusharmaJokes f,
m_2.png,yafaarec  h Fb.com/Bittusharmajokes chala ..?,
m_204.png,www.BittuSharma.Jokes.com,
m_205.png,ch,
m_202.png,,
m_201.png,Jhb- UT Jhb-mh !,
m_209.png,,
m_207.png,2 1,
m_203.png,e Bittu,
m_206.png,3 yhch 1,
m_211.png,i,
m_215.png,,
m_212.png,,
m_20.png,,
m_213.png,,
m_208.png,ESERVE BANK OF INCIA OAA 000000 005 R500 usi t...?,
m_210.png,gfal3  at h fah- . -. Bittu 4,
m_214.png,hhehlla ? h Memes Supply Bittu,
m_216.png,www.BittusharmaJokes.com 4,
m_218.png,,
m_21.png,VIVAZIA DADI OND -0sov ALDAH c12 DAS It! N DIPIE IPIh IPB SHoT t feRT yI$! www.BittusharmaJokes.com,
m_217.png,,
m_219.png,Fb.com/Bittusharmajokes  CCTV RI..!,
m_220.png,aa R c.,
m_227.png,,
m_221.png,- thdndp ft Bittu,
m_225.png,What Colors1 KOW sThatKapilSharma sA Bigger Brand Than Them,
m_224.png,@devi7p sharmaJc a it,
m_223.png,Gd,
m_22.png,www.BittusharmaJokes.com 84R u4I qT LED 2 dR dq Cy qxq GeRI,
m_232.png,,
m_226.png,erait cee aetaitgeer DOR DO Seiatcea 441,
m_222.png,520929162 OstanChe Bittu. P,
m_230.png,,
m_229.png,,
m_228.png,h ih,
m_233.png,www.bittusharmaJokes.com,
m_231.png,HE G... tfa Bittu,
m_23.png,REAC www.BittusharmaJokes.com T PIp dh4 IIh?J 1&ltJ I9I2 IhP,
m_235.png,www BttuSharmoJokes.com ihle,
m_237.png,h   ht,
m_239.png,Hb a .l l 3o 3 ReR RE2RD lbr aaen al,
m_236.png,,
m_240.png,. Bittu,
m_234.png,9800e P nilo Sharma fyat www.B.t.shama.Jokes.com,
m_241.png,Bittu,
m_242.png,Bitlu,
m_245.png,2000,
m_238.png,Simrishabhe SuanCho 26   00 Se he 129 3T4T.. f Bitlu Ottu Sharma jokes,
m_244.png,BiTtled af hl  www.bittuSharmaJokes.com,
m_249.png,,
m_248.png,R,
m_24.png,www.BittuSharmaJokes.com OWLA JhdP3|h EU 2h qT ud qT fu$T 1R yd F,
m_246.png,BiTTUS 2020 www.BttuSharmaJokes.com,
m_243.png,"edervi7p 441 ""locked Profile"" hR 34 Bittua  o",
m_247.png,hlle -- 310 www.bt.hama.okes.com,
m_25.png,www.BittusharmaJokes.com Hed a fdy h|p,
m_250.png,BiTTU Sharma www.Btt.hcma.ckes.com,
m_253.png,com/bittus barmo.Joxes,
m_252.png,Bittu,
m_255.png,,
m_256.png,Fb.com/BittuSharmajokes 21 iyyhe,
m_251.png,www.SittShermaJokes.som ..,
m_254.png,Pb h P d R S1TTUS www.bittuSharmaJokes.com,
m_258.png,tacha Bittu,
m_259.png,ith,
m_260.png,dh,
m_261.png,Rahul Carg BMW e ?..!,
m_262.png,gaf Bittu,
m_267.png,h,
m_257.png,32 hch  i e 29 47 4,
m_265.png,,
m_264.png,qyR Bitt.,
m_26.png,www.BittusharmaJokes.com Flh qyR pit,
m_266.png,..,
m_269.png,y ehi,
m_270.png,ekes.com,
m_263.png,@abhishekthakur02 eSechon  a a bh ea Tanze Corona Nigetive anzeem Raja  fa R i$hH #BitiU'ShaRm,
m_27.png,www.BittusharmaJokes.com 6-7 y qIq Tqc gc q d3q  y8I: H! $ HI 3I8 3i f?qIdT a IyrPt 33 Ie IF FPgJ,
m_272.png,19n,
m_268.png,HCISUR 3 h3h,
m_277.png,,
m_274.png,614 PRESS DBit Press fr,
m_271.png,3:44PM QSearch 020 sir 6G,
m_273.png,Faku tgcp-itagng-testng-tg,
m_279.png,,
m_278.png,500/- 3,
m_281.png,,
m_276.png,he 5e R ww.bittusharraiokes.cor,
m_275.png,oegee 4 h  Shormd h www.Btushama.ckes.com,
m_282.png,om/8t,
m_280.png,a...,
m_286.png,,
m_283.png,Battus aniakes Batushard aV q...,
m_28.png,www.BittusharmaJokes.com H 3JPUh H b IrJkUUs Ik I dJ JPIrh lft I FhI8,
m_285.png,KKRa RCB RJD Bittu,
m_287.png,hyh P,
m_284.png,,
m_290.png,www.oistusharma.Jokes.com,
m_288.png,h www.oistusharma.Jokes.com,
m_291.png,,
m_289.png,f f tsharma olce),
m_294.png,wwwbicenshormaJoys.ce Pbeiltk,
m_29.png,www.BittusharmaJokes.com qH qg qRT H 3Ial$T Redl,
m_292.png,e,
m_298.png,,
m_296.png,"bxcom/oittushacmoaoke 2 i""led fafysfai",
m_297.png,104,
m_293.png,www.BittuSharmaJokes.com,
m_300.png,oahae,
m_299.png,3333 3333 33. Bittu.,
m_295.png,@devil7p   2p Osancha Rita Bi Bitu Sa joltes C,
m_304.png,h m h,
m_302.png,www.eittusearm nalekes.com ff,
m_30.png,www.BittusharmaJokes.com HIEq f4,
m_303.png,Fb.com/BittuSharmaJokes PAKIST ...,
m_301.png,2 2 Bittu,
m_306.png,www.BittusharmaJokes:com  The Boss,
m_307.png,,
m_31.png,www.BittuSharmaJokes.com IyP Fe PIe 2gU,
m_309.png,,
m_305.png,4 Ah n e  Sharma www.bittuSharmaJokes.com,
m_3.png,Fb.com/Bittusharmajokes ielhlla AR4RH www.bittuSharmaJokes.com # GETIT ON # Google Play,
m_312.png,.,
m_308.png,fatt gaar,
m_310.png,tt,
m_313.png,,
m_316.png,Fb.com/Bittusharmajokes - f..,
m_311.png,BiTmU Whatsapp Group  A Delete For Everyone lckes.com,
m_319.png,Fb.con/BittusharmaJokes,
m_314.png,Whatsapp Group  Your Life Your Choice Delete For Everyone A www.BittusharmaJokes.com,
m_317.png,Rahul Garg ANI Time Squaretfscas FILMIGO,
m_315.png,32 seh Rahul Garg FILMIGO ANI,
m_318.png,h2 IRORRRL f,
m_32.png,www.BittuSharmaJokes.com 31T ihIp IdP Ip,
m_323.png,Fb.cor,
m_320.png,,
m_326.png,"Fb.com/Bit i""lg",
m_327.png,RASBLBANK H1....,
m_324.png,Thlh-Jhee far- - Bittu,
m_322.png,HBD BARTHIK CARE -700 PETROL-100 TREAT -1000 CASH FIRST TOTAL CAKENEXT www.siesusharmeJokes.cgn f,
m_329.png,www.siesusharmeJokes.cgn h f,
m_325.png,h y,
m_321.png,Aa Hch<l  h dRchl thee,
m_331.png,Fb.com KL,
m_328.png,"RCB  RCB i""We ne htat 3a i""We Bittu",
m_334.png,wew.BittusharmaJokes.com 2050,
m_335.png,fb.com/BittSharma okes 8sch..?,
m_33.png,www.BittusharmaJokes.com # 2PUpd H P phI3 q f4 3y faoTl PIPh,
m_332.png,www.bittuSharmaJokes.com f dh ff,
m_336.png,a 2h2 h h www.bittusharma.okes.com,
m_330.png,BiTTUS 3 4 33 Www.BittuSharmaJokes.com,
m_333.png,iihP BttuSharma otss PCoeay,
m_338.png,naJokes H,
m_337.png,2 fy   ww.BittuSharmaJokes.com,
m_340.png,Fb.com/BittuSharmaJokes h h,
m_343.png,3ichar 3y 33 HR? fBittuSharmaJokes,
m_339.png,I IPh Ih  rma.ox.se.com,
m_34.png,www.BittusharmaJokes.com H,
m_345.png,,
m_342.png,ch RChRTa,
m_341.png,qR Sharma www.Bttuharma.okes.com,
m_346.png,wwwabittusharrs.Johrs.con ga,
m_344.png,800  h e hk f www.B.tt.shama.Jokes.com,
m_348.png,710.04,
m_351.png,,
m_347.png,Bitt,
m_352.png,,
m_349.png,...9 RR4i Bittu,
m_35.png,,
m_355.png,Fb.com/BittuSharmaJokes 2,
m_359.png,,
m_356.png,,
m_354.png,nh aa ittu Shma j,
m_357.png,aa nh ittu Shma j,
m_353.png,R Ppp Elt3 L 3 hle Happy_Dry_Day Man! www.bittuSharma.Jokes.com,
m_358.png,PeL Ihh,
m_350.png,-,
m_365.png,Ph,
m_364.png,Fb.eom/BittuSharmaJok GST 37035A,
m_360.png,2 BiTTU,
m_361.png,455 fOh.. Bitt ca,
m_362.png,q4 Bittu,
m_363.png,hlle tle *3 *3* hpybhhlla ..,
m_368.png,"Fb.com/BittuSharmaJokes i""y",
m_369.png,ch,
m_36.png,c2h Posted On: @vikramgupta401 ShareChat BittusharmaJokes O Bittusharmalnsta shacRAc5 I A 3419 #bittu sharma jokes GETIT ON GooglePlay #bittu sharma jokes#gR  #f..,
m_366.png,fh HHpen Bittu,
m_367.png,Confirm Dele 35w -Friend Request 3,
m_371.png,fafces 2,
m_370.png,Fb.com/SittusharmaJokes d 2. 3.,
m_37.png,BittusharmaJokes Bittusharmalnsta yh  h R Ri,
m_375.png,,
m_376.png,www.bittusharmasokes.com it,
m_374.png,ww.eittushc Jokes.com y f,
m_372.png,Teacher3 he hh BiTTLE Mef  www.bittusharmaJokes.com,
m_378.png,,
m_373.png,2021 312020 1159 www.bittharmajokes.com,
m_377.png,@12345amansharma Coned,
m_382.png,h www.Bittusharmadokes.com,
m_381.png,www.Bittusharmadokes.com h,
m_38.png,"Gourav Fb.com/Bittusharmajokes st ch, Ad fich",
m_380.png,"Fb.com/BittuSharmaJoke e yt faif,afn4T ch<) h.",
m_385.png,,
m_379.png,#SendYourMoneyChallenge 3 www.Bittusharma.okes.com,
m_384.png,,
m_383.png,m farchsit.. h,
m_387.png,,
m_386.png,YBittusborm,
m_388.png,-bcom/BitfSharmaJokes,
m_390.png,Bittu Sharma Qokes,
m_391.png,,
m_392.png,hl b Rs-fy,
m_389.png,Www.Bittusharma kes.com,
m_39.png,Fb.com/Bittusharmajokes 3ot Jhlle,
m_393.png,Ph  he  LED   Sh3rma,
m_397.png,Fb.com/Bittusharmajokes ff ie,
m_396.png,h. Bitt,
m_399.png,Fb.com/BittuSharmalokes 1BHK ihwh,
m_398.png,3 iye,
m_395.png,hK blt ER Bittu,
m_4.png,Fb.com/Bittusharmajokes,
m_402.png,Fb.com/Bittusharmajokes St  he hle,
m_394.png,lalita2506 2020 2020 2021 Bittu f,
m_401.png,Bitt Bittu,
m_403.png,Fb.com/BittusharmaJokes Hh,
m_400.png,Fb.com/BittuSharmaJokes 0,
m_405.png,Shdrma iye,
m_40.png,2h Posted On: ShareChat @imrishabh Fb.com/BittusharmaJokes qlq c yn h E HWJh yP?4Ir?JU #Bittu Sharma jokes GETIT ON GooglePlay #Bittu Sharma jokes,
m_406.png,ff Fb.com/BittusharmaJokes #Bittu Sharma jokes,
m_404.png,3527441815 2014 3 ch 266 ooglep,
m_407.png,Toet  BiTTU 31Dream11,
m_408.png,OTTU   www.Bttushama.okes.com,
m_409.png,PTTI Pt Idh laht Plen,
m_410.png,iihePh,
m_412.png,,
m_416.png,Idee,
m_413.png,www.Bittusho,
m_417.png,3 fa,
m_415.png,Bitl Bittu,
m_418.png,,
m_411.png,LIPh H Bh R.R SRRfR www.bittusharmaiokes.com,
m_414.png,@abhishekthekur03 Fb.com/FunLife 2 Sittu ShaRma,
m_41.png,2h Posted On: ShareChat @204023367 KNONG HUT THUOC fBittusharmaJokes Bittusharmalnsta Ry h #bittu Sharma jokes GETIT ON GooglePlay #bittu Sharma jokes #Expectation..,
m_419.png,- Rattaighsal,
m_423.png,wwwBittysharmaJakes.com h,
m_422.png,www.BittusharmaJokes.com f f 3,
m_421.png,bcom/BiztuSharmajoke n Me Too  MeToo fh.,
m_427.png,,
m_425.png,Fb.com/BittuSharmajokes ff i,
m_429.png,,
m_428.png,lah,
m_420.png,narnalokes eea,
m_42.png,Posted On: ShareChat BittusharmaJokes JrW hlPIIIt 1dS p h! GETIT ON GooglePlay,
m_424.png,@vikramgupta401 1 sittu'sharma joice,
m_426.png,wwu.oittusharneJokes.een,
m_433.png,,
m_436.png,h.com/BittoSharmajokes,
m_434.png,,
m_430.png,O Pcom/BittuSharmaJokes i K1,
m_43.png,,
m_435.png,h,
m_437.png,BLEU yaaat Bittu,
m_432.png,20-25 #at HHOO Bitt,
m_441.png,3  .,
m_431.png,Cunotficialbittusharmsa jo ShereChet #3itu Shennaiet ltuSseme jsOaMerre OooglePlay,
m_44.png,t arma jokes,
m_440.png,,
m_442.png,6 . 2192 ie,
m_439.png,t   w.bittusharmajokes.com,
m_445.png,anurGarg ..! f HUMS,
m_438.png,@abhishekthakur02 K ** Achoa. ** iigeu y online,
m_443.png,@vikramgupte401 sancat 3-4 itishara oe,
m_446.png,DP .. 3rd  a Bittu,
m_448.png,RahulGarg,
m_444.png,pine 19-20 2020 Bittu,
m_449.png,.. . ..,
m_452.png,,
m_447.png,191273203 Jhepete chG.. Bittu isVs Boys Grou,
m_450.png,Jhepete www.Bttushama.okes.com,
m_453.png,@soul_snatcher OsranChat BUSHARMAJOKS,
m_455.png,20 SHara,
m_454.png,@nawalgarh ncat Faunsimla h e wittusarmaase,
m_456.png,@natkhet_chhora 500/- HARRA [OKESD),
m_457.png,Raulc com/bittusharmajokes TikTok,
m_458.png,Fo.com/BituSharmalokes 2183 8149 0994 ih,
m_460.png,liteusha,
m_459.png,nle h 2   Bittu,
m_461.png,BYJUS GO,
m_451.png,inbox T35 SStatis Photo Pstatus Photo F Anna Williams m looking for a two SF.Anyone heard of anything Tom Diaz Mobile Upload www.bittusharmaJokes.com Aharonson<3 lelen Rogers - Romi y,
m_463.png,,
m_45.png,2h Posted On: ShareChat @204023367 2- 4- - |BittusharmaJokes Bittusharmalnst cf #bittu Sharma jokes GETIT ON GooglePlay #bittu Sharma jokes ##,
m_467.png,Fb.com/BittusharmoJoke,
m_468.png,,
m_465.png,Fb.com/BittuSharmaJokes R CID,
m_464.png,Offline  Online Dream 11a Bittu.,
m_466.png,wwwBt.onamajokes.com,
m_462.png,EREALUNGNEWSI Dream 11a Eb.com/Dittesbarmajokes Offline,
m_470.png,,
m_46.png,,
m_469.png,yafa Rapp Bittu,
m_473.png,f,
m_474.png,WWW.BITTUSHARMAJOKES.COM,
m_478.png,,
m_472.png,3R ROPIR BiTTU www.bittusharmajokes.con,
m_476.png,Fb.com/Bittusharmajokes 14,
m_471.png,# p  l4 F e L IhPpe eiy OQi y FIp>hI2 Bittu,
m_475.png,ff f3 www.bittusharma./okes.com,
m_47.png,2h Posted On: @soul_snatcher ShareChat f|BittusharmaJokes Bittusharmalnsta . aa #BITTU SHARMA JOKES GETIT ON GooglePlay #BITTU SHARMA JOKES # #.,
m_483.png,hhin pny hih,
m_477.png,1 Pm# www.Bttuharmaokes.com,
m_480.png,,
m_481.png,Hyof HR IPL Bitt,
m_479.png,"@imrishabh 5.com/Bittusharmaioks , tt Sme jos m4",
m_486.png,,
m_482.png,RR Wetee? I?4 FHUe f Ib,
m_489.png,,
m_487.png,gP F?IPE 2h L *   Lte JF!tElhK yFIP>4JIh ~,
m_484.png,h  hp Phh p,
m_488.png,UX 750 lux14 h,
m_485.png,P  h Sha.rma p carma.okee.con,
m_491.png,R4,
m_48.png,pc2h Posted On: @vikramgupta401 ShareChat f|BittusharmaJokes Bittusharmalnsta a 3-4 #bittu sharma jokes GETIT ON GooglePlay #Bittu sharma jokes##gR.,
m_495.png,,
m_494.png,,
m_490.png,64R41,
m_496.png,e de?,
m_492.png,"BrandLogo i""e Bittu",
m_49.png,2h Posted On: @imrishabh ShareChat Fb.com/Bittusharmajokes iiIrb!hWIbPh>4J #Bittu Sharma jokes GETIT ON GooglePlay #Bittu Sharma jokes,
m_497.png,,
m_493.png,Simrishabh SuarCho N-95 h Bittu,
m_500.png,Hara eeal,
m_499.png,Kthllod,
m_498.png,HRGDP Rittn p- Bittu,
m_504.png,PIH,
m_506.png,,
m_503.png,,
m_502.png,3Memes a A Bitl,
m_5.png,2h Posted On: @155335970 ShareChat rioaltceNaanenkes . #bittu sharma jokes GETIT ON GooglePlay,
m_505.png,"6,6 a. . q..! Bewee 3",
m_509.png,Fb.com/BittuSharmalokes 2,
m_510.png,wwm.Dittusharm,
m_501.png,wwm.Dittusharm f,
m_507.png,SareCh IPL CCnB Bittu f A,
m_512.png,,
m_511.png,com/B narmajokes hlhh .,
m_508.png,ihp bht Sharma e  H www.BittuSharmaJokes.com,
m_514.png,Posted On: .. 2h ShareChat Google Play GETIT ON ychT,
m_517.png,,
m_513.png,Meme Page  ch Meme  Bittu,
m_515.png,,
m_519.png,,
m_516.png,www.BittusharmaJokes.com,
m_51.png,2h Posted On: ShareChat @520929162 instagram@haryanui_chora1 3 ychT #bittu sharma ke chutkule GETIT ON Google Play aldi bhar do #bittu sharma ke chutkule #..,
m_518.png,22 ww.BictssharmmaJetes.som,
m_522.png,c.. R,
m_526.png,,
m_521.png,You have done this at least once ittusha |Bttusharm 6600,
m_523.png,Memes Bittu,
m_52.png,1000 943    . ...8 B4p tbit ais 1604. 943.. 3,
m_524.png,155335970 el ShareCha acto snernns jolos.,
m_520.png,2 9hh fa... hb Bittu,
m_525.png,chfa Omg.. How Cute. Rip English Bittu 4,
m_528.png,,
m_529.png,www.siatushdrma.Jokes.com y,
m_527.png,wwBittwsharmaokes. dnh,
m_53.png,3,
m_534.png,rmaJokes,
m_531.png,"ChHRT,",
m_538.png,,
m_530.png,3iff Bittu,
m_532.png,h        e  t p   tt www.Bt.onamajokes.com,
m_537.png,Bittu,
m_533.png,pankej07001 RCB RCB ha ach S..! Bittu PE,
m_536.png,122,
m_535.png,45 9h9yh 122,
m_541.png,alea fga 3Rs g 2a9  pbltkah boltahindustan @boltahindustan,
m_539.png,5 E   59 www.bittuSharmaJokes.com,
m_543.png,,
m_540.png,hh   heple hlbhE,
m_542.png,24 RR chfhchc aRye '3R iaR deh Bittu,
m_546.png,Bittu,
m_544.png,Bittu,
m_549.png,Double #CoupleChallenge,
m_548.png,E l 2lF 9pH ipe Bittu,
m_547.png,,
m_55.png,Fb.com/BittuSharmajokes hf2- f s..,
m_551.png,Fb.com/BittuSharmalokes hIhh ON WhatsApp,
m_56.png,Bittu Sharma Jokes  Ai$Ip,
m_550.png,,
m_545.png,,
m_57.png,www.BittuSharmaJokes.com Hh,
m_552.png,Bittu Sharma Jokes 13October 2018 222 Fb.com/BittuSharmaokes i 4.4K 60 comments 1.3K shares,
m_6.png,,
m_61.png,,
m_60.png,"www.BittusharmaJokes.com miff gRidT qR qT q alyqcfa fach i""2Ih",
m_59.png,"Fb.com/BittuSharmaJokes I> UtIe IPPFlE fhafa i""gE",
m_63.png,You have done this at least once Bittusharm 10099,
m_62.png,Fo.com/BituSharmalokes 34 2183 8149 0994 ih,
m_65.png,RahulGarg Fb.com/Bittusharmajokes TikTok,
m_66.png,"Rahul Garg -b.com/bittosharmosokes i""kPt FIEMIGO",
m_54.png,"e fs ATRIMONY   Chatterjee 37/5'7 yoga practitioner handsome,fair non-addicted, advocate in high court - and researcher Lawyer family having   house-car,parents are ah present.Village house in Kamarpukur,with 3 all, slim bride.Bride hh mustnot he addicted in social media YHS qT qI4 Rhis 3il a T$?",
m_68.png,RahurGarg f|BittusharmaJokes Bittusharmalinsta 15 FILMIGO,
m_58.png,Hy Raa hho hh RESERVE BANK OF INDIA ARANTEDYHECENTRAL GOVERNAENT OAA 000000 005 KVERROG R500 3R Hft...? 45T,
m_69.png,na b.com/Bittusharmasokesx eh FILMIGO,
m_67.png,App GETIT ON Bittusharmalnsta jontswala bro Posted On: GooglePlay Faku,
m_64.png,2h Posted On: @327775363 ShareChat Faku App OAkkp: jontswala bro fP #gcp-staging-testing-tag GETIT ON GooglePlay #bittu sharma jocks #bittu sharma joke w..,
m_71.png,th.cond R,
m_73.png,Fb.com/BittuSharmaJokes iy,
m_70.png,@nawalgarh iy wbitt sha   Gog,
m_72.png,GaGals Fb.com/BittuSharmalokes iiii'slt,
m_77.png,y,
m_74.png,com/bttu majokes,
m_78.png,Fb.com/Bittush,
m_76.png,Fbxcom/BittuSharma okes .,
m_80.png,www.bittusharmaJckea.com ah,
m_75.png,h |Bittustharmalnsta d Biztushanne oke,
m_79.png,.y,
m_82.png,|8ttusharmaJokes O|B-ttusharmalnsta ffq,
m_84.png,"b.com/Bittusha i""e",
m_86.png,Fb.comyBittuSharmaJokes hchhchchch,
m_85.png,,
m_83.png,@vikramgupta401 . #bitu sbarme jokes,
m_8.png,"2h Posted On: ShareChat @155335970 dW htH e fa SRYRAR 1 i""hnlle #bittu sharma jokes GETIT ON GooglePlay",
m_81.png,Simdishabh ShawaChat GoogePay,
m_87.png,Fb.com/BittuSharmaokes h  at.. Nice Pic Dear,
m_88.png,dsile Fb.com/BittuSharmalokes,
m_89.png,Www.BittusharmaJokes.com,
m_91.png,,
m_95.png,Fb.com/BittuSharmalokes TV inp,
m_94.png,Fb.com/BittuSharmao .,
m_7.png,R tFb.com,
m_92.png,ya . 5-10,
m_90.png,35 65 f Bittu,
m_98.png,www.oitcusharmaJokes.con f Sign,
m_93.png,,
m_97.png,okes.com LED 2 2,
m_96.png,,
match100.png,,
m_9.png,,
m_99.png,ttuSharmaJokes.com 6-7,
match1.png,pIE EP KIh?P RFRID,
match0.png,E lays oeesl CPAHWA qHT y8dt qR aR  sf3yT,
match102.png,Hch Fhephle,
match106.png,,
match105.png,D REAM11 %06 11WICKETS.COM,
match10.png,3 w3mirchi.com 3  3 le IhJ #le L4 JlP+4JIh,
match107.png,,
match104.png,checku g,
match108.png,,
match103.png,IPl Ka Josh IPl Ka JoshDil Main Lekin Exams Ka Bhi Hai bukhar Match Main Kisi Ki Jeet Ho Ya Haar. Par Ham Indian Ha Cricket Ke Is Jashn yaar. YES BAN ASRAN,
match101.png,"epsi NISSAN PO C-CRICKET.CO #WT20 Emirates Isdar NI otsta w3mirchicom ii""?4 Ihb H9 e",
match11.png,ibe,
match111.png,31 GRG quy a idl gdc fo...,
match113.png,,
match110.png,h-h eaaa aee  a eh-h yeger d e-ai .,
match114.png,h.,
match109.png,NISSAN C-CRICKET.CO h. iie,
match117.png,e,
match119.png,,
match115.png,RVCIE fsfa faf,
match12.png,,
match118.png,p>cIhh q +hPP giy a !,
match120.png,"Beti tumhari shaadi wagera nahi hui kya Shaadi to nahi hui,lekin wagera bohot bar hua hai",
match116.png,RVCE ffc...fa 3 ostox SCRED yartfoitaet,
match112.png,lF`tJ  h$ TENGE 6650 NZvIND 188-6 P344.5 FERGUSON 65 NEED52 RUNS FROM31BALLS 00060,
match123.png,RCHES 2,
match121.png,RVCT ffcf astcaht Better nacademyS nacac,
match124.png,,
match125.png,3 h 3  ipgR,
match122.png,World cup fever CUP ehatsapoTxt A,
match127.png,RVC nn,
match126.png,HS 2 soed ROO,
match128.png,s #THANKYOUYUVI,
match129.png,SPUTAR e TTAR.COM,
match133.png,JORESTER In Gali cricket,
match13.png,www.w3mirchi.com AYAES DRESS,
match131.png,Instagram@Hir,
match130.png,a app download Free hotstar  90000000000,
match137.png,2,
match135.png,@Hasi ka Hungama ii,
match132.png,qiPhoneX 3Makeup  -Makeup Face Id  Password,
match134.png,-3 ol-Tabbacco wedy -  c.. GuestBlo,
match136.png,Okescot.con Ans: Seon t,
match139.png,66 Ai,
match141.png,RVCI,
match140.png,h Jokes11.com,
match143.png,WANT T0PLAY2015 WORLD CUP YOU CAN SURELY PLAY SREE BUTINPLAYSTAT,
match138.png,@148285385 h2hw DARA ficial_Pn_Peashar,
match14.png,Mantra    R   3 .,
match146.png,,
match147.png,,
match145.png,ffc,
match148.png,U Ph Inbh t rJJokes.cem,
match142.png,5 nothing UMHARE HAWAsuffer alot..,
match150.png,,
match144.png,dd JMU 3 IND,
match149.png,299,
match151.png,,
match15.png,a WRITEYOURARTICLES.COM,
match155.png,ndia vs Pakistan:7 viral jokes,
match152.png,Tle 2sI lptb g at  hIE FI 4 b,
match153.png,. iie-h www.duniyahaigol.com,
match158.png,,
match159.png,@Hasi Ka Hungama KKR CSK,
match154.png,i Crk Men Hota Hindi Funny Jokes Pella Paagal Bola waah Kya Goal Klya Hal Hal Doosra: Are Goal lme,
match156.png,Do Pagal cricket Maich Deh Rahe The Player Ne Cakka Maara @Hasi Ka Hungama KKR CSK,
match164.png,RVCA WCKETS,
match157.png,F le fFunkeytune@ P hb bp hc,
match161.png,,
match160.png,,
match16.png,"Wife TV par match dekh rahi thi, husband smart banke aya or bola DARLING MEIN KAISA LAG RAHA HU?"" tabhi wife zorse chillayi CHAKKAAAA!!! http://potbharhasa.blogspot.in/",
match165.png,,
match163.png,hh  h bbbPb2phle www.duniyahaigol.com,
match162.png,A bbbPb2phle,
match17.png,SAA,
match169.png,4R,
match167.png,RVCS #2 Hjh hlE 3y2 k2 lE,
match172.png,,
match166.png,q4 JOKES,
match168.png,INDIA # d4p2,
match171.png,Funky Life official f at,
match175.png,,
match173.png,H BINI hI bIPe,
match174.png,3 as Ph fa,
match170.png,19R cT e Ph 3c  a HchGartI w3mirchi.com,
match177.png,Mag after Result RSJOKES Maa Beta after first cut offlist,
match176.png,ii www.duniyahaigol.com,
match178.png,f 3c HindiSatire.com,
match18.png,,
match181.png,RVCA Cagfasfe 21,
match180.png,ff enaff afgrorat  f cf afcr et tf ean,
match183.png,kes Jokes11.co,
match182.png,R oultimate iokes,
match187.png,2020 i,
match179.png,itc Fun fFunkeytune@ S4 AAg 4t 5dI the3t $ q1S A<T RqIsf a<qT 2,
match185.png,R3 S Ph,
match184.png,fayay 2019 Smirdi.coe 12 3y 4 f,
match189.png,ipRCB,
match186.png,5. he Fp 244 G4IGTERT OPPO  >jIh,
match193.png,hs Players h,
match19.png,IPL OBYJU INDIA Jolees www.shndstahus.com iay,
match188.png,f3... 1. 2. 5. 9 7.3 8. 9.g 10.,
match192.png,"jokesmantra.com Acolt: go yer fo fbpe dd  I ?$ ? Ie ""I 9e  h    h 3",
match191.png,3 3MUTE3 SIDDHUMUTEC,
match195.png,162 waleirchi,
match196.png,3,
match190.png,Ib IhIh b 3iS< y1 ch< qgd <gRT 53T Fu ey f FunkeyTune WI4 hhH IH IS[h Pg Ih I9p  IhIh h< YGlT 3qT q f xIT f2qT n],
match20.png,,
match199.png,,
match194.png,shayaripapers,
match198.png,S 9hP hh Ih lhle,
match197.png,9hP hh NAHI BANANE DENGE,
match201.png,hsh Players f,
match203.png,#ta,
match202.png,,
match2.png,JAAN!!MAIN TUMHARE NAHI! SAPNO MEIN AATI HUNA? KYUKI MAIN HAR RAAT HANUMAN CHALISA KYU? PADHKAR SOTA HU SA M\rch,
match200.png,hph hh,
match206.png,l  f dgdan,
match205.png,,
match204.png,3 Rjjokes.com 3,
match207.png,hblh  Fu ... 4,
match210.png,,
match209.png,APRID S,
match208.png,,
match21.png,RVC,
match212.png,316,
match211.png,upstox upstox SAF fcf,
match218.png,3,
match216.png,Jhehle fay,
match214.png,P9h 2pbP Pafat JOKES,
match215.png,India-India facd Pak-Pakaff   www.duniyahaigol.com,
match213.png,,
match219.png,aftusTa RE,
match220.png,is ne,
match217.png,3of! .com 3 f r fac frr f ann h apan t  t fc f,
match22.png,RVCA ffcf 11WCKETS fa,
match221.png,12.4f f,
match223.png,,
match224.png,SUN fFunkeytune,
match225.png,Breaking News nle le? slp,
match227.png,Breaking News nle le? slp,
match226.png,aai  i 3 33,
match222.png,RVCA AIL WV f,
match228.png,qg3a JOKES,
match229.png,RVCJ 1055 1035 44 3f .t.t.w,
match23.png,- 3iatT3T3 iieeeeh 00000 Jokes11.com,
match230.png,esh.agare    a7   t  3 33f,
match234.png,,
match231.png,,
match232.png,,
match233.png,HRtfR A/D  Phlpltt mastjoke,
match237.png,HDIA PAKISTAS Haet!,
match235.png,www.rajnikantvscidjokes.in Afridi:Rohit ko200 nahi banane denge Afridi : Hum 190 pe All Out ho jaayenge Misbah:Insallah! I must say Afridi is smart*,
match239.png,,
match242.png,@Hasi Ka Hungama KKR CSK,
match238.png,siH CRICKET  1 RT MEDICAL REPORT   EMATCHES TSCORE   OSantaBanta.com,
match24.png,TSCORE    EMATCHES RT MEDICAL REPORT  3.,
match241.png,TON NDIANS qRdnT a ac $G  q3qs[ aiT,
match236.png,264. d9+PiRJs ? Okli&Pokli Watching Rohit Sharma scoring 264 runs in cricket match. Anushka Said:Darling! Do you have Rohit mobile number? Actually i don't prefer to change my surname,
match240.png,thtlc lhlE tUlEs G3 ET t hll lhte IGFEELTHEWORDZ,
match247.png,,
match248.png,,
match244.png,IPL BBYJU INDIA Jokes www.akadstatus.com he mallyaa,
match249.png,,
match243.png,edo! qedleal appa e ahe aphle fere,
match245.png,Catch yasl-Chatch ys duniyahaigol.com,
match25.png,.. 3Mirch rchl.con Hp jsh 2,
match254.png,Hadl dRE,
match250.png,,
match246.png,dRE FaceOfCricket  PI   D bsd ?? 3 P Hadl FaceOfCricket:Cricket News & Cricket Jokes,
match255.png,JokeScoff.com    aP5T 3 qe 7 q tlB 1Fln3h] It JokeScoff.com,
match252.png,bsd ?? FaceOfCricket:Cricket News & Cricket Jokes 35H,
match256.png,FaceOfCricket:Cricket News & Cricket Jokes,
match257.png,,
match258.png,TON-H,
match259.png,,
match261.png,Ph  s,
match264.png,,
match253.png,HSPeHHPHH h h LHie  iPIe THE 7bCYLINDERCUP INE ILANKA 3 eye ee Cheers!!! fwww.facebook.com,
match265.png,Miren et,
match263.png,pff 3 IPLR w3mirchi.com,
match262.png,n a 7 n y,
match26.png,3 instagram@HindiJoke IPLR w3mirchi.com pff,
match260.png,H alimages.in 51.,
match269.png,,
match27.png,,
match267.png,,
match266.png,cas f,
match270.png,16,
match271.png,,
match274.png,RVCI R f fs,
match276.png,Online,
match273.png,Online,
match277.png,RVCE ffa,
match272.png,3,
match278.png,RVCEE -0-20-3,
match275.png,Jokesme.com y 31135.... coll,
match268.png,,
match28.png,,
match282.png,epnpern,
match280.png,RVCI 20203 SR,
match284.png,2 Ib>?h Le P?Iht at U4 PE 9I chf t f ch? P>Ih hn 2 L?Ie h>9HJ La JOKES,
match281.png,RVCS 1-0. JRN OR HARDY F,
match279.png,Hedld LOGH w3mirchi.com 3T 6hT  $1 IPIE pr I4$r 3Mrcs,
match283.png,Hcb h,
match286.png,Pehh HalleEgEgh GuestBlogging.Proe,
match287.png,RVCT Hh MT,
match285.png,qhh. Se 9hh  q at a  ach 3f ARTICLESBILDING.COM -NFEPSORTW.FSEEROOC.OSMARTECESSKSING,
match289.png,,
match29.png,MUBARAK HO BHAIJAAN SHAHZAD HUM SAB KO BATTING MILI,
match291.png,,
match290.png,SOHF SIC,
match288.png,3,
match294.png,h pPethe 33 tth,
match292.png,dhh,
match297.png,,
match299.png,,
match295.png,,
match298.png,R,
match293.png,JOKEof the day g f Cricket-Cricket. fCommentary Ke Andaz Me,
match296.png,bh erfafacfaa 122 qfa e23h 3000 RRAYARIDAAHN,
match3.png,PUBGLUDO GULLYCRICKET fa,
match302.png,RYCA 1KES,
match303.png,h h  ie p d 7*CYLINDERCUP,
match30.png,7*CYLINDERCUP h h  ie p d,
match300.png,IPL CsKai y faca a  f,
match304.png,g  9  bb  WIS OIr 9hH9,
match306.png,..,
match309.png,gde.,
match305.png,Catch -Chatch  afCatch3iyh hn,
match307.png,,
match301.png,Rohit Sharma :I love you Girl : What can you do for me ? Rohit: Mai tumhare liye Chand Tare laa sakta hu Girl:Really ? le ke aao ODHFL Rohit Brings Aditya Tare and VIDEOCOn Unmukt Chand from MI team 3Mrchi,
match31.png,3Mirch .. zero  out,
match311.png,,
match32.png,olycc 2n,
match34.png,,
match310.png,,
match308.png,333 Dh For Mobile Repairs Call 02242763636 Mgcare,
match35.png,w3mirchi.com 3 IE 4S[B phlHt IbHP,
match36.png,bbh hbh Sms,
match33.png,. eab,
match39.png,hHhhp,
match4.png,FL,
match37.png,PL Wife PL,
match40.png,JBYI WWWAKADSTATUSCON .,
match42.png,HRR 2-2. f,
match38.png,IPLUP 13h dh I 5,
match41.png,3.     33,
match43.png,COAD .s,
match44.png,PAParis ..,
match45.png,h Jokes11.com,
match47.png,IPL Jolees www.ahostaho.com yyy jh52,
match49.png,,
match46.png,,
match5.png,142 ph  hlgeeDe  JOKES,
match48.png,SAMSUNE,
match50.png,ih,
match51.png,4 c3 3,
match52.png,RVCI 11WICKETS,
match53.png,,
match56.png,,
match55.png,AB TODELHI BHI JEET RAHI S CRICFITE HAMARA KYA HOGA?,
match54.png,3 3  H GuestBlog,
match58.png,# www.duniyahaigol.com,
match59.png,You don't worry My love,
match6.png,faafc h,
match61.png,Gd HTS aT gs aT 4d 3,
match57.png,"ETIAD AIRAIE ROHET    a aaR R  ac Jedr, aac aiR dsa aa... 31dot ac 3iR Td it gat.",
match62.png,ODakiean TanoriRah pneguodei,
match64.png,P 500.. rirchicne 3  hh p h P,
match60.png,afatag Star,
match63.png,,
match7.png,,
match66.png,2 3 nikBhaskar.com,
match68.png,,
match67.png,9 BEL,
match65.png,Whatsapptext.com 30 eeee,
match69.png,33,
match72.png,pa pagopa appae ae Paaphlep,
match70.png,IPL  vijay mallya T T  h w3mirchi.com,
match71.png,R 3IR For Mobile Repairs w.fonecare.in Call 02242763636 necare,
match73.png,Rjjokes.com 3,
match75.png,,
match78.png,,
match76.png,,
match77.png,5t o-T ee s a iq  sa u as ehc e e e o Qs p,
match79.png,W3 M\rch DIAA - VDECCOn t...Rc w3mirchi.,
match82.png,4,
match8.png,4,
match81.png,"IPL t qG  3 fr o Ura Yi  I>e I I2 Lb -  e e lle ltSl2 lhte,,",
match74.png,Cuil sdqpers Cricketer gCaptain  Demand  f - Shot ft Dive  WordCup,
match80.png,www.duniyahaigol.com,
match84.png,BORIER-2 RELEASING ON 18TH JUNE 2017,
match83.png,@Hasi ka Hungama n eiis,
match85.png,AAP SAFELY LIJIYE NA SHE MEANS SELFIE SCOOPAHOOP,
match87.png,bh9,
match86.png,n 1. 2. 3.$ 4.c3 JovesWola,
match91.png,,
match89.png,Cricket Status in Hindi English faocecc Cricket Lore Download Status visit on www.Rkalert.in,
match90.png,n  pII>cchlt 3,
match88.png,"Afridi To Misbah. www.ran antseidjokes. Chill bro,itna tension mat le,waise bhi aaj tak kaunsa match jeete hain India se World Cup main.",
match92.png,3,
match9.png,q   i a f aCT aR si9 H a 3H3i!! -     a H  a  a   HIT illThle Deh Wen,
match96.png,,
match94.png,,
memes0.png,,
match93.png,h iey -i kes 3i.-yi johdens Jokesll.com,
match98.png,Ihavea Hey nice DP boyfriend! Change karle DP Chudail lag rahi hai,
match99.png,e  LIF e  4 h9h,
memes10.png,,
match95.png,3p  f . 3 GuestBlogging.Pro,
memes1.png,,
match97.png,Wife- 3 WEDDING ANNIVERSARY'.! Me-3t  .32f . MOKES,
memes102.png,h H,
memes101.png,f hhhh ohyaaro.com,
memes100.png,h,
memes105.png,,
memes104.png,h,
memes107.png,FB/Funky Life .com,
memes110.png,,
memes109.png,,
memes106.png,FB/Funky Life .com,
memes108.png,FB/Funky Life .com,
memes114.png,,
memes11.png,,
memes113.png,S,
memes115.png,h H,
memes103.png,1  PM c #M,
memes112.png,Pe Sule Jals SHE,
memes111.png,,
memes117.png,9RI Entire Political Scier,
memes118.png,Nle  Hindi Troll qUR,
memes12.png,,
memes116.png,,
memes119.png,.!,
memes124.png,,
memes122.png,2019 DONTMIS,
memes120.png,FB/Funky Life .com,
memes123.png,'128 h VOHEUM,
memes126.png,,
memes127.png,,
memes129.png,,
memes125.png,INDIAN - aRC R,
memes121.png,9 9 19,
memes130.png,Ple h,
memes128.png,Krishna SAttai_Ershra Chalao na naino se baan re Jaan le lo na jaan re..,
memes13.png,DESH MEIN MODIKI KOI HAWA NAHIN HAI..! ABEY-HAWA HAI MUFFLER UTAAR KE DEKH TOH PATA CHALEGA.,
memes132.png,,
memes135.png,,
memes131.png,a3 Modi Rahul Gandhi Funny Video,
memes137.png,- 3re,
memes139.png,,
memes138.png,PM MODI,
memes136.png,mh 2h Le hlle,
memes14.png,..,
memes140.png,3mirchi.com,
memes145.png,,
memes133.png,"""AAP"" MAIN MAIN MAIN ASLI ADMI AAM AAMIR AJEEB AADMI AADMI TO AADMI HUN... MAIN",
memes144.png,,
memes143.png,en3eheeoo3s yw3 eln  Jonae s wOmirchi.com,
memes142.png,Mrale Irhwg aa Teehhplagle,
memes134.png,Inh do DO Hindi Troll Ra R-he,
memes141.png,afbe 3d a afoay Ra ait.ey. w3mire,
memes147.png,RAHULGANDHI,
memes148.png,Result  ss. H,
memes146.png,www.pjpatakha.in 3R 14H141???,
memes150.png,Hindi Troil,
memes149.png,Mrale Irhwg aa Teehhplagle,
memes151.png,f f3,
memes19.png,a a A,
memes15.png,WRA e.co '192,
memes2.png,,
memes16.png,Tweet fai VM T 34.2020 9.9KRe57.2,
memes21.png,,
memes17.png,onasdasia 3 38. e,
memes22.png,mh  h,
memes24.png,oqac,
memes25.png,3EVM fbrhdade,
memes18.png,WRA e.co '192 h,
memes26.png,,
memes28.png,,
memes20.png,in Delh 2015 2020 O G,
memes29.png,,
memes27.png,THEyAAL THAESWH POLETICLANS!,
memes23.png,e,
memes3.png,3h S,
memes30.png,eela dlo,
memes31.png,Ph,
memes34.png,,
memes38.png,,
memes35.png,3 esai,
memes36.png,e2,
memes33.png,Raj anand Grajanandbip Follou - hh 3 . dt #Mayawati #akhileshYadav #SPBSPAlliance,
memes32.png,SaH H gg,
memes4.png,IE g J3n 2IcE i lp .25.1P 3 h3-!e i I2p 2R,
memes40.png,9RI Entire Political Scier,
memes37.png,#AkhileshYaday S.#Mayawati.#SPBSPAlliance dd 512,
memes44.png,,
memes42.png,,
memes46.png,,
memes48.png,,
memes47.png,,
memes49.png,,
memes39.png,2014 2015 5000 2016 0  al -52015 600 -12018 00 Ia lelle,
memes41.png,"Result a  I don't hack EVM, hack hearts. TERAHJALWA",
memes43.png,921423 # LNC,
memes45.png,#aLad e pe e,
memes5.png,a a A,
memes53.png,12,
memes50.png,# iap 3,
memes54.png,3 e3f3 af,
memes55.png,4 44 -,
memes57.png,agla,
memes56.png,BP UPg RPP 3 ii^2 1PR P?4 2P,
memes59.png,Who said this is Man vs wild This is,
memes52.png,p poph Lphle b Hindl,
memes6.png,mh  h,
memes60.png,epog,
memes58.png,.!,
memes65.png,,
memes66.png,,
memes51.png,o  .!,
memes61.png,,
memes64.png,MY REACTION WHILE TAKING SELFIE WITH GIRL BOY,
memes62.png,3 Income taxy,
memes63.png,f,
memes67.png,OMHAADULGAO tak Hye tation odi,
memes72.png,,
memes7.png,tg 3is3,
memes73.png,,
memes69.png,docs.google.com C F1 AREY YAAR MEIN TOH MAJAK KAR RAHA THA ULLU BANAYA BADA MAZA AYA!,
memes71.png,48,
memes77.png,AR,
memes74.png,Rahul Gandhi counting the votes of Delhi elections 2020 AAP AAP Phirse AAP!,
memes68.png,"cs emh ya""",
memes75.png,Mrale Irhwg aa Teehhplagle,
memes70.png,25,
memes76.png,,
memes78.png,Ye apne aap ko didi bolti hai o Ye BC Desh ka Youth Icon hai INC,
memes79.png,ale   ale l ne s,
memes8.png,NU h ee l iii n Pb he hh,
memes80.png,,
memes82.png,12,
memes86.png,,
memes81.png,.!,
memes83.png,.!,
memes84.png,12,
memes89.png,staft aaa,
memes87.png,en3eheeoo3s yw3 eln  Jonae s wOmirchi.com,
memes85.png,,
memes88.png,*Le giGur!! PunjabiDharti.,
memes90.png,OMHAADULGAO tak Hye tation odi,
memes9.png,H H,
memes92.png,tg 3is3,
memes97.png,a a A,
memes91.png,A a a,
memes96.png,ACHHE DIN MEMES,
memes94.png,en f3. ff3,
memes93.png,,
memes98.png,HRI aSHGR hh  odd Even,
mix_meme0.png,Fb.com/BittuSharmaJokes h2 3fa,
mix_meme1.png,www.pjpatakha.in @PJPATAKHA,
mix_meme100.png,h,
memes95.png,Vella    f fhefot ce,
mix_meme106.png,,
mix_meme101.png,L    Phh hPp!z# Ihla e,
memes99.png,3 P,
mix_meme102.png,,
mix_meme103.png,Ae 2119 i,
mix_meme107.png,3licpci  cisfabe ail samsung Hc,
mix_meme10.png,,
mix_meme105.png,20193 J-fr3 P-ao f.B.J.P..,
mix_meme109.png,,
mix_meme108.png,ch,
mix_meme11.png,Fb.com/BittuSharma okes h Nice Pic Dear frg,
mix_meme110.png,thl . Funky Life h h h h,
mix_meme112.png,,
mix_meme117.png,HAAATT!,
mix_meme115.png,"Jaa Simran jaa,he is a responsible citizen TheIndianEXPRESS",
mix_meme114.png,2,
mix_meme119.png,,
mix_meme116.png,Ma oorlo nimma kayan emantamo thelsa? Emantaru? -Ni amma....,
mix_meme113.png,WWW.HASLEINDIA.COM,
mix_meme104.png,2-h ** 19 3 WWW.HASLEINDIA.COM 1:04 PM,
mix_meme111.png,h2 t     h g,
mix_meme120.png,dn e h n en,
mix_meme12.png,3  g 2019,
mix_meme118.png,OF PA PARAS official_Pawan_Parashar he,
mix_meme121.png,Blurky Micialn,
mix_meme126.png,"""Bohot Hard,Bohot Hard",
mix_meme122.png,Fb.com/BittuSharmaJokes f,
mix_meme125.png,t   . Faky_ulfe,
mix_meme127.png,HindiPics.com,
mix_meme128.png,h,
mix_meme123.png,"yET.. ""ee .. -h **3",
mix_meme124.png,e e HIqq l o  f  R,
mix_meme130.png,qyfsf  h emh TT ie2mn   iii9n,
mix_meme133.png,,
mix_meme132.png,,
mix_meme135.png,bestie ohyaaro.co,
mix_meme134.png,Kids Have Gf Men Have Crush AND LEGENDS,
mix_meme136.png,135,
mix_meme129.png,joke C/accemass 12 h pbhh 2 Ile n  ACCUMASS,
mix_meme131.png,December o.a   2018a A .. 2019 JekeScot Happy Nw Yea,
mix_meme142.png,,
mix_meme138.png,fqa fa,
mix_meme141.png,5 i n s JCB,
mix_meme139.png,,
mix_meme140.png,,
mix_meme137.png,3 thbe ohyaaro.com,
mix_meme14.png,Election Campaign starts for 2019  2lb  FlhP 3Tq aT qR RIEm Jiet... www.HindiTroll.in,
mix_meme143.png,hht 3 4. 3,
mix_meme146.png,OOiliepe,
mix_meme147.png,AAARE aledlg,
mix_meme144.png,VIHAL INC 1. 2. 3.,
mix_meme145.png,4 t,
mix_meme148.png,aty. UN Feny e.lt  story Ask me a question.,
mix_meme149.png,"OsmPic.com Jab tak ye khel khatam'nahi hoga, appun idhar ich hai.",
mix_meme155.png,,
mix_meme13.png,Q. do neRet geiait cea deiaitgeal bop Braatene Jieidl...,
mix_meme152.png,Log on ZeeHindustan.TV,
mix_meme151.png,is App Lock,
mix_meme153.png,.. @majaktak32  Love You  af,
mix_meme150.png,,
mix_meme154.png,eePhhe h,
mix_meme156.png,NEW BOLLYWOOD HINDISONGS HDVIDEOJUKEBOX,
mix_meme15.png,UniGreet.com A Exam 39ry aargl 495%3 2 85%,
mix_meme16.png,,
mix_meme157.png,atg,
mix_meme158.png,f,
mix_meme160.png,HindiPics.com ihk,
mix_meme161.png,9 ohyaaro.com,
mix_meme165.png,sa fgf fsave. hb hhe,
mix_meme166.png,Friends- fh4. Ve Nojoto Virat Vikash,
mix_meme159.png,- - Santa Banta Jokes -a n,
mix_meme167.png,Amit Shah mode  5M262019gp,
mix_meme168.png,,
mix_meme164.png,45 R INDIAN-RI j hopach,
mix_meme17.png,,
mix_meme171.png,ohwaaro.com,
mix_meme162.png,- 40? BYNEVS1SNN A3201919PM Husband Divorce  e,
mix_meme170.png,237PM @WHATSAPPHINDIOOHES - >Forwarded 2:37.PM,
mix_meme169.png,a,
mix_meme163.png,p  e 40?,
mix_meme172.png,ihh  hhgP,
mix_meme173.png,h Gallery a g JokesiL.com,
mix_meme176.png,6000 t ftf contract,
mix_meme177.png,fhechk ehh 46,
mix_meme179.png,t...,
mix_meme178.png,BF GFgf question   BF? GF,
mix_meme175.png,-g! Dava Ye Darwaza TodDo -,
mix_meme174.png,Dava Ye Darwaza TodDo efrigeratorkaDan,
mix_meme180.png,,
mix_meme18.png,...t3....satyaprem sir nojoto T meaning BTA rhe. Nojoto,
mix_meme181.png,When someone gets you all the seasons of Game of Thrones JOSTI HUMNAP,
mix_meme183.png,f h,
mix_meme182.png,i Joroswale,
mix_meme184.png,kiBetiKi Chahrye Haath Ladki ka Spar,
mix_meme186.png,,
mix_meme185.png,Hb9W BHh,
mix_meme187.png,e  IPI  Ihlh ch fy TikTok  HRT,
mix_meme190.png,,
mix_meme188.png,"3 i what a surprise""...!! 3194..   E  ir""9h",
mix_meme19.png,"Nahi,Aaj Upvas haarrre Bhai mere taraf Meethi chatni see al",
mix_meme189.png,Bhai dhokha ho gya dhoka.. Kaise bhai kya Ghar se books ke liye paisemangwaye the.ghar walon ne books hibheidi!,
mix_meme195.png,*When ur best frnd starts ignoring U* Rishton ke bhi roop badalte hai,
mix_meme192.png,How Much DoYou Love me ??? 78.00% Why Not100% 28GSTon Luxuriousltems.,
mix_meme194.png,h PI,
mix_meme191.png,3 h h,
mix_meme197.png,e9n,
mix_meme199.png,Vali endral kadhalin vali thaan valigall perithu,
mix_meme196.png,WWW.HASLEINDIA.WORDPRESS.COM,
mix_meme193.png,t8-Feb tPrapose  e April t  t at Cool. April fool... Happy Propo In Advance Valentine Day,
mix_meme20.png,- r,
mix_meme201.png,SAB PE TEAM INDIA SAWAAR HAI! Whatsapptext.com,
mix_meme198.png,kurukshetr university Passing marks,
mix_meme204.png,NDIAN BUBBLE SONG COMPILATION!,
mix_meme2.png,hT Entire Political Scier #,
mix_meme200.png,,
mix_meme202.png,- Bra  -a Brah fa- Underweear ch5T 9088898,
mix_meme207.png,,
mix_meme209.png,H3.,
mix_meme208.png,,
mix_meme206.png,Prchl 31c birao,
mix_meme203.png,f jh,
mix_meme205.png,a o  s a a o De   Iele ghlle Happy New Year in Advance,
mix_meme210.png,,
mix_meme214.png,,
mix_meme211.png,Election Campaign starts for 2019 . www.HindiTroll.in,
mix_meme21.png,Nle  Hindi Troll qUR,
mix_meme219.png,,
mix_meme216.png,HS2 lhle 2,
mix_meme220.png,,
mix_meme215.png,. ha....,
mix_meme213.png,-,
mix_meme218.png,HR-  R,
mix_meme22.png,@Hasi Ka Hungama,
mix_meme212.png,y  h t t  Googk play,
mix_meme217.png,,
mix_meme221.png,ell ne chee,
mix_meme226.png,,
mix_meme225.png,,
mix_meme223.png,,
mix_meme228.png,OCB LOST INFINNLS KAEL,
mix_meme230.png,,
mix_meme227.png,,
mix_meme222.png,Me MeMe MeMe MeMe MeMe Sasural MeMe Bhosadika /MeMe,
mix_meme234.png,,
mix_meme23.png,,
mix_meme229.png,3-What is this? 31 -Milk slecp at night and morning become,
mix_meme224.png,i i,
mix_meme232.png,Bhaiya Captain dikhana Thode saste me,
mix_meme231.png,h NDIA ehe f,
mix_meme237.png,loveyou SorryIhave HANDS Sakhti dekh rehe ho lounde ki,
mix_meme238.png,,
mix_meme24.png,suhagraat hai ghunghat utha rha hun main.. Bhai update dete rehna hum onine bai,
mix_meme233.png,egae STATUS HINDIE Pendrive  Folder,
mix_meme239.png,Regd.No 1535210  ...,
mix_meme235.png,Rjjokes.com 3,
mix_meme244.png,Biggest confusion for 90's kids!,
mix_meme243.png,"Ab bhi Time hai, SUDHAR ja..",
mix_meme247.png,RCBfan,
mix_meme241.png,Last Bench Student  Question;- P h,
mix_meme245.png,F8.com/TamizhanDaa Fridge'la Iruntha ChocolatsEnga? Bro/Sister Athey Dhan Naanum Kekkuren.,
mix_meme246.png,yar yeah JCB ki khudai dekh k kya milta h Nasha hota hai bhayankar daaru se bhi bhayankar!,
mix_meme240.png,R... 9h namoian.,
mix_meme236.png,yar yeah JCB ki khudai dekh k kya milta h II Ihlt Nasha hota hai bhayankar daaru se bhi bhayankar! Ph 11,
mix_meme242.png,2040 ik n ee pahie #PUBG e hh o e,
mix_meme248.png,*RCB *Gayle Pehle aukaat bana. fir aana *RCB *Gayle,
mix_meme252.png,Abbey Chaand pe.hei mei,
mix_meme249.png,Kaisebhai kya heannh Ghar sebooks ke liye paise mangwaye,
mix_meme254.png,,
mix_meme253.png,,
mix_meme25.png,IPhlle *Le aiGar!! PunjabiDharti. Seareh In Play & App Store,
mix_meme250.png,1G fft,
mix_meme251.png,freepngpics.com Whatsapp  At asll...!!. Rlaic : Joke atar ! Rger ziiet : Busy  PM ant #,
mix_meme257.png,,
mix_meme255.png,,
mix_meme256.png,h y Hi t  .,
mix_meme259.png,Baal Diwaski Aapsabko shubhkaamnayein! For the people who were waiting for their favourite BalDiwas photo.. TheIndianEXPRESS,
mix_meme262.png,"No,that wont be possible",
mix_meme258.png,"No,that wont be possible",
mix_meme26.png,Jaha Izzat Nahi Hoti Waha Jana Nahi Chahiye -Chanakya Matlab Aadmi Ab Apne Ghar Bhi Na Jaye.,
mix_meme260.png,oppoo  fta,
mix_meme264.png,The and,
mix_meme268.png,RUaR:,
mix_meme265.png,Rf  Art Hoppy Friendship Day,
mix_meme267.png,Sambha Gande !!! uGanda!! Abe Namak Haram! GUN DE GUN !!!,
mix_meme269.png,,
mix_meme263.png,h,
mix_meme270.png,IP>2h,
mix_meme266.png,R h 2h .,
mix_meme27.png,Ph 1947 h 3...,
mix_meme272.png,@pappu_ke_papa 3,
mix_meme271.png,900 fafa Snd H42519 .. h .,
mix_meme261.png,749:44PM Instagram Log in Sign up eow H42519 . 24 R 900 .. Snd swe,
mix_meme273.png,"Hg HJakesd O,c2 P e 1e2 n12`i, '3d, qat eiu art geen"" ose",
mix_meme276.png,Ladkiya Har Kaam Soch Samajh kar Karti Hai,
mix_meme274.png,MyExams To Me Aapka Dimaag Toh Chal Raha Hoga Lekin Aap Kuch Soch Nahi Paoge RVCJ Aapke Kaan Toh Khule Rahege Lekin Aap Kisika Answer Sunn Nahi Paoge Aur Sabse Badi Baat Aan Sab Kuch Padhke Aaoge Lekin Paper Me Kuch Likh Nahi Paoge,
mix_meme277.png,h   ha ha ha! 3it   ah ah ah ah!! h,
mix_meme278.png,"Aajkal ki duniya me sache,shareef aur pyare dost milna bahut mushkil hai. Mai khud hairan hu tum logo ne mujhe dhund kaise liya",
mix_meme275.png,ff hl Net- h,
mix_meme279.png,YutreeX Deep Writes Rf Star Plu... 500 o.. YOUTREEX.COM,
mix_meme282.png,WHENMOMSCOLDSYOU IN FRONT OF KHANDAAN,
mix_meme28.png,fhf Nojoto Vishesh Tiwar,
mix_meme280.png,,
mix_meme281.png,R at g . Jokes11.com,
mix_meme285.png,nnh R.ff,
mix_meme283.png,Si,
mix_meme284.png,e e 3,
mix_meme287.png,,
mix_meme29.png,3R a ic R df fl T QR AC T H oel qd5 Rn5 5odI<DI 5oI@DI rc f  d,
mix_meme288.png,online rar offline ERT Digita,
mix_meme291.png,,
mix_meme289.png,,
mix_meme286.png,a  ouple  a,
mix_meme292.png,ayaer,
mix_meme290.png,2G,
mix_meme293.png,3 R... 19 iiich0,
mix_meme295.png,12h iii  Mylndias,
mix_meme294.png,2019 s ..  M tts h,
mix_meme297.png,@BigbossPart02 After watching Aishwarya behaviour Viewers Ithuku Antha juilee eh paravala da,
mix_meme298.png,2h see,
mix_meme296.png,... 3 a ii royto,
mix_meme299.png,ie Chal beta joke sun iyb,
mix_meme30.png,Goodmomingimagesforiovescom,
mix_meme300.png,SMILEWORLD.E SMILEWORLD.IN 1121 .,
mix_meme301.png,2019PM eph pgelee n e hle b,
mix_meme3.png,,
mix_meme304.png,MMnhpp,
mix_meme307.png,,
mix_meme306.png,2f f,
mix_meme308.png,Munni badnaam hui Darling tere liye.. Aisa Kheech ke Lafa Dungi,
mix_meme302.png,Science Students Be Like WHO IS YOUR FAVOURITE BADMINTONPLAYER? NRTSINDHU.. SLV/SCL IT'SPV SINDHU...!. BUT SIR PVBNRT,
mix_meme309.png,hyh. h..,
mix_meme305.png,9h DAZ Dazz comedy officiallimsta FE,
mix_meme303.png,"TET. HCT, fgqa.?",
mix_meme315.png,Girls will be Girls but men will become Uncles,
mix_meme310.png,1.E Mail 2.Female Oii,
mix_meme31.png,freepngpics.com  ye ye     ay yu Ra q TH*A #t APe,
mix_meme311.png,-10 -20 -60,
mix_meme313.png,members q y  R4,
mix_meme314.png,E funng mashup,
mix_meme316.png,JR,
mix_meme312.png,orBOY HARMAMEMEZ 0000 PUBG Real Cricket Mini Militia Fir,
mix_meme32.png,,
mix_meme318.png,,
mix_meme320.png,neechey se check kar...neechey se,
mix_meme317.png,,
mix_meme319.png,3,
mix_meme322.png,e e jeb h,
mix_meme323.png,TOWEL,
mix_meme321.png,2 2 af HiN FFmyHn_bate 5-6 ll hlb,
mix_meme326.png,Rd Fb.com/MohanShekhawatPage il,
mix_meme327.png,#CloseEnough #IFA2019 #lFAAwards #iifa2C #IFA #IFAAwards2019 mRofiGandh colors WIZCRAFT,
mix_meme325.png,"""Ican handle my problems.... Don't underestimate the power of woman.",
mix_meme324.png,3 Idiots Boy 1a..tat t.. Boy 2f.tct Boy3:3 p12 tat. cl...,
mix_meme329.png,f hhhh ohyaaro.com,
mix_meme328.png,Exm   hpr hihe x69n 85x 12,
mix_meme331.png,ii,
mix_meme335.png,HsRy3 iiaulytWma,
mix_meme33.png,TT- h e h TTf yar ry TT- 900600n,
mix_meme334.png,"""h KE WW hWp Teacher:- pe yo ? h Student-3  subject",
mix_meme330.png,..... . he,
mix_meme338.png,"i""pnne",
mix_meme337.png,They 4C,
mix_meme332.png,3 i BIOKESD Cou,
mix_meme336.png,csas h,
mix_meme333.png,D2018MEME CALENDAR MARCH APRIL MA JUNE JULY AUGUST NOVEMBER,
mix_meme340.png,00 HixonFun2019,
mix_meme34.png,Next Month Exam smay aa gya h Nojoto Virat Vikash,
mix_meme339.png,qfy 3q c  t aft. R at. schaet.. ph hle   Phe pg  .,
mix_meme347.png,,
mix_meme345.png,sanket,
mix_meme344.png,h,
mix_meme341.png,HS qfy 3q c R Phe pg  ph hle,
mix_meme343.png,hd e h h,
mix_meme346.png,Inihllb .,
mix_meme351.png,,
mix_meme342.png,10 ai?,
mix_meme352.png,,
mix_meme350.png,SRK showing points table to RCB Sab Match Kaise Haar Jaate Ho? fans.,
mix_meme349.png,P h hlE  fos,
mix_meme348.png,Rt? h,
mix_meme356.png,hlle lhh,
mix_meme35.png,,
mix_meme354.png,Girs - CSIRSYA-RMAZAXTEX,
mix_meme353.png,Bhai waha kya ho rha hai n -JCB Wahatoh,
mix_meme36.png,,
mix_meme359.png,R,
mix_meme355.png,. UNK SOFE,
mix_meme357.png,# sch,
mix_meme360.png,Good Morning Babitaj Durse pehchan lete ho aap khade khade Are Wahh Jethall Bade,
mix_meme358.png,4GData Phone T Signal Coverage Offline,
mix_meme368.png,,
mix_meme362.png,fa  Proe7 Hi FFmy_Hnd_bat  a  nlne faar,
mix_meme361.png,fa  narloAava nnv a ind noh sy.,
mix_meme364.png,33 aic Callingt Caller ii     Nojoto Arif Rangrej,
mix_meme363.png,yhyh 2001-12 2010-107 2019-255 2025-5  qqia fs,
mix_meme371.png,10 Years Challenge,
mix_meme366.png,,
mix_meme369.png,hfag,
mix_meme37.png,s ad,
mix_meme374.png,"""Pelralh",
mix_meme365.png,bestnow..n .Rf  Good Morning,
mix_meme370.png,Facebook   Riatsg  atJCB eee,
mix_meme367.png,... The  of 3f is  from the l of gal with very - The Heg t from the door & ... ohyaaro.con,
mix_meme377.png,,
mix_meme373.png,Shinchan Date pe GF ko Shamshaan ghat le aaya Arey yeh kaha lekar agye Pagli...Log marte hai yaha aane ke liye,
mix_meme372.png,GOOD MORNiNG,
mix_meme378.png,Meme share karta hai Nahi Fir tujhe i duniya merahn,
mix_meme375.png,340 2,
mix_meme381.png,Indiama #tiyo ki kami he ke,
mix_meme379.png,f. hp,
mix_meme380.png,t t  ee  Eid Mubarak,
mix_meme38.png,P9nh2 3 ?? 99990,
mix_meme376.png,,
mix_meme384.png,Funy Le efical 530 i,
mix_meme382.png,3 R ohyaaro.com,
mix_meme385.png,,
mix_meme386.png,Niche aaja Rajnigandha Khilaunga.. Galat Aadmi ko bula liya tune t maa k7c,
mix_meme388.png,2019 DONTMIS,
mix_meme387.png,t,
mix_meme383.png,T41.. sa... hyh,
mix_meme389.png,,
mix_meme391.png,yyh,
mix_meme394.png,Mawkish,
mix_meme395.png,art kttioo,
mix_meme392.png,s g  at  3,
mix_meme390.png,,
mix_meme393.png,be-m,
mix_meme39.png,=3 = = 8000,
mix_meme399.png,,
mix_meme398.png,,
mix_meme400.png,,
mix_meme396.png,s  A a  Funky,
mix_meme397.png,,
mix_meme4.png,3R!.....3gR t3R....satyaprem sir nojoto hT meaning BTA rhe... Nojoto Anjali ahir,
mix_meme405.png,,
mix_meme40.png,HINDIATJOKES,
mix_meme401.png,y2 3,
mix_meme406.png,,
mix_meme404.png,Side lover t rm f .,
mix_meme403.png,Tere bhai jaisa hallibat,
mix_meme41.png,,
mix_meme409.png,Result  ss. H,
mix_meme402.png,Hindi- English X a Camera Handwritingd Conversation Voice ENGLISH,
mix_meme407.png,t Girlfriend a Boyfriend  iPhonex frd.... w3mirchi.co ababu .. fs..,
mix_meme410.png,33 Mirza Ghalib,
mix_meme408.png,atat  @funhindijoke www.funhindijokes.com,
mix_meme411.png,fI MISSU3 n fadol,
mix_meme413.png,,
mix_meme412.png,World Cup 2019 1-/s 2-aqfv/sR,
mix_meme418.png,ehlle h..,
mix_meme42.png,h,
mix_meme414.png,BHEEGE HOTH TERE PYASA MAN.MERA LW AAO KABHI LUCKNOW ME www.fb.com/LucknowWaale,
mix_meme417.png,H 2,
mix_meme416.png,JOKES 2019 9000,
mix_meme415.png,45. R-3 - INDIAN- 3,
mix_meme420.png,Interviewer- Interviewee-ydr Interviewer-okadrf Interviewee- Interviewer- Interviewee-.. eee,
mix_meme419.png,hh,
mix_meme424.png,SUN RAHI HAINATU ABEUSKKAAN SEHAATH TO HATA,
mix_meme422.png,Hecolallaryg,
mix_meme423.png,,
mix_meme43.png,,
mix_meme427.png,,
mix_meme421.png,3R n Indian g fix,
mix_meme426.png,"What'sYour ITrust People Weakness Easily. You're Hired Thank you,Sir!",
mix_meme430.png,,
mix_meme431.png,Pratibha diye hain par saadhan nahi diye,
mix_meme432.png,,
mix_meme429.png,,
mix_meme425.png,1980Bank of India Sel f 2010  Bank of India  3.,
mix_meme434.png,When you are friend-zoned PYAR DOSTIHAI.,
mix_meme428.png,GoodMorning HaveA Nice Day ue Sdar alforg mele      rlie ian @ShayareDesiChamps.com f @DesiChamps,
mix_meme435.png,s,
mix_meme436.png,Betaq g Papa Betafas. qf .,
mix_meme437.png,h PEEh h2,
mix_meme433.png,-Noun y y-g q-,
mix_meme441.png,Ulle h,
mix_meme439.png,2019   feuet e22 f  ee dedlshta...,
mix_meme44.png,ayo-   fat,
mix_meme438.png,,
mix_meme440.png,2019 .. Happy New Year ale... Han nahi toh.,
mix_meme442.png,MONTY MASHUP HINDI 3iR 45gT pT funng mashup,
mix_meme448.png,,
mix_meme445.png,3 Posted@ WWW.SMILEWORLD.IN a    SMILEWORLD.IN,
mix_meme447.png,3 ihbhbhb,
mix_meme446.png,RRAT itunh R gR jcb h  h  h he,
mix_meme443.png,h  h he itunh UniGreet.comd RRAT,
mix_meme46.png,,
mix_meme444.png,,
mix_meme450.png,Vijay Shankar made 14 runs off 19 At No. 4 AURKYA CHAHIYE WhatsappFunnyPics.blogspot.com,
mix_meme48.png,2GB,
mix_meme49.png,gonnatellmy kids thisis dora The IndianEXPRESS,
mix_meme449.png,Pole3 250 31ciqqj ARI Hindi Troll HindiTroll.in qI@RI,
mix_meme47.png,RI C 3 9hh ff a  SmsJokes4u.com,
mix_meme45.png,3 3,
mix_meme5.png,@Hasi Ka Hungama,
mix_meme50.png,hehnytt,
mix_meme52.png,Jokeswala.Corn,
mix_meme55.png,,
mix_meme53.png,9RI Entire Political Scier,
mix_meme57.png,oullimate jokes,
mix_meme51.png,2 - at   - - eh he  hh-2 every sunday is boliday,
mix_meme58.png,uff FUr,
mix_meme56.png,,
mix_meme59.png,MajakTak.co.in Pmb,
mix_meme6.png,,
mix_meme54.png,,
mix_meme62.png,EKTHA TIGER FIR USKE EXAM SHURU HO GAYE,
mix_meme64.png,,
mix_meme63.png,25,
mix_meme61.png,f f,
mix_meme60.png,MISSING PARLE R-G Name Prakash Raj,
mix_meme66.png,Fuky L c 2h,
mix_meme65.png,Asian Paints 10,
mix_meme69.png,Chhotamt.,
mix_meme67.png,tfrarf,
mix_meme68.png,Hhhhhh  25,
mix_meme72.png,toh'shuruhote Majak Chal rah khatam ho.gaya,
mix_meme73.png,Kids Love This Faisal Real Girls Love This Faisal,
mix_meme74.png,Aur Btao JCB,
mix_meme71.png,24q aifa 4,
mix_meme79.png,DANK INDIAN MEMES,
mix_meme77.png,nn,
mix_meme78.png,2 Magic,
mix_meme75.png,New year new yearaff qfaryaia,
mix_meme70.png,Save 90 OOOR,
mix_meme81.png,g,
mix_meme83.png,,
mix_meme8.png,SMirch hee w3mirchi.coim ?? 2,
mix_meme84.png,MEERA RAJPUT & SHAHIDKAPOOR TOOK FIRST LETTER OF THEIR NAMES & NAMED THEIR BABYMISHA IHOPERANVEER SINGH & DEEPIKA PADUKON DON'T FOLLOW THE SAME,
mix_meme82.png,LOL   33 3 t..? s,
mix_meme76.png,NAMED THEIR BABYMISHA 868 Instagram Login| Sign up TOOK FIRST LETTER OF THEIR NAMES & hl fafa IHOPERANVEER SINGH & DEEPIKA MEERA RAJPUT & SHAHIDKAPOOR PADUKON DON'T FOLLOW THE SAME,
mix_meme80.png,y h,
mix_meme89.png,,
mix_meme86.png,f h,
mix_meme88.png,.comBittuSharma okes Nice Pic Dear f f,
mix_meme85.png,Roez e .. e5 ale lo lleaslle H..,
mix_meme87.png,. g g  f,
mix_meme9.png,UniGreet.com,
mix_meme92.png,"@super.tharki Log Kehte Hain Ki Dil Ki Suno. Lekin is Dhak-Dhak-Dhak ka Matlb Hota kya Hai, My Lord",
mix_meme97.png,,
mix_meme94.png,8 21 iy,
mix_meme90.png,EPEP R he,
mix_meme93.png,- - Fchell,
mix_meme91.png,C,
mix_meme95.png,"Bachchan Bachchan Pandeyin Tashan 2008 Pandey in 2019 ""Ekdum se inhone wagt badal diya look badal diya, film badal di""",
mix_meme98.png,g  Jnicraet.eomd f  Ne,
mix_meme96.png,Jnicraet.eomd f  Ne      g,
modei_shah100.png,qp,
mix_meme99.png,Bh,
modei_shah101.png,,
modei_shah104.png,BURA NA MAANO HOLI HA Zindagi Mein Life Partner Hona ZarooriHai NahrToh'Mann KiBaat Radio Pe Karni Padti Hai facebook.com/indiacom,
modei_shah102.png,,
modei_shah103.png,,
modei_shah1.png,,
modei_shah105.png,NEW LATEST TEACHER'SDAY Jokes Shayari Quotes huun www.Rkalert.in frerq faRr R oll anfae RGed acqd,
modei_shah106.png,aant! MAIN,
modei_shah109.png,HR,
modei_shah0.png,Nuficatisms # H h' ite NARENDRAMODI The Chosen One MarcMeMr13 Finallyonce and for ai Modrs Hmanniobaat 1,
modei_shah108.png,Raaja 4 3 STan H,
modei_shah110.png,UTTAR e CoM  t UTTAR 7ON,
modei_shah114.png,res ieleh b Jokesli.com,
modei_shah11.png,"t qt-What is monkey bath in India? JokeScoff s illa""Monkey Bath  bpp c cofifs coff.com  lE 2r g l P I gpnE ) 3t-3 It is Not",
modei_shah111.png,,
modei_shah115.png,P MIS.. WhatsAppText.com hb,
modei_shah107.png,3 aat MODIfiedIndia,
modei_shah112.png,HTOT pph ithe H ne NARENDRA MODI E23,
modei_shah10.png,"Jokescoff.com Ppie at saa a3 aat Pple HC. a g 3Qt et fros t   - Sdol 3st . offs C    ""nle cpsie re.... rlele ?? ED JokeScoff",
modei_shah116.png,PaleNTee 25 .,
modei_shah119.png,"sfafa TILOVE YOUBUTAS AFRIEND""",
modei_shah120.png,Jolces11.com RTa 3,
modei_shah12.png,"got - What is monkey bath i d[qop <l dIQl Gll Ql alQ 3] I - 3R ado0p, e",
modei_shah118.png,..  got - What is monkey bath i wJokeScoff,
modei_shah121.png,w3mirchi.com,
modei_shah117.png,w3mirchi.com hne h,
modei_shah113.png,. MJowsco . . ... n nnles pn ... 3 10f .aa...,
modei_shah123.png,"whatsspptext.com Prize winning joke of the year A man asked Alia,why Narendra Modi goes for walk in the evening,not in the morning? Alia replied ""bhaiya, Modiis PM not AM +1-614-736-2443 whatsappTxt",
modei_shah122.png,"Q3M r8h ""LUX GOZI Jele e 3... w3mirchL.com ""og Pe 3RT 3.",
modei_shah125.png,,
modei_shah127.png,IEyt ych fT yst iY2LB  fch,
modei_shah128.png,fch kes SISCR iE QUa 4lh hl Jokes11.com,
modei_shah13.png,at! MAIN BHI,
modei_shah126.png,qARR ihy S-iRy Skes ST. johdehs Jokes11.com,
modei_shah129.png,st a q2f3 hcn ct j5 3 3R1  f3 a Ac  idgn y? Jokes11.com,
modei_shah17.png,,
modei_shah130.png,,
modei_shah14.png,leb 100. H t  aRta JokeScoff    lok hr lep elcp Jokescoff.com,
modei_shah2.png,Raaja4 FO CRaNaSahed T,
modei_shah18.png,,
modei_shah124.png,a   copple BIR alao walk ataret . JokeScoff I le2 1kd 16 1e2e 1pgn i Sne d helee beie r... Jokescoff.com,
modei_shah15.png,"AR QR taR Rrat  1$1n P [ et fRrat. AA aai as ait t f JOS G Te... alco, g2 &at qR Tilal Y2R 2 E Jokescoff.com",
modei_shah19.png,Rt JokeScoff coff: SRT dsai at Jokescoff.com,
modei_shah24.png,BP UPJ f PAK www.dilsedeshi.com ii^S IP p?4 2P,
modei_shah16.png,"Jokescoff.com c2 P ppe ! ed - e, Rioutait at atsa qo at $$ KBC foor! Scoff Ta. - P3o y PU i 3tR aEl e P D6 RJb2lcc cr-cn aiqa  JokeScoff",
modei_shah21.png,t   GST  JokeScoff f 50%. - 75%   99%. B e RrEC,
modei_shah26.png,3 2hle,
modei_shah20.png,"Jokescoff.com Hi go ad a 3 Rt) plelg ER ""sAad t  3 s  3 JokeScoff  i c2lh  R2p aRt...3sa   Te 18 AST",
modei_shah28.png,,
modei_shah29.png,19 AmitShahFans Amit Shah fans Lala  Uk hl,
modei_shah27.png,qchs THOROUGHFARE TOMOD Gujjy_aadivasi 2002 RIOTS CASE FB:Gujju aadivasi IG:Gujju aadivasi follow this page,
modei_shah3.png,5 IVID-19 NDEMIC Schy q T HGaR JokeScoff,
modei_shah25.png,,
modei_shah22.png,Jokescoff.com at tit t alcagt a a at r   nle cpi aldt sit  gSt  JokeScoff 1  50% nle gi Henee e y Pue 75% nle s t t s        fapt  %66  nle cpis BR  a lee d l ue p lie e RT 100%,
modei_shah32.png,"BREAKING NEWS CHILLYJOKES.COM ""Kya Sonam Donald Trump ne Modi Ji se pocha Gupta Sach mei Bewafa hai?""",
modei_shah23.png,Jokescoff.com 3RT Cblck Pene dooe  lee et e Dop d off RJok    din JokeScoff,
modei_shah34.png,"..  ... 33   ER R OJokescoff yelr,b",
modei_shah35.png,Mka Thehwlkh S,
modei_shah38.png,#f #BlufferMan or #Mufflerman YOUDECIDE,
modei_shah39.png,33,
modei_shah37.png,YOUDECIDE #BlufferMan or #Mufflerman MAIN MAGGIE BANAUNGI MIN KE LIYE PM BANADE #f 5 MIN KE LIYE BANADE JMM FIR KUCH NAHI. ITNI MAGGIE KAUN KHAAYEGA?,
modei_shah31.png,"Jokescoff.com tle 15 loble dt aat eil Ra3 aai ee qrat... keScoff: rge ppr JE coppie .*nln ed JokeScoff cie-ite alae, de rle dle!",
modei_shah4.png,,
modei_shah41.png,faayda? Jab kharidi,
modei_shah42.png,1. 2. 3. 4.,
modei_shah36.png,Give up subsidy LPG JokeS.coff.com 3 5 JokeScoff.com 3  t  3 9 JokeScoff,
modei_shah40.png,hh 3 .. whatsapotext +1-614-726-2447,
modei_shah43.png,ale  lne ale l lne tt www.facebook:com/VishalKundraOfficial www.twitter.com/kundra.vishal,
modei_shah30.png,"ncbele eea... ar leRei2 e.. ""Adet TG lrhyoope ne C netk 31 T Rt at . ""ourtaet t fa e siaee at re .. JokeScoff",
modei_shah44.png,,
modei_shah45.png,JolcNTee 25 .,
modei_shah47.png,Pple 32 Karnika Kohen kormkok.ohcn.com,
modei_shah48.png,BPUPg .,
modei_shah49.png,i 3 2f @Jokes11,
modei_shah33.png,chgle RI35 fbcH] Plle Plle Mlle k JokeScoff . clbpb 1gh RIR legle JokeScoff: Smb coplbe .. set 1d22 p2 d Jokescoff.com,
modei_shah46.png,qa,
modei_shah50.png,#- ba ianpnn,
modei_shah52.png,Cbrmix.com yefe hale,
modei_shah54.png,HINDI #News Jokes SATIRE t Ih2JE h2 t LJtC ISIS : f (hindisatire.com),
modei_shah51.png,35,
modei_shah55.png,PM E PM PM,
modei_shah53.png,at Me,
modei_shah57.png,y-5 hh U,
modei_shah59.png,H3R Sc I I62n 3R ail cRa,
modei_shah5.png,"Jokescoff.com Modi ji ne Digital Payment App ka naam BHIM rakh kar sabko khus kar diya.CO BJP samje Kunti BHIM putra Mayavati BHIM Rao Samie ""Baba Rahul Samje ""'Chota Bhim JokeScoff",
modei_shah62.png,6,
modei_shah56.png,panchforo www.lacebook.can.iasirpach.fhoron 52 FR Panchforon,
modei_shah58.png,dnle 3TRROT33 c8 aln lePh Jokes Tddtoiaroile... 3rqit [lePh] .... 3IT 9JokeScoff,
modei_shah63.png,HEP fe Modi-Shah Jokes,
modei_shah60.png,3 - aa,
modei_shah61.png,4 12k2 - kaeo MRA Panchforor,
modei_shah64.png,3 35,
modei_shah68.png,3    h n Hinditvoll,
modei_shah66.png,Height of blaming Modi!! Jhh H  -,
modei_shah69.png,# TE #BlufferMan or #Mufflerman YOUDECIDE,
modei_shah72.png,fraata RP .,
modei_shah71.png,facebe asterm hhabh 3R lhskahPhb,
modei_shah67.png,Jakeaicodl.oxm e 2014 -   ait.. h  h . JokeScoff,
modei_shah7.png,"HindiSatire.com Jnle @e  leP q 2wrIn ?I fea ?- acr an$, 3Tq pAIe ye rh I l Ap",
modei_shah6.png,1e Prg S rn yPPl JokeScoff facebe gpgire  s.. - hhabh   .. asterm gglre .. . IPhdleh  s ... ..s gegire  e l  3  t 10  .. ... 3R,
modei_shah73.png,- IPhdleh RIIOKES,
modei_shah76.png,"$T3ILOVEYOUBUTAS AFRIEND""",
modei_shah65.png,3Mrch w3mirchi.com TET RG..3T w3mirchi.com 3T$T HIcT HS. 3135 h141 H CI$H,
modei_shah77.png,33,
modei_shah70.png,SMrch GR facebookf  SH AGe highle qgaT aa...,
modei_shah74.png,HBDHBD HA HA HA=Happy Anniversary Jokesil.com,
modei_shah75.png,fgH . iede eovr PARTY,
modei_shah80.png,-hp Ple ngh HRCOT 2eh,
modei_shah78.png,Jale,
modei_shah79.png,pplebieelbppagep  s   gn  hhen .,
modei_shah82.png,Ek Tarfa He Sahi Par Pyaar Toh Pyaar Hai Use Ho Na Ho Lekin Mujhe Beshumar Hai,
modei_shah84.png,,
modei_shah86.png,,
modei_shah81.png,gple E g fart gitre elg laln leph HENE Giadt oilaoila... lppcpclePhlphle Wish You a very Happy Makar Shankranti,
modei_shah8.png,q a b hl 2h e 3 3 iAhP f /HindiTroll.in seseern,
modei_shah83.png,2 PM,
modei_shah85.png,AbPata Chala Kyun Jaana Padhta Hai Foreign Trips Par? Indasndadnod aingt pwpg  erTor testheay Dusre Countries Ke Saath Acche Relations Banane KeLiye!,
modei_shah89.png,2019 sT..  sattas $ch,
modei_shah88.png,3 iyeusth hhhhne ekes - Jokestl.cem,
modei_shah90.png,ychfch THOROJKHEARE FOMOD Cullo_padavaa CCC F8:Gujju aadivasi IG:Gujju aadivasi Follow this page,
modei_shah91.png,Palehge PMl   ie,
modei_shah9.png,OI I D UTTAR FCOM. OLO UTTAR,
modei_shah87.png,1988 Fact h email fay F. The inat atavaa  w w p e10 Co7Nov,
modei_shah94.png,or Golm Bigger Crispier& BJP Tastier Modi-G Original Gluco'Biscults Fogg se Jada ye chal raha hai.,
modei_shah92.png,"""3 3 h w3mirchi.com 3i",
modei_shah96.png,Jeies11om RTd 3,
modei_shah93.png,. ad 32 qasag - ASRR,
modei_shah97.png,#7 3cco f Ke....? 3  sasiag I...??,
modei_shah95.png,,
modei_shah99.png,,
netaji0.png,,
modei_shah98.png,JPh dlSn RJIOKES,
netaji10.png,patrika.com aasita 1n Rp I hle,
netaji3.png,2h,
netaji5.png,,
netaji12.png,pnnn sbmisra@gaonconnection.com IPE eq Ile,
netaji4.png,r,
netaji11.png,,
netaji7.png,SSCMTS 2509 Important essay fc,
netaji6.png,AZADSIPAHI NETAJIJAYANTI WITHE RAHULSIAGH HIND ETARIA,
netaji1.png,fad ag iafasyaetatat (23 1897-18 3 1945) f www.srijanpalsingh.in @srijanpalsingh @SrijanKalam @revolutioninside,
netaji8.png,TE @INCindia www.inc.in qqT &?,
non_off1.png,Aisi Madam Mili Hoti To FLANTCLL Aaj Hum Bhi IAs YAs Ban Caye Hote,
non_off0.png,www.24inside.com Girls after travelling 2 km : It's vomiting time 24 INSIDE,
netaji2.png,"TE qqT &? 9T, fg T3 a  fR Indian National Congress @INCindia www.inc.in",
non_off103.png,,
non_off100.png,a+b=a+b+_ab tw0o...! so what's the answer?,
non_off101.png,SOA 512192 6.13.2 AN,
non_off10.png,SMirch hee w3mirchi.coim ?? 2,
non_off104.png,D Dr.,
non_off105.png,Relative On Phone Mom:'You Want To Talk? Me...,
netaji9.png,E 18 NEWS SURYALED Pro-ease MODI RAHUL GANDHI,
non_off107.png,Kes,
non_off102.png,Ha  BiTrU Network Marketing www.Bitt.shama.okes.com,
non_off109.png,Is Duniya Se To Mera Mann Kabka Bhar Chuka Hai Bas Ye Mobile Hi Hai Jo Mujhe HimalayaJaane Se Rok Deta Hal,
non_off108.png,AAJ TOH HAAROGE JIIA JETHAJI CUMON JEET GYA BABITA IIS THE SECRET OF MY ENERG,
non_off112.png,,
non_off116.png,,
non_off113.png,Didi Ye Log Pyaar Kyu Karte Ha Batao Na Plz Leh Didi IG @lustygag,
non_off106.png,Bhai onlin Kaisa hai bhai? s7AM Bohot din hogaye bhai tumne call bhi nahi kiya ??? BSTAM- Haan bhai wo Tumhari yadd hi nahi aayi 853AM Itna Sach Kaun Bolta Hai Bhai,
non_off11.png,",. Skes Jokes11.com",
non_off117.png,,
non_off118.png,,
non_off111.png,Y utreeld CTOSTMIERCG 100POLLUTION CERTIFICATEAT ..READ CHD,
non_off110.png,dortoc 8 DeOrtho wwwswteto,
non_off114.png,Me Mai ghar se bahar jaa raha hu Mujhe chod kar jo tum jaoge Ghard Bada pachtaoge,
non_off119.png,"Friend: Bank mein khaata hai? ""Nahi re,main toh",
non_off122.png,nnb,
non_off115.png,.yu 5 s q,
non_off120.png,ych ycch AAcsR cht L Ihe hP DbP JokesMasti qRIT qTq,
non_off121.png,Life Mein Jab Kabhi Aapko Financial Problem Aati Hai Tab Achanak He Aapko Pata Chalta Hai Ki Aapke Saare Rishtedar Sudama Hain,
non_off123.png,wa. Majak Tak,
non_off124.png,"Zindagi Kitni Haseen Hoti Agar Saare Loyal Ek Saath Relationship Me Hote Or Saare Nakli Ek Saath Lekin Nhi,Bhagwan Ko To Maje Lene The OSdoracmonmames",
non_off126.png,NON VEG JOKES IN HIND HF epF!E-M3N LOL THEJOKES.IN,
non_off127.png,"Bhai,Patang Udane ka pose dete huye .......",
non_off125.png,1= www.Rkalert.in,
non_off12.png,chT fO  @kadaklife,
non_off129.png,-qee lale3h 3 .,
non_off133.png,,
non_off130.png,-3 thldh,
non_off132.png,"I?c IIa IIc f a e gH EoI  ""faollgd""  doI LOVESOVECOM",
non_off128.png,R Exploring Shillong |Shoot Diaries Mr.Faisu 23M views1 month ag 536K Share Download tYoutube.tik tokers  f,
non_off135.png,,
non_off131.png,T - -,
non_off136.png,4,
non_off134.png,"f If you have a chance to delete one of these from your life, then which one you will choose? Physics Chemistry Mathematics Biology 24NSIDE",
non_off137.png,32 1.5f1fa Jokesil.com,
non_off139.png,Best Bhojpuri Jokes HlsRl adR quR lcd,
non_off13.png,"Akh Lad Jaave, K fe qaaR f O/@kadaklife",
non_off142.png,,
non_off143.png,,
non_off140.png,h2 RJJORES,
non_off14.png,"Friend: Bank mein khaata hai? aadoo.in aadoo.in ""Nahi re, main toh ghar pe hi khaata hoon!",
non_off144.png,COm alegh SIEUIE HRTPRICE,
non_off141.png,h- sA faRf ash RIOKES,
non_off145.png,Shubhaen Rastogi Cwokeshubham Replying to CamMinat People:1hope 2021 aacha jae 2021 Ski guarantee me nahi de sakta,
non_off146.png,MILEWORLD.IN Hhhh e SHPOWEDATN,
non_off150.png,,
non_off149.png,f PEP,
non_off147.png,f se sona niklega! aisa koi gadget nhi hai Rahul. PEP,
non_off148.png,Love Line t,
non_off138.png,4:10 PM Comedy Joke 1 HOT COMEDY JOKE SHORTMOVIE video He was CHALUPATNIKI AWESOME in bed Funny kela jokes video kela Jokes-Hindi Non-Veg Jokes Hot Jokes Jakes Ka Baap stop.in callection Non 02,
non_off153.png,Me in Every Maths lecture. Ye kaiseho gya,
non_off158.png,,
non_off151.png,IK BINOD   o     DIE GR BR  IOR  R a co  oldo  fn  p?  P,
non_off155.png,,
non_off156.png,,
non_off152.png,HRS OHM wJokr par f g ffte,
non_off157.png,f@kadaklife HRIG,
non_off160.png,,
non_off163.png,,
non_off161.png,#TikTok aa t f.,
non_off159.png,ych f2T 54 Hqcht HT JokesMasti fR cr? CO-RONA,
non_off162.png,Fb.com/BittuSharmaokes ERR,
non_off164.png,Ra i h h hlle h kes 10-12 20,
non_off154.png,CO 3G 203 3 4 O,
non_off169.png,,
non_off16.png,sfaac ch6,
non_off168.png,CoronaVirus Memes Funny for Facebook and whatsapp,
non_off167.png,DORINGEXAM Girl's Tensior BoysTension& Sala RollNumber1stBench Aaiay,
non_off165.png,h?? te 2,
non_off166.png,Science Students Be Like WHOESYOUR FAWOURITE BADMINTON PLAYER? NRT SINDHU.. SLV'sCL T'SPVSINDHU.!!. BUTSIR PVBNR,
non_off170.png,,
non_off15.png,"tik tok, t SIFchRch fo @kadaklife #MrFaisu #Faisu #Team07 Exploring Shillong I Shoot Diaries | Mr. Faisu 23M views1 month ago qh4I ch<c 536K 3.5M Share Download youtube  Youtube, tik  tokers",
non_off171.png,3 t hPh 33,
non_off172.png,Kes 2119 Jokes11.com,
non_off17.png,,
non_off174.png,5ch ycchT ARCISGR JokesMasti,
non_off173.png,qR1 H16q chT aT faet a ay faa  D!Ia IE 'E eIb HT h,
non_off177.png,"amarujala.com qu - ele, d oEd & f aoe $eg c] ""ah-mh",
non_off178.png,"Pe   lal lag ua e aletc - lPh lP2 l lpa lP$ le l ""W|e Jh",
non_off176.png,Hacht JokesMasti f4R cnT? CO-RONA,
non_off179.png,"PU2 q EJh lPh 2h 32lgJWII2 !p0l Ie l2Ua We  IeW 2 yGe it, 3e $t T a  a  a i leac lIab hltc ""lPIeh 22 - Jh 33amarujala.com",
non_off175.png,"t h t 1hh  5q ch5T JokesMasti ""Please give us your feedback on our Facebook page",
non_off182.png,feedback on our,
non_off180.png,,
non_off181.png,"Iall2 ca D2l2 36) Aoqe gee yt ee et... dait Cqd ye eedl all$ ql... $T - Et.. Jdu's -  adc a , qen a.. 31",
non_off183.png,"alleahheha   ga a hlh-hlh e i3a9a ""3pfamh",
non_off184.png,I3 l h lh bl aps- Dh 3L tl IeWIc-IeWIc - lPh qol3... 31 3R35e amarujala.con,
non_off186.png,# EI4 Kes $IHt Jokes11.com,
non_off188.png,Is Duniya Se To Mera Mann Kabka Bhar Chuka Hai @doraemon_meme's Bas Ye Mobile Hi Hai Jo Mujhe HimalayaJaane Se Rok Deta Hai,
non_off189.png,"Zindagi Kitni Haseen Hoti Agar Saare Loyal Ek Saath Relationship Me Hote Or Saare NakliEk Saath Lekin Nhi,Bhagwan Ko To Maje Lene The Or @doraemon_memes",
non_off187.png,h 32 1.51 okes ah,
non_off185.png,lhI3Jh >h P63 y>4 Ihp ah Old Monk Rum okes R439R 83  #BEING HUMAN Jokes11.com,
non_off191.png,alE gap ga Ihg a 3rict qT Swag eq de! w3mirchi.com,
non_off192.png,Sir Aapko Loan Kyu Chahiye? Challan Dena Hai Bhai w3mirchi.com,
non_off194.png,1999 2009 2019 w3mirchi.com,
non_off196.png,Last five minutes Of exam,
non_off18.png,BINOD H - clc RI BI 3d 6 K csoll J6 9r K 3lqq 311G sildol feeell LOVESOVE.COM,
non_off193.png,Ladki ko ladka aisa chahiye jo kabir singh jaisa pyaar kare Lekin Cigarette or Daru na piye w3mirchi.com Aise Kaise Chalegaa Didi,
non_off19.png,qqqy t FP qG|G CT100 H|q BiTTU Ut lt FJP Network Marketing bit t FP LSIbo BMW H1qT Ph www.BittuSharmaJokes.com,
non_off195.png,"w3mirchi.com f qq ReRRd?, 34qT *Pe.Pe. P>s ?b2 4 Uh gJhp "" Pb>>2Ih bH",
non_off198.png,Shubham Rastogi @wokeshubham Replying to @CarryMinati People: 1 hope 2021 aacha jae 2021 Iski guarantee me nahi de sakta,
non_off197.png,,
non_off199.png,"*Me While Talking To Relatives On Phone* Haan Ji Hehe, Haan JiHehe Haan Ji Hehe Ye Lo Mummy Se Baat Karlo O @doraemon.memes",
non_off2.png,ReReae: iYE Ihb W9h hle hSt Okes 10-12 20 Jokes11.com,
non_off203.png,Ih2,
non_off200.png,il!h$lrpP MILEWORLD.IN,
non_off190.png,PUBGtGt Ih?Je 6qnd Plb BAK HODI ModiTwitter Ac Hack KA DI TAA PUBG 3d  E  sttTwitter3 Wds h gp fa,
non_off202.png,RJJOKES .com,
non_off208.png,,
non_off206.png,Didi Ye Log Pyaar Kyu Karte Ha Batao Na Plz I/G @lustygag LehDidi,
non_off20.png,Jokescoff.com Prlr ?t Hh tP s Sh yE1ST WHO JokeScoff JokeScoff T fs AgT qRaT Wry,
non_off201.png,3Tq 7 34qI5 q1 thI <sI  $ fG 3s4T T alS qi4h5 af 3ldI Fu ey f Funkeytune C qT 3q A a 3q A  2,
non_off207.png,Colleoe lrty @the_flirty_mind a+b2=a2+b2+_ab twoo...! so what's the answer?,
non_off205.png,TPIRG NYEAHY,
non_off209.png,"www.pjpatakha.in www.pjpatakha.in www.pjpatakha.in www.pjpatakha.in Bhai, Patang Udane ka pose dete huye .......",
non_off21.png,Mai ghar se bahar Me jaa raha hu Mujhe chod kar jo tum jaoge Ghar Bada pachtaoge,
non_off24.png,Bahut din hua aaj local train se office jaunga,
non_off211.png,amarujala.con wh alethhejpmh Ie2apapaie,
non_off23.png,"0202 i3 Lhb de6 Je A5 N3eD Ihe Ie I pe q? siI, dq af 34d Ib 3 IB hE",
non_off204.png,che 3 Ib? dS Kada f 0 @kadaklife aaR a qr Pubg twe 3q fy ft time,
non_off26.png,A Aafay I    POSTEDAT,
non_off22.png,"aiIQc a qwq q3dsl, aRa aRR  a5I Ihe  qs s  qd  I? el b3 ) q q5d 3 qRd 4 9p pe  Psh i3 3e IpSd",
non_off210.png,YOOR EXPRESS ONS www.pjpatakha.in www.pipatakha.in www.pjpatakha.in www.pipatakha.ind www.pipatakha.ind www.pipatakha.ind www.pjpatakha.in www.pipatakha.ind www.pjpatakha.in www.pipatakha.ind Jab Teacher Bina koi Reason ke aapko class me khada kre.,
non_off27.png,livesach.com In?Ic I I][] Cg aei at yt el ? HRT fRIdc www.livesach.com,
non_off28.png,3  T R... f  fy... SMILEWORLD.IN POSTEDAT MILEWORLD.IN,
non_off25.png,POSTEDA 121926 MILEWORLD 13.20 14 SMILEWORLD.IN ddcp foclls ii,
non_off29.png,SMILEWORLD.IN IHtBh ht Dlie POSTEDAT MILEWORLD.IN,
non_off31.png,,
non_off36.png,CD,
non_off37.png,200rs,
non_off35.png,Tavans G AAJ TOH HAAROGE JIJAJI JETHAJI JEET GYA CUM ON BABITA JI IS THE SECRET OF MY ENERGY,
non_off3.png,"www.24inside.com f If you have a chance to delete. one of these from your life, then which one you will choose? Physics Chemistry Mathematics Biology 24 INSIDE",
non_off30.png,DainikBhaskar.com 3100 2000 h P 12.50 HAHAHAHAHAHA! http://www.bhaskar.com/news- fbo/JOK-DJOK-funny-jokes- pics-shared-on-whatsappsocial- sites-news-hindi-5467592- PHO.html,
non_off39.png,,
non_off38.png,,
non_off34.png,,
non_off33.png,Y utreex Deep Writes WWW.YOUTREEX.COM y5dt ART CAR qEd qigyRT ch<d f9< #7 1O0 7yq chT POLLUTION CERTIF|GATE qHqTYT 3q qR 3TqR|gT...READ READ FUNNY AND LATEST HINDI JOKES AND CHUTKULE HERE,
non_off32.png,"q fdolga"" IeR LOVESOVE.COM",
non_off40.png,QP>l2 l I 1tb)  ut cRT qaT qhq GTS,
non_off42.png,,
non_off4.png,,
non_off43.png,Pero Palayer @ApunHizBhagwanH Bulati hai magar jane ka nahi. Translate Tweet,
non_off41.png,tentaran.com,
non_off48.png,hhab-h -33.. 3,
non_off44.png,"Ek taraf se Aaloo daalunga, dusri taraf se sona niklega! Mere Paas aisa koi gadget nhi hai Rahul. Doraemon Please!!",
non_off45.png,Ek taraf se eclass^ dusri taraf Mere Paas nhi hai Rahul. Doraemon Please!!,
non_off46.png,3 -33.. hhab-h Saare Rishtedar Sudama Hain,
non_off49.png,e a   ap e a e etyr-fdl...? t a- at.,
non_off5.png,suhagraat hai ghunghat Bhai update dete rehna hum online hai..,
non_off54.png,a gap oa he al ict  Swag eo deh minthi.com,
non_off52.png,,
non_off51.png,3 s-3 ehWh-Sgta,
non_off50.png,f fy... SMILEWORLD.IN SRORAT,
non_off53.png,s Jokesll.cam,
non_off56.png,Fu bh,
non_off57.png,,
non_off47.png,Lagao Ki. TETTA PDATE Fvita aftere SAVPJOKES NOALLARS sra fieafgfaaataa frorscfr .a....fs.fc. Inko Kaun Maal Supply Karta Hai..,
non_off59.png,aat 200s,
non_off55.png,$??,
non_off58.png,2eh-t - MATAN Majak Tak b,
non_off6.png,My Wallet Before After Valentine's Day Valentine's Day,
non_off60.png,2h,
non_off63.png,lle phehaa -3 iee gpamh,
non_off64.png,,
non_off67.png,,
non_off61.png,h   tik tok  Kada @kadaklife 3 qr Pubg   times,
non_off66.png,cvgap 20207,
non_off65.png,Ladki ko ladka aisa chahiye jo kabir singh jaisa pyaar kare Lekin Cigarette or Daru na piye 3mirchi.com Aise Kaise Chalegaa Didi,
non_off62.png,Lekin Cigarette or Daru na piye Ladki ko ladka aisa chahiye jo 3mirchi.com Chalegaa Didi Aise Kaise kabir singh jaisa pyaar kare,
non_off71.png,,
non_off68.png,faa SwnrworeDm,
non_off73.png,,
non_off70.png,Aisi Madam Mili Hoti To Aaj Hum Bhi IAs YAs Ban Gaye Hote,
non_off69.png,haaap tl a pa .. - s-.,
non_off72.png,NON VEG JOKES IN HINDI,
non_off74.png,n etlln opa,
non_off7.png,,
non_off79.png,,
non_off78.png,ro Palayer Punitigitagwarh Bulati hai magar jane ka nahi.,
non_off80.png,Funny Jokes,
non_off77.png,,
non_off75.png,JoRes bas kr pagle bahar aa jayega kaia dhan Jokes In Hindi Best Jokes in Hndi Memes. OtestNews,
non_off82.png,Bahut din hua aaj local train se office jaunga,
non_off76.png,P Rhk Iop gq  lct     666 fdo fdolg,
non_off81.png,1999 2009 2019 w3mirchi.com,
non_off83.png,YOUR EXPRESSIONS,
non_off8.png,q-gn - MujasTaKiN Majak Tak -,
non_off85.png,qy- l ferealdt e.. -mle qu-4e...,
non_off86.png,"Khane Mein Kya bana Rahi ho Aaj ? Aaloo Ki sabji,But Pata nahi Kyu Aaloo Pak Hi Nahi Rahe hai hodi Der Baat Kar ke Dekh Aaloo Se",
non_off88.png,h,
non_off89.png,Girls after travelling 2 km: It's vomiting time 24NSIDE,
non_off84.png,Lagao Ki.. af  Inko Kaun Maal Supply Karta Hai,
non_off90.png,"*Me While Talking To Relatives On Phone* Haan Ji Hehe,Haan Ji Hehe Haan Ji Hehe Ye Lo Mummy Se Baat Karlo drann",
non_off9.png,s  y. Majak Tak b/Insta-@MajakTakIN .,
non_off94.png,Funny Status,
non_off92.png,e    ah eyh,
non_off91.png,*When someone unmute their audio during online class* Teacher: @wtianme kaun tha? kaun tha?!,
non_off96.png,Mohalle Ka Pyaar Aksar IME Doctor or,
non_off93.png,ekes Jokesll.cam,
non_off98.png,,
non_off95.png,Ae 2119 i,
non_off87.png,17:13 Funny Memes METE TO wa by The Times of India New.,
non_off97.png,aaps lehe d 122ph 3,
pak1.png,pIE EP KIh?P RFRID,
pak100.png,Furny HJoke,
pak101.png,BREAKING NEWS 12 II ee It w3mirchi.com,
pak0.png,3MrEn ii Ph hl  tension  history   extra chapter eShoh FPhI,
non_off99.png,PUBG pubgf BAK HODI TAAS sTwitter H,
pak102.png,SMireh ePh w3mirchi.com e,
pak103.png,2,
pak104.png,2 RR 5,
pak10.png,"2U w3mirchi.com 31dndlaui, RT Wp b h IPh i l2yhhb",
pak107.png,BEST FRIEND < IND VS PAK MATCIS PAKISTAN MAUKA,
pak109.png,3R3R ufedlo ac oneindia,
pak108.png,2 alle be P  15 .,
pak106.png,instagram@Hindisohe h pecistan ol,
pak110.png,p>cIhh q +hPP giy a !,
pak111.png,h,
pak105.png,h instagram@Hindisohe pecistan ol,
pak112.png,h poh Hey.Baab Pbh,
pak11.png,,
pak113.png,R  1t - 1. 5000.,
pak114.png,eye,
pak116.png,,
pak117.png,3RJjokes.com 75%,
pak115.png,3h pphPh,
pak118.png,RBl t fs f   g...,
pak12.png,,
pak122.png,,
pak121.png,,
pak123.png,,
pak120.png,16 1853 162020 ee,
pak119.png,. . mastioke,
pak125.png,ASSAN CSTA SHAHEEN 40 56,
pak128.png,,
pak124.png,,
pak129.png,wJokeScoff y P g e n2 P.,
pak130.png,ca Ice IP$Ie TikTok,
pak127.png,. For More Pic Jokes:JokesFb.com For Mobile Repairs 8J83B80 Call:0224345 3333 www.fonecare.in,
pak13.png,,
pak126.png,1. 2. 4. 5. 9 7.3 8. 6 10. 11.,
pak131.png,1000 400 f,
pak133.png,0006 ie,
pak132.png,RYC IKEBEECH,
pak139.png,funinhindi.com 3 bh 3,
pak140.png,@imAJeetRoy @Thedealtweets,
pak138.png,r   3 . nJoke,
pak135.png,HR 3 3 R FIP>4jIh et bh ... funinhindi.com,
pak14.png,BREAKING NEWS get oc |I qa f at aar fa AA w3mirchi.com,
pak137.png,i   hh Whatsapptext.com,
pak136.png,Mirch FhlPJIh      e 33 mirchi.com  3 P S H,
pak134.png,4 12126120 aeitoe,
pak141.png,,
pak143.png,,
pak145.png,366L9 Girlfriend,
pak142.png,ff enaff afgrorat  f cf afcr et tf ean,
pak144.png,2 2 kat all,
pak152.png,,
pak147.png,. WWW.GOLUPUTTARCOM,
pak150.png,aftusTa RE,
pak146.png,g sJokeScoff e .. .,
pak148.png,Mirth PhP4h w3mirchi.com ie h  Iolleh,
pak149.png,h PP RT...!!! mastipke,
pak151.png,@172092664  father's day  g Jokes Waa Br R #india Vs Pakstan,
pak154.png,"jokesmantra.com Acolt: go yer fo fbpe dd  I ?$ ? Ie ""I 9e  h    h 3",
pak15.png,UIh HIh 4 ElP>4Jh 2 f9 CHRT f4..0,
pak158.png,YEBIKGAYIHAI BARISH,
pak153.png,"jokesmantra.com 3  I ?$ ? Ie ""I 9e  h    h Acolt: go yer fo fbpe dd",
pak155.png,,
pak156.png,3 -3 2,
pak157.png,ya at dd SATIRE HINPH he RGRT..,
pak164.png,DIA,
pak163.png,ndiaVs Pakistan iI lelEue 9x Je2 xb Jeie qh Lb,
pak162.png,Breaking News nle le? slp,
pak160.png,RRoR yqerlolfalse Ib IPR@) qifaperllol aft se. aolaae InnII62,
pak161.png,R3 sita...,
pak166.png,,
pak16.png,oMren hPh w3mirchi.com ie h  fh P,
pak165.png,hPh P,
pak167.png,APRID S,
pak159.png,ae-lg 3   -  33  d g - 3.. -,
pak170.png,@tharki_lumber 1,
pak169.png,,
pak175.png,Whll h dh De 4fy,
pak171.png,Dekh Bhai Chillana Hai To INDIA-INDIA Chillana AK-PAK To Murgi Bhi Karti Hai,
pak168.png,AN,
pak172.png,. 3Mreh . lelle!le 3lle k w3mirchi.com,
pak173.png,,
pak174.png,nH $Ie Hara?? Mreh e w3mirchi.com PoelhPpphplh  .,
pak176.png,Ha,
pak177.png,India-India facd Pak-Pakaff   www.duniyahaigol.com,
pak178.png,fayay 2019 Smirdi.coe 12 3y 4 f,
pak179.png,3 at fARTOT f@HcTD e,
pak183.png,,
pak18.png,CoMreh 3  w3mirchi.com,
pak17.png,,
pak182.png,Rjjokes.com 3,
pak180.png,JokeScoff ********************************,
pak181.png,whatsapptext.com 3 t b-2 1-614-736-2443 ppTxt,
pak189.png,,
pak188.png,,
pak184.png,. 5chchatfaa HAPPY DAY mastjipke,
pak185.png,EVMaT R FB.com/HindiJokes KindiFannyjokes.in,
pak187.png,Google  Search funnyhindijokes4all.blogspot.in Googe  .. Search,
pak190.png,iidenn taa  at d  v3mirchi.com,
pak186.png,World cup fever CUP ehatsapoTxt A,
pak19.png,h f ananjala.con,
pak195.png,Anushka Virat ka 1 run dekhne Sydney tak aai... True Love..!,
pak194.png,33b o bcl feRtlicdoaR,
pak192.png,,
pak191.png,LIANO SAHARA,
pak193.png,a www.duniyahaigol.com,
pak199.png,,
pak197.png,g  9  bb  WIS OIr 9hH9,
pak198.png,SMILEWORLD.IN ehen,
pak196.png,3 R sciq f 20 fc IPh   h f LBW l a,
pak200.png,142 ph  hlgeeDe  JOKES,
pak2.png,JOKES hlgeeDe  142 ph,
pak20.png,3 PicsArt,
pak202.png,N-M.FS BOROER-Z RELEASING ON 18THJUNE 2017 GIGIRT M ..,
pak201.png,esh.agare    a7   t  3 33f,
pak203.png,SR af. chf3hT f 3ayfahsya iiihe mastjoke,
pak206.png,edcidl,
pak208.png,,
pak207.png,Urdlh www.festivalimages.in 3Tq try  SIETET,
pak21.png,,
pak211.png,,
pak214.png,,
pak209.png,lIP>qJIh 2 Ie Rdalst 3rR sl3yl R E ElP>qjIh k P  !r B  dWJ  IF3J 3B 9>P dB Q lHe lPIp Sp],
pak213.png,3.BestJoke ind vs Pak aqa,
pak212.png,"TUMLOGHUME HARBARKYU HARATE HO?? 'AADAT HAI""",
pak205.png,Ieketwondcupind YAHOO! Reebok ReL Emirates -Cas eLANCe LG APER RELIANG OOH SAHARA- 2C peps iRPD EIR! 3DP csqoalped,
pak204.png,UlP >h HS'IhIt fahche? lhp 6HRT FIP>4JIh E PH c7-1 GRRT.!!! S13 mastjoke hch.ch Com,
pak215.png,R WIIh lt FPqJ Ut KIp FlP>qJIh I.E e9d dIhe ( FSW) Ra aR 3gd ? 3d a.. E E9 2p dbp2  WIS Olr J9h IhS IP,
pak210.png,2h Posted On: @172092664 ShareChat RT cc  father's day  kkp:Jokes Wala Bro HR ff 415 #India Vs Pakistan GETIT ON GooglePlay,
pak22.png,,
pak219.png,Ho Brighto fsogedlo Go aier FaTe P hto liSyit LSTS Lays mus 3,
pak218.png,cheekug cRy h Ph 3a Fathers Day Point 3 hle een,
pak216.png,Breaking News q|[ghed|d an 1hle Ie? Slb  - e? . 3TT 33ld amarujala.com,
pak220.png,Jokescoff.com t t -  3 CO JokeScoff y2 clE PR 1nsys  R a t t a  ...,
pak225.png,"Qq qaqI 3{4 qI4r #1 qndl qt co?qRT 4T CLICK HERE TO READ MORE JOKES JOK9.COM qal- s4 Hit 3yi and ? Q3 at 3I$c4 Tcf aaqRI JOK9.COM faI- 3R4RdR, 3 3$c4 Td a",
pak223.png,AR h|P Phac  IPhJ t A  IPH cT yd HHRTS...!!! mastjoke,
pak221.png,Jokescoff.com GART R ane  e    e bo b off DJoke cle  s  JokeScoff,
pak222.png,"Jokescoff.com - lle lh pbe a 35    alacsit  at ad i rge Scoff 3tRat at, 35 aa a JokeScoff",
pak217.png,st ft  l ccp kPr K ypcP g 2Bc qlpRa JokeScoff ccpple @i 2 lPh i Ph B 3R ! aeill yr Es k P BIR 3R cplh  y&r ] Jokescoff.com,
pak224.png,Posted On: @swappy2727 ShareChat instagram@Hindi.Joke qa< fchR #pakistan joke GETIT ON GooglePlay #pakistan joke,
pak23.png,,
pak228.png,Schqs  IPIghr AMEXING.COM 74,
pak229.png,.3 a fafstaa unAn,
pak226.png,INDIA PAKISTAN VS maskaree.com e 2h faeo d9 h2 J 4 Ih,
pak227.png,eufgedg 3 f 3  d ge- 3... www.jokesandshayri.in,
pak29.png,RT Nawaz s #WorldCup  f H,
pak24.png,aRdl  dId dagI al  ?ppok 3IRpI 3iR qQedoI qId oneindia hindi,
pak26.png,2 Sle b?lt3lhd qR com 5,
pak25.png,,
pak28.png,,
pak230.png,AAqPIICGAAA 2h 3 ... y f h h  mastjoke,
pak3.png,Google  Search fh.. FOR MORE UPDATES funnyhindijokes4all.blogspot.in 3Search,
pak30.png,g $19r lelp 13p JokeScoff .c2 P g leR n2 E 3R cST a,
pak35.png,,
pak34.png,,
pak27.png,qfaedloit 3 ftt     t  3190333 terin 33amarujala.com,
pak33.png,,
pak32.png,"Afridi To Misbah www.ran kantvseidjokes Chill bro,itna tension mat le,waise bhi aaj tak kaunsa match jeete hain India se World Cup main",
pak36.png,aai  i 3,
pak39.png,81hh,
pak31.png,Tu Ghabra mat. Hum Semifinals mein jaynge! Wo PAKY Kaise? Maine Tickets Ke Jugaad Karlie Hain. BSDK. PAKY,
pak38.png,ALLAHHH Ya koi toroko se MOSTAN THEBACK,
pak37.png,AFRIDI 10 WWW.EACEBOOK.COM/CRICFUNDAA AFRIDI:SO SHALLIPLAYMY MISBAH:SOHAIL PLAYED REALLY WELL IT WAS NOT OUR DAY AFRIDI:WTF? MISBAH:PREPARING FOR PRESENTATION CERMONY,
pak42.png,a nAn,
pak41.png,Ho Sht aier ito 2,
pak43.png,Okbhai Star JDIA h.... Hihihi PicsA,
pak44.png,33  SO XSto,
pak40.png,Tu Ghabra mat. mein jaynge! HumSemifinals PAKCY Wo Kaise? Maine Tickets KeJwgaad Karlie Hain. BSDK. PAXE,
pak46.png,Htf  E,
pak47.png,BORIER-2 RELEASING ON 18TH JUNE 2017,
pak49.png,#RaJ lamare yaha to Surgical Strike Chalrha h,
pak45.png,H alimages.in 51.,
pak48.png,"a  SuvicharStar.com """,
pak4.png,"HT iilehIPp M a  ile[ IP) w3mirchi.com "" JPlE 2h H Pple SuvicharStar.com",
pak52.png,INDIA vs PAKISTAN RIRRT maskaree.com,
pak50.png,R3 S Ph,
pak5.png,qliadlt aldt.. MI HeH Hianat ai Gat.. dao... RTgeT aITeft aiana At asa t  at. w3mirchi.com,
pak51.png,JoksSooif .. . ic,
pak53.png,,
pak54.png,BREAKING NEWS 2 RAa,
pak59.png,AMEXINGCOM,
pak56.png,e 4 f  eH h e ebsh Hindijokes.ir,
pak57.png,,
pak55.png,f ag if 67 800000000,
pak6.png,www.w3mirchi.com AYAES DRESS,
pak60.png,Ph,
pak66.png,,
pak61.png,IND Vs PAK match Rumor  Whatsapp  44  n Sappybirthdayimg,
pak65.png,WHATSAPP ADDICTION,
pak58.png,HA 2h HA HA,
pak64.png,.. iI*e e 1 dlt,
pak62.png,. HaRag 3 2,
pak68.png,,
pak63.png,f .Joke i,
pak67.png,"Pakistani wife tehzeeb wali hoti Hai. Wo sabke samne apne Shohar ko Abey Gadhe""ya ""Oye Gadhe""nahi Kehti.. Isliye wo short me kehti hai A.G./O.G sunte ho ji. www.pak101.com",
pak72.png,,
pak70.png,AamAadmi Party Sc- 45,
pak71.png,PAParis ..,
pak73.png,aIPrT fsf 3re Yeit ara apit. ergRid acit at a enat a.. Jai Hind,
pak75.png,f,
pak69.png,fAATSC aIPrT fsf 3re Pakatan_joke,
pak7.png,q19 (8TR) dcT (qifadl) qlar (aiddlgeT) 3 ST acdRT a qlell pH(SPe$)p  Hghk F p IhI2 HhGHT w3mirchi.com,
pak77.png,,
pak76.png,-r. HJokeScoff s t  t,
pak78.png,-r. HJokeScoff s t  t,
pak80.png,YAAD TO NAHLAA RAHA NA MAIN?? ALF AGAR AA RAHA HOUN TONAJAM SETHI KO PAKRO!!,
pak79.png,ALF AGAR AA RAHA HOUN TONAJAM SETHI KO PAKRO!! YAAD TO NAHLAA RAHA NA MAIN??,
pak74.png,YAAD TO NAHLAA RAHA NA MAIN?? Girl: I miss you too baby.... *Pakistani Couple ALF Girl: AGAR AA RAHA HOUN TONAJAM SETHI KO PAKRO!! Hichki kyun nahi aayi phir?,
pak87.png,"""Mitro.Balla to sambhalta nahi inse...ye kashmir lenge?""",
pak82.png,Rjjokes.com 3,
pak81.png,h in Rusataa @Hey_Baabj PJb Phtle,
pak83.png,At The Time Baby Delivery HI ao cls Gol... dlConfuse  ol  3cyo o 3 f 3 SRIERI! ox3smanra.com,
pak8.png,"RRT *9000 EJhtH Iy El?4  EIP>4Jh hIH   h FB www.w3mirchi.com S at sR si a JIt d4 K B ii""e es",
pak84.png,FOLA f WWW.GOLUPUTTAR.COM,
pak88.png,f2,
pak9.png,,
pak86.png,SILEWORLDIN h Ah  h e,
pak89.png,e,
pak85.png,-le lh D coff 35,
pak91.png,,
pak90.png,Pe heeps yfae-e,
pak92.png,-3. t t-rr. ssa at si t  a,
pak95.png,fc T   f qy ff 6,
pak93.png,18.06.2017 3JxDT  VS q2 IhIR,
pak96.png,"l I9 0  Ihh he I CLICK HERE TO READ MORE JOKE q|l- 4 t 3q gnd Ig?IPeL pI H?SIle lF te 9dI- I4dR,  3$c4 Td T 1 t dle IeE e",
pak99.png,,
patra0.png,f,
pak98.png,19R cT e Ph 3c  a HchGartI w3mirchi.com,
patra10.png,iiEe $lsp y IkIh t ElH>,
patra11.png,,
pak97.png,2 ih,
pak94.png,Mrn w3mirchi.com 3  e,
patra14.png,R I>t dP[Le kt Jrlk?J SH$ 2 IPIrW # PEIt 30,
patra12.png,fsRT A fyT AAq GqIq y+?ma...,
patra17.png,,
patra15.png,dy P bd KIh6 Ih9 p D>3>b Ib Iklh >bl T q|4T,
patra13.png,Best Insulting Moment Of GobarPatra 3t50 LIV T The Live TV,
patra16.png,BJB ye blle Sanatans,
patra2.png,c2 IhIh t hE,
patra19.png,,
patra21.png,30,
patra18.png,9h  kh P #a S,
patra22.png,Kohinoor (Gobar)Crown,
patra20.png,U h c I PJK  E HEE IPI K c H dP[r kt b22 SRRCR #3,
patra1.png,34 fa HEE IPI K c H dP[r kt b22 U h c I PJK  E #3 SRRCR,
patra23.png,Sambit patra  @patrasambite P 7:20PM03 Sep18,
patra25.png,,
patra26.png,kh R,
patra24.png,Hlduortaare an a      LOCKDOWNafaEre Plldsea bae eace,
patra28.png,AmtShancm $14,
patra29.png,COMEDY NIGHT With Gobar/Sambit Patra ..,
patra27.png,a ee an y   ?,
patra33.png,$ IhIh hD,
patra3.png,t I hllt  t Pb,
patra30.png,t I hllt  t Pb,
patra32.png,WHENEVER-YOUFEEL USELESS IN YOURLIFE REMEMBER THEREISAS DOCTOR CALLED SAMBIT PATRA,
patra34.png,l +e e Ikh P|e,
patra31.png,h 3,
patra37.png,fi 6e,
patra39.png,Ihbpkh,
patra38.png,a iisykh,
patra36.png,n,
patra35.png,Poose 3 6$!,
patra4.png,or kitni baar beijjat karwyega Dimag me to tere gobar bhara hai s0fir,
patra41.png,i+14h,
patra42.png,T aT6T$T ifa rt aas,
patra45.png,3,
patra40.png,E 2014,
patra44.png,AR adi at aRa,
patra43.png,"Sambit Patra  @sambitswaraj Translate Tweet 12:25 PM-18 Mar21-Twitter foriPhone 843 Retweets165 Quote Tweets 5,903 Likes",
politics1.png,NAUE hee,
patra9.png,J$b Ib IkIb L A-,
patra8.png,l>Q  IKIh ?Pls a3fas SIRIT,
patra7.png,Kohinoor (Gobar) Crown L # FR4T SEIE,
patra6.png,faare qanpe LOCKDOWN Pldsaeae baeaice  as  ei ?,
politics10.png,hschaabh 3IT 3Ratafs,
patra5.png,HT$RT HROR 201,
politics104.png,,
politics100.png,"s sa  ..     3  B Iollc ""l l sie eee",
politics102.png,,
politics101.png,5. e    -5 sJokeScoff,
politics103.png,"a facebook,whatsapp . 008",
politics106.png,oMirch 154135 w3mirchi.com 35,
politics11.png,"AILOVE YOU BUT AS A FRIEND""",
politics109.png,hgch c sJokeScoff,
politics0.png,H 3TET dh'? ql ite Ha NARENDRAMODI The Chosen One Marc Me Mar 13 Finaly once and for al Modr's #mannkbaat 4 *1 a.x x,
politics105.png,"Tweet Troll_ziddi hhhhh h0 Transate Fweet 10:19 AM-Jun 24, 2020 Twitter for Android 2Retwets 6kes",
politics107.png,RT ch 5- @Jokes11 Ph,
politics108.png,Ph ch @Jokes11,
politics111.png,3Mrch PM t 3 3iTsaTo w3mirchi.com,
politics115.png,"yosoore I e?p 1?,,",
politics114.png,"yosoore I e?p 1?,,",
politics110.png,"Modi Jee Ek Din Sarakari Schocl Ke Daure Par Gaye Mod Jee:Bacchon Tumhare Teacher Kahaan Hain? yosoore I e?p 1?,,",
politics116.png,h 1 in Jokesll.com,
politics112.png,chh  ach hlh Iy hIE  Ut fl iileUh mastioke .... Com,
politics113.png,okest.com,
politics120.png,,
politics118.png,Hhhb,
politics117.png,"Ladki scooty me petrol bharwane gyi... Ladki-Bhaiya ek liter dal do.. Petrol wala-thik hai. Ladki-bhaiya kitne rupees liter hai? Petrol wala-Rs.76.45 hai madam. Ladki-Bhaiya sahi-sahi laga lo,wo bagal wale to 55 ka de rhe hain... Bechara petrol wala behosh... fb/mastjokedotcommastioke Com",
politics12.png,,
politics121.png,,
politics125.png,,
politics122.png,,
politics124.png,,
politics127.png,... hehsh,
politics119.png,3R gt-What is monkey bath in India? HJokeScoff Monkey Bath -It is Not Monkey Bath.But it is a at,
politics130.png,,
politics123.png,THE NEW PRIME MINISTER? AA NGAR TUHN MIN KE LIYE PMBANADE MAIN MAGGIE BANAUNGL TOH KYA KARO617 5MINKE LIYE BANADE UMM.R KUCH NAHI N TOH?. MAGGE AUNKAYEGA.,
politics128.png,,
politics129.png,TT,
politics126.png,3,
politics13.png,an f,
politics131.png,oqac,
politics135.png,R15 www.simplesayari.in,
politics137.png,,
politics132.png,hg Jokesll.com,
politics136.png,,
politics139.png,JSh We ye Irgp  3,
politics138.png,180 ST Gat a gaedr dot,
politics134.png,- 3iatT3T3 iieeeeh 00000 Jokes11.com,
politics133.png,at   wamirtncco,
politics140.png,IPh,
politics141.png,2 qRR 5,
politics145.png,en3eheeoo3s yw3 eln  Jonae s wOmirchi.com,
politics146.png,www.simplesayari.ir i. yh.y,
politics142.png,h -,
politics144.png,fb/mastjokedotcom mastioke 2197 Com,
politics143.png,Bollywood Stars PUBGC,
politics149.png,BREAKING NEWS OHILTIGEIS.CON Donald Trump ne Modi Ji se pocha KygSonam Gupta Sach mei Bewafa hai?,
politics15.png,Raaja,
politics151.png,15 Ig Slal,
politics150.png,Jokeswyala.Com hpbb JovesWalad,
politics148.png,Mrch iii Pb h  5 tension  history   extra chapter MeShoh Ph I d,
politics152.png,3 h  al aca,
politics153.png,Hfc bhh3-,
politics154.png,1.5,
politics156.png,gn3 ET,
politics155.png,Acf,
politics158.png,Jet t at HALLA IEAMBANI ADANI T DALLAa,
politics147.png,aat MODIfied India,
politics157.png,w3mirchi.com hg,
politics163.png,mh,
politics162.png,,
politics160.png,"Hum chahe phone me funny posts dekh kar has rahe ho par Gharwalon ko yahi lagta hai, kahi toh chakkar chal raha hai iska",
politics16.png,Mka f ft fn,
politics164.png,,
politics159.png,s afc 3i 3s   nyo f  .,
politics166.png,,
politics161.png,,
politics169.png,,
politics165.png,...,
politics167.png,hPhS 264,
politics17.png,12 a,
politics170.png,H IHresn,
politics171.png,-r. HJokeScoff s t  t,
politics172.png,Baby Kaha Par Ho? Apke Dil Mein Hun RASTICS Modi Ji Ne Kitni Baar Smjhaya Hai Ki Bheed-BhaadWal,
politics168.png,r -t  g,
politics14.png,"Still vote for me Make in India Fail Digital India Fail Smart Cities Fail Women Safety Fail Start Up India Fail Skill India Fail Black Money Fail Rs.15 lakh Fail 2 Crore jobs/year Fail GDP Fake Bullet Train Fail Housing Scheme Fail Kashi to Kyoto Fail Namani Gange Fail Pakistan Agression Fail Chinese Agression Fail Nepal friendship Fail Article 370 Fail Fazal Bima Yojana Loot PSU Banks Loot Lok Pal /Ayukta Fail Price Rise Fail Foreign Policy Worst Corruption HIGH Judiciary value Low No autonomy to CBI ECI CVC,RTICAGRBIEtc",
politics173.png,500- 5000- h-0000 40000- 50000- 75000 .,
politics174.png,Holiday. fBaby. Gabbar...  fera su fe fre 2 WWW.GOLUPUTTAR.COM,
politics179.png,Ek kaam kar chupke se Degree verification Tax daalde,
politics175.png,h h PH,
politics177.png,,
politics176.png,h iey -i kes 3i.-yi johdens Jokesll.com,
politics18.png,#BlufferMan or #Mufflerman YOUDECIDE,
politics183.png,0 3,
politics184.png,AAPKEPAAS PATLI PIN WAALA CHARGERHAIKYA?,
politics180.png,COmE HJokeScof,
politics181.png,,
politics182.png,,
politics178.png,tg  He e e H . HJok os  es  t,
politics186.png,,
politics190.png,ddM-2 Laugnandmast.blogspot.com,
politics188.png,3 n,
politics19.png,ge,
politics185.png,whstsapptext.eem bhhd 3 ... +1-614-736-2443,
politics191.png,Ab Pata Chala Kyun Jaana Padhta Hai Foreign Trips Par? Dusre Countries Ke Saath Acche Relations Banane Ke Liye!,
politics187.png,2020 320 20f 20 eoe,
politics195.png,gf,
politics189.png,32 3,
politics193.png,Ih,
politics192.png,13 h,
politics196.png,RBI hh,
politics199.png,12,
politics198.png,-3. t t-rr. ssa at si t  a,
politics197.png,. HRHCE h9g ih Jokes11.com,
politics194.png,ga g g,
politics2.png,ale l lle ale l e agta www.facebook:com/VishalKundraOfficial ww.twitter.com/kundra.vishal,
politics200.png,,
politics201.png,46,
politics202.png,,
politics20.png,,
politics204.png,Facebook.com/HindiJokes24,
politics203.png,"aeg ohllc b 2  f at Made in ChinaElait  RT aRR  CE, d CE.",
politics210.png,Ro y y,
politics207.png,,
politics211.png,,
politics208.png,fobdolat aferer aleaap elfahoeo Saloge selorat I rah po IR3,
politics21.png,h  a,
politics205.png,ag    HJokes,
politics209.png,a t as f.e  fa-q .,
politics213.png,fascitfae,
politics206.png,Bhagwan ag,
politics214.png,2019 s ..  M tts h,
politics217.png,,
politics215.png,,
politics212.png,t t,
politics221.png,,
politics219.png,3,
politics22.png,2019 s . Sh,
politics216.png,MTMrth Dekh Bhai faR .. w3mischi.como,
politics220.png,ee wy h,
politics218.png,af aitey. ine,
politics222.png,THOROSCHTAREFOMOD! Cujla padevas CCCC,
politics223.png,eye,
politics229.png,2019 DONTMISS,
politics226.png,S . 2fa Jokes11,
politics23.png,NAMO,
politics224.png,Al-out kes Jokesll.com,
politics225.png,e    PM  CM .,
politics228.png,"5Mren LUXGOZI"" e 35. 3 3..",
politics234.png,he,
politics227.png,s,
politics232.png,3mirchi.com,
politics235.png,Helnepe Helgne,
politics239.png,faf gaa  stataaa,
politics233.png,3 SHE,
politics231.png,Henm 464M1,
politics237.png,pm,
politics238.png,Jokesll.com,
politics230.png,fasa - nnhh 3iT 33,
politics236.png,ff. Tolet 222212212 Toilet 3 s qt t an at ? Good MorninG,
politics24.png,2,
politics240.png,hhe,
politics244.png,Hhtit9 HRRT ARTE,
politics245.png,25 ValeNTee .,
politics241.png,NO 1222 Polracert Petrol & Diesel Price Hike Funny SPOOF,
politics242.png,- 900000ee HindiPics.com,
politics243.png,38 What is monkey bath in India? uJokeScoff Monkey Bath  -t is Not,
politics247.png,ieeh be Jokesli.con,
politics246.png,,
politics248.png,Happy New Year 2021 hh,
politics25.png,faataa .,
politics251.png,,
politics250.png,"S h  ete -ITS OK BABY,  ete I2,, JokeScoff.com",
politics256.png,hh  nk,
politics253.png,3 SICRH CHRHGGR,
politics254.png,g- hehn hll en-Ele,
politics249.png,"""yoh f- g-   hehn hll en-Ele",
politics252.png,Pel2 pg 2 t  2 Teelleae fg- 500g2000 n prnem,
politics255.png,a s   lele ..g,
politics258.png,-h,
politics257.png,-h iee,
politics26.png,Ie In3re Jha 'le@h j3Jo Jo3h S[q Jo 3 Jb le'Ue$h Jolc acW l mh 2is] ajq|Cuo a] u|qd| w3mirchi.com,
politics259.png,3Mr8h #e LIP+4JIh lr >2op ph {lH9 w3mirchl.com 3,
politics266.png,,
politics261.png,1 -hDoDho      COT   r,
politics262.png,-  wak  t JokeScoff,
politics265.png,H 19 NARENDRA MODI,
politics267.png,pff 3 IPLRw3mirchi.com,
politics260.png,t  NARENDRA MODI H 19,
politics263.png,VAKHOLIYA BABA Ub- 2h IE ww.Haryoraimcoo.,
politics270.png,,
politics264.png,3 t. HAPPYWINTER Jokesll.com,
politics268.png,"Jiyne ST, f HTT. PUBG jokescoff.com",
politics271.png,2019 DONTIMIS,
politics269.png,5Mlr&h w3mirchi.com  f 3,
politics27.png,,
politics273.png,,
politics278.png,,
politics275.png,U P bIpho,
politics274.png,Mka f f fn,
politics276.png,nb 3 3-   9 3 s,
politics277.png,Fb.com/BittuSharmajokes e,
politics272.png,ftoPM  y,
politics280.png,oMrEh h hlchle .,
politics28.png,Viral-Status.com,
politics281.png,Rtgst  3RPM R JIoawif PM,
politics279.png,oMrEh facebook  $ HH h hlchle .,
politics282.png,Confidence wife chT! - sjPt=?Ue,
politics283.png,e a R n leph Gadt oiaoia pplePhh Wish You a very Happy Makar Shankranti,
politics29.png,,
politics285.png,w3mirchi.com,
politics284.png,f .Joke i,
politics288.png,,
politics286.png,2019   feuet e22 f  ee dedlshta...,
politics290.png,-NARENDRA MODI,
politics289.png,Give up LPG subsidy   hlle H  3,
politics292.png,,
politics287.png,w3mirchi.com H ie h  Inleh,
politics291.png,"aIPrT fsf 3re Yeit ara apit. wjawrch.com "" eule Jai Hind",
politics294.png,h Schaelbh 3IR 3ffs,
politics293.png,VS CHINA Hare h blbn  h2 h b h  a  2h,
politics295.png,DEKHBHAI w3mirch.com,
politics297.png,,
politics3.png,,
politics296.png,,
politics300.png,,
politics298.png,HBD HBD  HAHA HA=Happy Anniversary Jokesil.com,
politics30.png,3,
politics301.png,fraataa i'e,
politics302.png,Mirch 33 h w3imirchi.com 3H3 .,
politics307.png,,
politics303.png,TamnotGod.N have beenin politics for decades tereis criticism of me,
politics299.png,-5000/ 1 WJokeScoff 2 1. 5000,
politics304.png,"Our college trip plan be like In 1st year :abhi nayi yaar agle sem chlenge trip par abhi to aae h 2nd year:yar abhi nahi 3rd year: yar abbu nahin maan rhe final year me pkka Meanwhile in 4th year : ""Mera toh kya kehna Main hu corona""",
politics31.png,st atan,
politics305.png,Desh Men 1000 Ladkon Par 940 Ladkiyan Hain Ye Jo 60 Ladke Bach Jayenge Yahi Aage Chal Ke Modi Vajpeyi Kalam Ya Ratan Tata Ban Ke Desh Ka Naam Roshan Karenge Ya Fir 34 Indraniyan Paida Hoti Rahin To Ye 60 Bhi Set Ho Jayenge!!! LOLChutkule.coo,
politics309.png,JokeScoff,
politics308.png,7 f Pendrive  Folder .,
politics306.png,h 300 700 3 HbtleHiny Jokesil.com,
politics311.png,"Hgolt erteciyd tot ""$h yoa",
politics310.png,"tot -r   e e  ol erteciyd Hgolt ""$h yoa",
politics313.png,aret... w3mirchi.com HR ie,
politics315.png,A7 3cc fri  f hn...?. .,
politics314.png,33 GOLLFUCEAR ACHCHE DIN TAR.COM,
politics32.png,,
politics312.png,gf t KBc  Rera  tg e,
politics318.png,f Ph h 6666 F3.com/Hindijokes24 HindiFunnyJokes.in,
politics320.png,3RWORLDTOURG3,
politics316.png,gPM,
politics321.png,,
politics319.png,hhh ... HSRIE Geell BP,
politics323.png,#f g iiigph,
politics317.png,t t  r  f 25 4JokeScof 50  tt . 75 e   s    e 9  t   . ee %0 e,
politics326.png,,
politics324.png,schfa schh f9-3 loan ? dsa a far astt.... fb/mastjokedotcommastioke Com,
politics325.png,REMEMBER THISNAME IN YOUR MIND Tum Tik-Tokiyo ne iski Video ban karwayi thi na... ELVISH YADAV CARRY MINAT HARSA BENIWAL Maine TikTok hi ban CARESERAMODS IKTOKERS kar diya  EFATHERSOE,
politics322.png,f . Tum Tik-Tokiyo ne iski Video CARESERAMODS eMbh ELVISH YADAV CARRY MINAT REMEMBER THISNAME IN YOUR MIND,
politics327.png,JokeScoff ********************************,
politics33.png,y-5h hh,
politics328.png,"angaigil facd 3nud ai afreiaesit, eeei 3ie ael a$did ergcil uac  a agc &I 3nuot yGld fddd et, tlls tlls tllsi.. d aecer  3uqT at Sdielgl HindiSatire.com",
politics330.png,qaRiR y. ih Skes ST. -.. johdehs Jokes11.com,
politics333.png,,
politics331.png,IE yt Skes f iY2LB Jokes11.com,
politics334.png,bP   P T dG 2019 DONT MISS,
politics329.png,...  3  walk Rrast. t    lBe lne  t t  JokeScoff I le2 lkcc l6 le2$1s 3R asa  tt ...e Jokescoff.com,
politics336.png,www.jokesandshayari.in -,
politics332.png,"Jokescoff.com et     1000.180 GST 1 l, ait ge foct gan t. c2 r&2e nll de ye  yP PU 00 JokeScoff",
politics339.png,Iewt www.JokeScoff.com,
politics337.png,"HindiSatire.com Jne @e  eea q 2onin I fgea ?- ailcr anr$, 31 pH| le rh",
politics335.png,3t ct cait ac5t ftat at 91e3h 5.. 31 s fue a at aa? H,
politics338.png,HELLLO. MODI. yoyard.,
politics345.png,H838 R3R,
politics346.png,"2 IPp h eU,pIE, l P,, Ih i gdh l onn ponm,",
politics342.png,OLL )UTTAR 1-COM. TDUTTAR . COM.,
politics344.png,,
politics347.png,,
politics348.png,,
politics340.png,2 Icb J -. --wmirchi.com,
politics343.png,- What is monkeybath in India? JokeScoff   elMonkey Bath ad      cn  t -aIt is Not,
politics34.png,3TRROT33 9 JokeS Gddt oicroilet... eb2op @1ePh 1obl8  JokeScoff Wish You a very Happy Makar Shankranti,
politics352.png,JETE,
politics341.png,w3M\rch Inblt  Ehbp 3 301 319as$ Hact,
politics349.png,,
politics35.png,BANK IPL EMODI R,
politics351.png,t t  GST  JokeScoff 50%    75%  g 99%.  t,
politics350.png,JokeScoff Tcigpos Coff $RT3E t   si  Jokescoff.com,
politics354.png,"#PMModionDiscovery Bear Grylls -Sir i can't understand Hindi, can you please talk in English Modi ji - BIRSTUCR LIVE B 3aafR CHAIR 15:38 by thePreside",
politics353.png,BIhE P t2 chra dRq ?... 3... fb/mastjokedotcom mastjoke Hdhhhd 8882819710 h Com,
politics358.png,www.tacebook.com/Hindilroll.ir 33 ce  Hindiiro Yolg oia e?,
politics355.png,d4 1 7Rt # ya 5lh del... hIb Iy hI  U Slt iiiuh S3 mastJoke h.h Com,
politics36.png,lR Lb PlqJLr 2h t Db 107 qHd 3q HH 3I JOK9.COM i $IPFbHq EB,
politics356.png,2h Posted On: AAPNE KOON @gujju_aadivasicommunity ShareChat gujju_aadivasi Thile ch qR4T #pm modi jokes GETIT ON GooglePlay,
politics37.png,"PUBG ald $ert ?? ""E Funny Call",
politics357.png,,
politics362.png,"...   R 3  Jokescoff ged""aiat"" yer, be",
politics38.png,H3 3RR a cR,
politics360.png,ieePt Ph jokescoff.com JokeScoff,
politics359.png,"Jokescoff.com 8 PP le i15  loble it agt it as i e qt.. keScoff re r JokeScoff dte-qte alae, de yosoe Wle dle!",
politics39.png,100. JokeScof .,
politics40.png,HindiSatire.com f-s.3,
politics4.png,3M\rch Sir this is apple lP IPn2J dh RT W$IpH ???? w3mirchi.com BeleT joke qt a!!,
politics361.png,Rtlrit ch ase pbc RI35 bc Plle Rlle lle c JokeScoff nc T4 Tq QR q qERI cclbc Smb b Sm ER3.. set etlarit 81 Jokescoff.com,
politics44.png,,
politics43.png,Viral-Status.com PM MOI,
politics42.png,BANK IPL MODI RER,
politics41.png,MODI RER BANK www.Rkalert.in,
politics45.png,Raja,
politics46.png,,
politics49.png,h ee le,
politics48.png,h ee le,
politics47.png,h ee le,
politics50.png,"TLOVEYOU BUTAS AFRIEND""",
politics53.png,,
politics51.png,,
politics55.png,eyaba n,
politics57.png,,
politics54.png,LOL nk-nk,
politics56.png,1988 Fact,
politics59.png,3,
politics58.png,HI,
politics61.png,22 e e 53,
politics52.png,aM 3mirchi.com com 35 HS. indiaat a G 3 CTSH,
politics60.png,,
politics5.png,,
politics66.png,,
politics68.png,,
politics64.png,MODIISTATION PAR CHAI BECHKARPRIME MINISTERBANGAYE GAA KAR FAMOUS HO GAYI ASLI SCOPE STATION PAR HI HAI,
politics65.png,,
politics63.png,33 33 PP4h Ph,
politics62.png,"BECHKARPRIME MINISTERBANGAYE H3 I would be addressing the nation at around 11:45 AM-12.00 noon with an important Do watch the address on television, radio or",
politics67.png,SABSE CHHOTA JOKE YEH KASHMIR HUME DEDO..! SHAREIT ON KAR.. Modi Ji At His Funny Best..p,
politics6.png,3Mrch ST Ih  educit HART hT ? w3mirchi.com,
politics70.png,3ei aT EVM 3+ iiil4H l4 IL aei =T CM  4 4?,
politics69.png,For example. . Jokes11.com,
politics74.png,"""China *Modiji* Covid-19 Rula diya na bechaari ko",
politics75.png,rle get aad aot,
politics72.png,pinseanle,
politics73.png,50 f 1ue2 IPp JeP K 3 Pleh  Jep ilehllgy lhe H t T Faa,
politics71.png,2014 - .. 1 h .,
politics76.png,g uJokeScoff Rra,
politics80.png,Just Imagine Modi Ji Starts The Speech With Toh Kaise Hain Aap Log,
politics79.png,,
politics81.png,NUSERLAT 3ie,
politics7.png,"w3mirchi.com 31T4 fGeet a CM aT q4T faheT, q4T Tyt?? L3M\rch HE lE IhK",
politics78.png,ga -   a gga- 3,
politics83.png,,
politics77.png,14GST 28 s Ph 100%,
politics85.png,PUBG  iine Funny Call,
politics8.png,"www.w3mirchi.com EVM G5T hT dT a iii*H d6I hT CM "" d4 www.w3mirchi.com",
politics84.png,as okes 8-10 zicnsl1.cor,
politics82.png,be  arn 2 sal al,
politics86.png,SnakeCSK Modi ji- #MamataBanerjee after seeing current situation in bangal,
politics87.png,,
politics88.png,URdoR www.Rkalert.in GSTR e2pI,
politics89.png,Youet de f Narendrs Moc,
politics92.png,Ph,
politics9.png,3MIrch 2whh 19 hhh w3mirchi.con,
politics91.png,t,
politics95.png,NAMC,
politics96.png,Ig so. e s Ba npb,
politics90.png,Height of blaming Modi! -h  h 1P9 - n,
politics93.png,"2000 ""wt aefE aq""#       h Prnue lm",
politics97.png,"#PMModionDiscovery Bear Grylls -Siri cant understand Hindi, can you please talk in English. Modij-",
politics94.png,Reporter:Modiji aap hmesha raat ko speech kyu dete hai?? Modiji: #NarendraModi Transiate Tweetd IndyaSpeak PM hu isliye shaam ko ata hu AM hota to din me ata,
politics98.png,e la - allk-ep -IAmIn,
politics99.png,3,
ravan0.png,h 9lnb A,
ravan1.png,hhbKktn 1G226  h   hha   h,
ravan10.png,hhbKktn 1G226  h   hha   h,
ravan102.png,Tirath Singh a ht  tl? 2le  Flbb lb share t,
ravan103.png,...,
ravan100.png,33 3ld  33,
ravan101.png,3Tyr aarura. 0000,
ravan105.png,HBt dh H f/HindTroll alir,
ravan11.png,,
ravan108.png,,
ravan107.png,GR Hplle,
ravan106.png,acebor,
ravan104.png,33ell PNB scaaed e,
ravan114.png,Phh,
ravan111.png,IEME,
ravan110.png,my Dad after late My brother to his portion of Magg heDinEXPRES,
ravan109.png,,
ravan113.png,First benchers writing application h29hnk Backbenchers HE3,
ravan112.png,,
ravan116.png,-24,
ravan115.png,,
ravan117.png,a 99Bol.com,
ravan118.png,a,
ravan121.png,,
ravan120.png,coronavirus HRTARe,
ravan119.png,182 CR ph,
ravan122.png,HBt dh H f/HindTroll alir,
ravan12.png,9 bh,
ravan125.png,68 RUPEE,
ravan123.png,5 H a,
ravan129.png,-4,
ravan124.png,pincramle oppkbainain nyff freegaest,
ravan131.png,,
ravan130.png,SCRAPS99.CO APS99.COM lnb,
ravan126.png,,
ravan128.png,3 36,
ravan127.png,ramayana_memes 3y setting ysnhl  no. hh2 hlleb,
ravan13.png,ramayana_memes : examtopper 3y topper: meme,
ravan132.png,,
ravan137.png,,
ravan136.png,fou are .mute,
ravan133.png,2 4,
ravan134.png,b ABaab,
ravan135.png,HOT meanahile Yog,
ravan139.png,,
ravan138.png,,
ravan140.png,id fat,
ravan141.png,,
ravan143.png,,
ravan14.png,H Rle2,
ravan144.png,2 f,
ravan147.png,,
ravan148.png,KOREEL,
ravan146.png,IPIH  srg,
ravan145.png,Inbox Hi babyHello bebst a 000006 -Angry_Bird_Adarsh,
ravan142.png,"f gn forat  NAMO Sollcol frr""",
ravan150.png,,
ravan149.png,Azhan Siddique @siddique_azhan TranslateTweet,
ravan151.png,2h eee,
ravan152.png,n,
ravan15.png,qsh  3 Nojoto Huge,
ravan153.png,Reee .,
ravan154.png,3  9 h,
ravan156.png,9 h  3,
ravan159.png,hh,
ravan157.png,ag.,
ravan158.png,eft.. R . Deihh,
ravan155.png,e2 . pa pawa pawa paw qae,
ravan160.png,e  n t...,
ravan16.png,Fb.com/BittuSharmaok aart.. h JndiaChat-POST&EARN,
ravan162.png,Meanwhile Manmohan Singh asked Modiji Prime Minister ke paas itne power hote hain kya ?,
ravan161.png,STOP!!! Hae Rabba Kya mere itne I'd like to bure din aa holistically accept 9aye Modi's challenge..,
ravan164.png,3fa i Slt dJn JB2,
ravan163.png,HRAERGRd MGRARIR,
ravan167.png,.,
ravan165.png,h3,
ravan170.png,A d s,
ravan168.png,Mrale Irhwg aa Teehhplagle,
ravan166.png,48 feroiletaten hea Sf 3raa,
ravan169.png,f/HindiTrol,
ravan176.png,,
ravan177.png,,
ravan172.png,122 i es lh  Ha bet  j2h,
ravan173.png,,
ravan17.png,RIquT IhI>bR SHARRGRHG,
ravan175.png,,
ravan174.png,,
ravan171.png,ga g g,
ravan183.png,,
ravan18.png,My Friend patching up with her Ex after their 5th Breakup Me:,
ravan178.png,"My blessings,Jammy. This is indeed a funny post.You are a damn funny guy,I must say.Want to work with me?",
ravan181.png,h,
ravan180.png,f9870 s3,
ravan179.png,H ..! e,
ravan184.png,,
ravan182.png,RIquTA aRd gRTS  HR... 33 q3h,
ravan186.png,,
ravan187.png,Fb.com/BittuSharmalokes,
ravan191.png,ItK JI IJh h hP HS,
ravan188.png,g  g,
ravan19.png,3RI inpngalolggpa,
ravan189.png,ag.,
ravan185.png,eaa.,
ravan195.png,,
ravan190.png,b  e hh,
ravan192.png,,
ravan197.png,,
ravan198.png,,
ravan196.png,,
ravan193.png,2h Bh Wesoh,
ravan200.png,Mastimaster.com,
ravan201.png,ii'e9Rgehng,
ravan194.png,,
ravan204.png,Hhtit9 HRRT ARTE,
ravan202.png,Mrale Irhwg aa Teehhplagle,
ravan203.png,Buntoe 3 T3,
ravan205.png,lepg dehs hle ige eNb Inlle HRAHIdTTS4SR4R,
ravan199.png,h     h,
ravan206.png,com,
ravan207.png,48 feroiletaten hea Sf 3raa,
ravan21.png,# TRIPLE9 Aap baar baarmujhe dara rahe hain,
ravan209.png,Tag your Ludo Partners hh -9 @ramayan.meme,
ravan210.png,A 3,
ravan208.png,# TRIPLE9,
ravan213.png,HODDOR,
ravan211.png,3 3,
ravan217.png,,
ravan218.png,InbS $ata,
ravan214.png,,
ravan216.png,,
ravan219.png,Thanks2 c .. f...,
ravan212.png,,
ravan223.png,,
ravan215.png,aay 64 ho arfrq,
ravan225.png,R,
ravan22.png,,
ravan221.png,RINKUCHEJARA ouuotein,
ravan224.png,3,
ravan226.png,e,
ravan228.png,K  hhhp,
ravan220.png,EUTET! 3 oanulahija,
ravan222.png,.000 1ps2n2 Inbi,
ravan230.png,"q 34 i""h",
ravan233.png,,
ravan234.png,,
ravan232.png,SHRGRHG RRe,
ravan227.png,e2 . pa pawa pawa paw qae,
ravan239.png,,
ravan229.png,f  o PICOESI H3 Sh,
ravan235.png,Memes Aadda 5,
ravan241.png,,
ravan236.png,qh h6 h Nojoto luge,
ravan231.png,tw pee HOR gon! A ehlsp 12lele lnha j1le2,
ravan244.png,,
ravan237.png,TCARRYMINAT METOTIKTOKERS 3R,
ravan238.png,,
ravan245.png,,
ravan246.png,,
ravan250.png,,
ravan240.png,Fh9n,
ravan243.png,"103 N. i""e2he oeee",
ravan248.png,.com/kumarzokes,
ravan247.png,Azhan Siddique @siddique_azhan 4541,
ravan254.png,,
ravan253.png,Jise heere ka haar samajh ke gale se liptaaye fir raha tha vo ek naagin nikli,
ravan251.png,T. yh The   p a e f  s OIzle Ankit Writer,
ravan252.png,yo arf oea op e ena a       fe-eae af alef,
ravan249.png,$1221h e e2 43,
ravan242.png,fa G hey  hnh h hih l ah e,
ravan256.png,INDIANS FROM TOMORROW AT9AMAND9PM. Ramavan,
ravan259.png,Diabhhgploblhr iaRse s!o? ??,
ravan255.png,com/BittuSharma hh  diaChot-POST&EARN,
ravan260.png,h Phh,
ravan261.png,h PhhP,
ravan257.png,DR.MANMOHAN SINGH VS NARENORA MODI JUNE 2008 AUGUST2011 JANUARY2013 2016 AUGUST 2013 h bg le  yclelbe,
ravan262.png,hlb >h 2q SHS ftK,
ravan263.png,2 I9h qRIST,
ravan267.png,Johlleic aynfaarg,
ravan265.png,mosre Jise heere ka haar samajh ke gale se liptaaye fir raha tha vo ek naagin nikli,
ravan266.png,$Hch IPEJh <h IPhP,
ravan258.png,@kavik6e ShareChat 7 0044 0024 C2024 2044 #Owe GoogePlay,
ravan264.png,Ry<qu c kes iE PuIht IbI Jokes11.com,
ravan270.png,,
ravan269.png,When you are eagerly waiting for Ravan vadhbut DD National retelecast the morning's episode .,
ravan27.png,,
ravan275.png,RR3 4R,
ravan276.png,h hh,
ravan268.png,lohllelc faaig qR a4T HT Inh3w,
ravan272.png,y,
ravan274.png,INDIA INDIA,
ravan271.png,eft ychl Bittu,
ravan277.png,Oiiigpe,
ravan273.png,ftB Ifte Kh3 dh hIL p  FL EF f/HindiTroll.in www. naldj1 HindiTroll .n,
ravan285.png,,
ravan278.png,h h -Mohsin khon,
ravan281.png,,
ravan28.png,h  3   Hlal Rplee,
ravan279.png,-,
ravan288.png,RAVANA YOU TUBE-UNIQUE RS,
ravan291.png,,
ravan280.png,Hemant Singh Mocty Blya Apr3 Le Gitl's mother When Nou Have Goyernment Job*#Ramayan t 07,
ravan292.png,Ratqi,
ravan293.png,LOL,
ravan29.png,"RIqu  aRa g<T$ aft. f< ft ych dWJ  ESe"" FhI IhIr 4 L32IE IhI SW It  Flblt Nojoto",
ravan290.png,e e!h DBh 4 PP F iInbIt2 d eR Rais als fge! THE LALLANTOP,
ravan298.png,,
ravan289.png,"Rie 9747 fayaT Jeat,",
ravan287.png,e22 oelean phsDhH pa twittery pawa pawa ueMe toor on pawa Jobh pawantoon@gmail.com,
ravan295.png,,
ravan302.png,ItK hJIL Inle h 2h SHS,
ravan3.png,m. cramge,
ravan294.png,h  h he itunh UniGreet.comd RRAT,
ravan286.png,U6(h]b2 2 3 PIcdESI WWW.PICDESI.COM ILPS f5 chtT $h -,
ravan301.png,PK fa,
ravan30.png,PK fa,
ravan303.png,,
ravan308.png,h hh,
ravan306.png,RT,
ravan297.png,"12 qT 3II4ql www. HindiTroll ain https://www.facebook.com/HindiTroll.in, Ca gl3it ac qq3 $dgR qe 2aT",
ravan300.png,ftB Ifte Kh3 dh hIL p  FL EF f/HindiTroll.in www. naldj1 HindiTroll .n,
ravan305.png,... INOIATY,
ravan307.png,... INOIATY,
ravan304.png,f sfo  PCOESI H3 Sh,
ravan309.png,M 8:59PM,
ravan310.png,hhhsa,
ravan311.png,fai,
ravan312.png,Yy sRI4: cichT  aRyT fah?,
ravan313.png,$Hch IPEJh <h IPhP,
ravan314.png,"""Pyt oa $$ dainikbhaskar",
ravan31.png,48 feriletaten heac Fpseh cpln Sfa,
ravan319.png,,
ravan320.png,2GB,
ravan317.png,IpI: tE'S,
ravan315.png,NDIA,
ravan316.png,chR :hlle bP Ppacthahlep ChT3RRC,
ravan318.png,"pIe ig at HRdI4 3rART  t Ea 3RdmRr  44 yc, aq t at R dppi I?h 2h'pP>hPF Simranjeet Singh Sasaram - 2 weeks ago oh  h+? 3Rgd1 q qx",
ravan322.png,h Happy Dashahara -Fakre alam Sid,
ravan323.png,f3 3,
ravan326.png,c 3 fc  INDIATY,
ravan321.png,c 3 fc  INDIATY,
ravan325.png,"fIu 15:29 4K FIhE3, 31qT9T",
ravan32.png,RIquT eft q 37 c fht cT 15 aRq chT,
ravan329.png,feia,
ravan328.png,3 PIEI hlint,
ravan327.png,,
ravan334.png,,
ravan332.png,,
ravan333.png,,
ravan331.png,EME,
ravan33.png,,
ravan330.png,## hhhb #,
ravan336.png,q bh  GAUTAM PAL,
ravan324.png,U6(h]b2 2 3 PIcdESI WWW.PICDESI.COM ILPS f5 chtT $h -,
ravan339.png,CCTVf faeell ZEENEWS.COM follow us on /zeene,
ravan337.png,hph 0 3TART,
ravan347.png,,
ravan335.png,"12 qT 3II4ql www. HindiTroll ain https://www.facebook.com/HindiTroll.in, Ca gl3it ac qq3 $dgR qe 2aT",
ravan345.png,HOT meanahile Yog,
ravan346.png,elnpia s pa,
ravan338.png,THE INDIA EYE 3R33c PNBscdaacdg ThelndiaEye,
ravan349.png,Ih2j hIH Ihe '9lB KtJ 9lD 3,
ravan34.png,,
ravan340.png,Intpis aay 64 Hq 30 3 3 8fr4,
ravan35.png,,
ravan350.png,,
ravan348.png,ichah,
ravan36.png,Press.e,
ravan4.png,G@10,
ravan37.png,h yH) IPeJh ?h,
ravan40.png,Hi,
ravan41.png,ACHHE DIN MEMES,
ravan42.png,ACHHE DIN MEMES,
ravan44.png,,
ravan39.png,: h 3,
ravan43.png,RR ACHHE DIN MEMES,
ravan49.png,h hh,
ravan46.png,"Nobody. Drones at weddings: 10:20 AM Apz 4, 2020 - Twner fot An",
ravan5.png,96  3 33,
ravan45.png,@10 InPI2 k H-9,
ravan48.png,sarafya Rraurara! 00900,
ravan50.png,pnb,
ravan51.png,Azhan Siddique @siddique_azhan Translate Tweet,
ravan52.png,"da aajtak.in RIAR, SATGR",
ravan53.png,-,
ravan55.png,R 3ndd,
ravan47.png,aR3ARchT chIgqa hph,
ravan54.png,33 3 E Hindi Quotes os.blog,
ravan6.png,EPJPATAKHA,
ravan60.png,,
ravan63.png,,
ravan61.png,RLVE,
ravan56.png,3aa  fbdl ai fee I f qT INDIATV,
ravan58.png,HR 3f dq 3 dql4 eRd INDIAT,
ravan57.png,,
ravan66.png,9,
ravan69.png,,
ravan65.png,qaff rffg ot,
ravan64.png,nappy dussehra www.snsyerie.sllsh.com,
ravan62.png,Godman Chikna @Madan_Chikna Mybrotherto myDad after Iate his portion of Maggi TheIndianEXPRESS,
ravan68.png,,
ravan70.png,aeg..!,
ravan67.png,,
ravan71.png,nb 154 n,
ravan7.png,"karan singh @karankiru224 Iconic moment #Ramayan 4 9:53AM-Apr18,2020",
ravan72.png,,
ravan74.png,,
ravan73.png,,
ravan59.png,alar a 99699 00966 s  a/l aslaurr afeyuf alam 3f S a alamy stock photo TXDPTG www.alamy.com,
ravan76.png,h,
ravan75.png,,
ravan78.png,. hb lojoto,
ravan79.png,W?h  h? p>Ik JJtIE cichhd,
ravan80.png,q wa h 273 INDIAT,
ravan82.png,,
ravan8.png,,
ravan81.png,TAR RIqUT,
ravan77.png,Ryh Reaefah 3 RTOTPM et-fe AAA FAKE,
ravan89.png,,
ravan85.png,"sicrqfar RquT H aRg ""dIh Ih 5I>E a aft ai sis Tef &...!!",
ravan90.png,,
ravan9.png,,
ravan91.png,,
ravan87.png,,
ravan83.png,Thg le ann bloh Jpag le lak an T3C Ua @ DE g 303 yeger a deglel fae?,
ravan92.png,JokesFb.com,
ravan96.png,,
ravan86.png,hhhhh hchhhe hh$ h hoh ch hlh tfay h   1h2 hhcs h faGry,
ravan94.png,Ho 134,
ravan93.png,t yo atar IndianFunnyPicture.com,
ravan84.png,DR.MANMOHANSINGH VS NARENDRA MODI Surgical Strikes during Dr. Manmohan Singh and Narender Modi JUNE2008 AUGUST2011 JANUARY2013 2016 AUGUST2013 Ihq q[d Ple 3il qjt 94R,
ravan88.png,Prqee i9 L Yhbb cb Fallow Caroonsat Hemant,
ravan98.png,,
ravan99.png,hn H bh,
ravan97.png,ga g g,
rel102.png,How Abdul Karim Telgi pulled off one of India's biggest scams THEBTLIFE Mutshell,
rel101.png,nrapee No Sharia!No IslamNo pederast Imam!,
rel100.png,bp9 etfsat fe i ait fa 3ie3o eeahae IdltE iiaa,
ravan95.png,Pamaal weexlY f fore fayer .. hh ble ...,
rel10.png,"2 qfBJP -yhchdf syi Savage memer1 Yahi thi tumhari Bengal election ki tayari, bhosdike?",
rel103.png,ll alir 87 t ag t t a t,
rel1.png,"Posted On: @illllovebbbbu ShareChat ghfas-i iie JMGIR, www.newhindishayari.com #R GooglePlay #",
rel0.png,@jiddi baap ji mobile mafia Helo MisterSuccess QMister.Success  3Hard Work   fg at al  Hard Work Beats The Talent MisterSuccess #rochak vichar #rochak tathya GETITON GooglePlay #rochak tathya #rochaktathya,
rel107.png,,
rel109.png,BANK BALANCE SRMOBILE NUMBR,
rel108.png,28 29 a Aap chronology samjhiye,
rel106.png,BAAHUBALI-2THE CONCLUSION 310 3,
rel105.png,312 3c t astfq oy t   t aassc 200dt y3r aed aeqgs3 aae TODAYBREAKING NEWS,
rel110.png,R Translate-Tweet,
rel104.png,pihu_ Posted by 9h 3,
rel111.png,NATIVEPOSTIN,
rel113.png,,
rel114.png,amaruala.com,
rel112.png,hh9h RPA PM,
rel115.png,DB,
rel116.png,,
rel117.png,q chI $HIc,
rel118.png,,
rel11.png,RR Url? att,
rel119.png,Inbl HindiSatire.com,
rel121.png,h Ye hai humare values,
rel125.png,3faEinstein  photo Thb hf yhla Aarst ??e,
rel120.png,MAHATMAGANTEI ANTI MOTIVATION,
rel122.png,,
rel123.png,H  cc  c  n dr nis a nle Amit Shah ne kiya Modi ji ke kaale jhoot ka parda fash!!,
rel129.png,CHINTU TIWARI,
rel128.png,,
rel126.png,33 elarbeeins e eam e alh 3c,
rel124.png,Source: www.gozobhindi.com 96 965 . /gazabhindi 951802622,
rel131.png,,
rel127.png,ABPf@abpnewshind 21 NU h. @BJPRajnathSingh,
rel13.png,Bbbc3Pn,
rel130.png,OURCE OF INTEREST TO THE WO,
rel132.png,STRTEHIGTHR 3f 99 C,
rel134.png,21 Kh,
rel133.png,caaa  ole ahade l IPLt oc o yot a,
rel136.png,PtI ePIhbltHy asianetnews.coM,
rel137.png,,
rel12.png,Posted by: Posted on: ShareChat @__pihu_ 64 ET 3 a Hq #fRh CBIh GETITON GooglePlay #CBI,
rel138.png,,
rel135.png,happy birthday to you 23 02,
rel139.png,ia 9hhgh,
rel142.png,3,
rel140.png,If you want to shine like a sun First burn like a sun. Dr.A.PJ.Abdul Kalam,
rel143.png,h 3 10:22.PM,
rel14.png,Ishbla bllo iah so iblia la llaln nleo.,
rel146.png,2bhhkphle b .,
rel144.png,45 e f,
rel141.png,f,
rel148.png,,
rel145.png,#1   e  d y f  fy r a fr,
rel149.png,40 n,
rel147.png,"1962R 60 Kapur Singh Rathee, an 82-year-old retired Subedar from the Army was at Galwan valley on the India-China border when war was 1962",
rel152.png,more details click here.. SeG qf0{HT q qgq a14],
rel153.png,,
rel155.png,3,
rel156.png,,
rel151.png,d3  so ers t  eeaf feadeaeasifouo Support CAB-NRC,
rel154.png,Jeff Bezos Inspiring Story 63,
rel150.png,,
rel15.png,"qh3hc 3hch. BBC21hours ago MEMOLOGY56 This isrobbery,. You understand!",
rel16.png,,
rel158.png,h me Nojoto kjlshuklaangel,
rel157.png,3 Eb.meVn,
rel163.png,,
rel160.png,2931944 .fas3,
rel159.png,e. @2070716576 Poskeo.0 Hedih,
rel162.png,faarafcaeeit 200,
rel164.png,aRss 3,
rel161.png,e hra hb h a,
rel165.png,hdle,
rel168.png,,
rel166.png,Source.www.gezobhindi.com 211783 2 /gazabhindi /gazabhindi/gazabhind,
rel167.png,2 ata ait... 66 Se e,
rel169.png,Sunil Bass at ~,
rel170.png,,
rel17.png,,
rel173.png,,
rel171.png,Red Fort t fa 3,
rel172.png,UTOR 2ch a h,
rel175.png,I pSp h 6,
rel177.png,f,
rel174.png,fa 456 BP13000 32%fBP 3.,
rel176.png,f f,
rel178.png,h3 L-bblnl,
rel179.png,.rafi f2f R fRR Jay Hind,
rel181.png,,
rel182.png,Fhn np  h,
rel18.png,34 343 Fb.me/UnofficialPriyankaGandi,
rel186.png,,
rel180.png,,
rel187.png,1C Ra K2hn NC -,
rel185.png,1t 21f f HS,
rel184.png,21f,
rel188.png,3,
rel183.png,R3dI3qH1,
rel19.png,iiin ynahh9dae!e h afyttf,
rel190.png,co aif ger pmcdi eWd ge ea iePewele3,
rel189.png,arate 3srset f lagur e we Hg TAXAB fDDn- in,
rel192.png,BH4goi3dred SPMCARES yearaealel agih-IRPh-op,
rel193.png,P2h CC,
rel194.png,--0-4 ..,
rel191.png,hh n --0-4 ..,
rel195.png,429194052 ShareChat Hh h VIDYAVAHINI sachn beet.ha,
rel197.png,G Ph 3S,
rel196.png,i 2 19 arc ST aai rel g... ddl Rel,
rel198.png,ELECTIONE#UMLA 3 ii h 122,
rel201.png,,
rel200.png,66 E 66,
rel204.png,ah$P 3 aat,
rel199.png,.. eesanade 72 2h 2hh9h 3100 P hcpPal Q 39,
rel203.png,h 99 @aajtak,
rel205.png,b e      Nojoto Prince singh,
rel202.png,@bhupinder8511  ghlle Ph lhp hl,
rel206.png,eicilgs ai  faea 3re dar en,
rel207.png,R,
rel208.png,Plle lean lnn ale gs elela e hagpe eah p Qhapa,
rel2.png,Post karne wale: Posted on: @162835624 ShareChat her figat s xredpost.com APJABDULKALAM #Anmol thoughts GETITON #anmol thoughts Google Play,
rel20.png,"RSSa fqyAft TEI E HRdq dal q ale gs elela e AT 6-7AaA a4R, 9  2 f: Hqd HE p Qhapa Plle lean lnn pie hagpe eah 1}}",
rel211.png,acpchlap 3,
rel209.png,"30      n  Type""Om Sai Ram"" awnuno yonyse",
rel210.png,Ph A 2R B DS2 000 5000,
rel21.png,@41581326 hare,
rel213.png,,
rel217.png,,
rel212.png,ydd faa h e Ibh  b,
rel214.png,32-4 H Ph Iclppe h e,
rel215.png,4,
rel216.png,3 h9 ANI HardikSayani,
rel218.png,f-15 h    n,
rel221.png,22,
rel220.png,-,
rel219.png,HIGHiO @HIGHiQ.IN 500 536.2 127kg,
rel224.png,PM CARES Fund,
rel225.png,,
rel223.png,he,
rel222.png,Motvat speae,
rel227.png,t eeee? hloappahpp gpo,
rel228.png,ceenoder Peghpale les,
rel226.png,R nyd,
rel230.png,,
rel229.png,chfc  gk_questions_daily,
rel231.png,,
rel22.png,ailfs4 HR 12a y8 WrP? F ed th Hp?Jb L Mediadarbarindia A Mediadarbar Mediadarbar Mediadarbarnews  Mediadarbar.tv99909-13123,
rel232.png,,
rel233.png,,
rel23.png,/UPsCExtraAttempt2o21 eshesae dae e3echpaia lano aPhe a /Age Relaxation,
rel234.png,Secularism -Mota Bhai @We_Anti_nationa Le Modi-Hypocrisy,
rel236.png,exam162162 h 160,
rel237.png,,
rel238.png,fe dftH3 3 wAR SNRI,
rel239.png,dcISRol 3fR How To Stop Hair Fall ?,
rel235.png,3ShareChat . us Mz.Mandaji_Dumkaharkhand49162043947 edknikata mm #gldkolkate roll#eli puie?kpkata#,
rel240.png,NAMO  fT3 R  i e e,
rel243.png,. wh,
rel242.png,PhPhh 3f 3 335,
rel244.png,fsa,
rel241.png,News240 @inews24tvchannel @AmitShah #KumbhMela2021 #CoronaSecondWave Translate Tweet,
rel24.png,R Jatt,
rel248.png,P  d ????,
rel246.png,,
rel250.png,,
rel249.png,35 fdlcit eeesodl aoba a ape ahalle,
rel247.png,faocoll ALBERT EINSTEIN THEFACT LIGHTE,
rel245.png,3 SBIPI BIP BIP s nfff fs,
rel25.png,T ah yd faa  yqHRdq d U P?In l ltPbHK J?Ih Translate Tweet,
rel256.png,,
rel255.png,,
rel257.png,MIENI,
rel252.png,edeiyesys sssss EL hba9 95,
rel254.png,-,
rel253.png,,
rel251.png,@_ummati_ -women   py PEh,
rel258.png,"I will never give any such type of pain to my devotee, which my devotee cant endure.Yes,it is true that1 take test of my devotee:Sai Baba",
rel261.png,,
rel262.png,,
rel264.png,SG 3 HwWohd,
rel260.png,Roleaalda ppole,
rel259.png,....,
rel266.png,,
rel265.png,hh 3 shinde-ahe,
rel269.png,International qollal ers3,
rel270.png,,
rel263.png,ff ire MARVA he k  10,
rel267.png,?ea qIh  Uela qStRas,
rel271.png,Nojoto,
rel268.png,PAGE NAME-ERHIG UN,
rel274.png,,
rel26.png,4R2SR Posted On: @_1_ ShareChat IG/@Baps.Quotes s Hi yRd... s  ay #yHSR GETIT ON GooglePlay #yHS,
rel27.png,"InI 2pF:P[e 2hI2IpgJ  >hlI] fh4T, chsI- 34cht g  3laT at  IP?4 IFr lt 3145",
rel273.png,VOTEFORMOD,
rel275.png,,
rel279.png,Just be calm and relax. You will get your answer automatically.,
rel277.png,3q Rdd at af 3y 33 %6n,
rel276.png,3q Rdd at af 3y 33 %6n,
rel272.png,SR104,
rel280.png,,
rel281.png,f Result s,
rel278.png,NPRS Hald 217E,
rel282.png,"A freedom fighter,fearless leader, architect of United india and Bharat Ratna. Remembering Sardar Vallabh Bhai Patel on his 145th Birth Anniversary. The real world lron Man.A",
rel28.png,3fad B an g ae ee ane d ala fafalece ea),
rel283.png,,
rel284.png,0000  fas,
rel285.png,3,
rel287.png,REMEMB elle gee,
rel288.png,,
rel286.png,b.cor rkhadut,
rel290.png,DaddyNeus ShareChat 3 LIKE.SHARE.AND SUBSCRIBE FOR MORE VIDEOS,
rel294.png,2,
rel297.png,,
rel293.png,,
rel291.png,,
rel292.png,Follow 5 @Dil.kii.baat.dil,
rel289.png,5 ereyecafeld al Follow @Dil.kii.baat.dil,
rel295.png,f,
rel29.png,qSqTHq Rs3 3 Post Maker,
rel299.png,Sikh yn,
rel30.png,,
rel3.png,"thh 3 Phlle 1:36 Best motivational quotes,MOTIVATION MAAFUNIVERS video MAAFUNIVERSE-All in one26 views2 hours ago",
rel298.png,90 a 2,
rel296.png,h 90 0 2 20 a,
rel300.png,,
rel302.png,raridossi.cse Humari Dawa Remembering the father of nation on his death anniversary follors -HD SH D,
rel303.png,33,
rel301.png,Postedby: ShareChat Posted on: @arunpatraj phe B pP MrurPabro,
rel306.png,,
rel305.png,56,
rel304.png,227 22 march Sunday 7am to 9pm,
rel307.png,OLD ADS ON UNEMPLOYMENT   SUSUSWAMY ARE BACK TO HAUNT MODI,
rel308.png,R 15 Thagdunly,
rel310.png,hc 6hAeeaDna pbnpaanIgeUnplle,
rel309.png,R,
rel314.png,foigait at PUB G ye e  ffr,
rel315.png,R72,
rel31.png,R3R U2 att,
rel312.png,@41798178 Shareh 5. g,
rel313.png,OstanChat  y... eh i...,
rel311.png,h Best motivational quotesMOTIvATION video MAAF UNIVERSE-Allin one-26 views2 hours ago,
rel317.png,H 3,
rel316.png,2024 45-45 h,
rel320.png,Tik 3,
rel319.png,fe,
rel318.png,3 DR.APJABDUL KALAM h,
rel323.png,Bhosdike R,
rel325.png,,
rel324.png,Awaken indi,
rel322.png,SmileWorld. SmileWarld.,
rel326.png,E V  ft   Ra,
rel328.png,dd AV Digital GOCCCCCCCC,
rel327.png,19b 2f 10-20,
rel321.png,66 hh 99 (1997) CHAMPION ik the idea of good governance +I am happy for,
rel330.png,30R4 chg,
rel329.png,30R4 chg,
rel331.png,9h0989 Ye toh hugg rha hai chutiya,
rel33.png,40 th19h HRChRHCch,
rel333.png,3 VC iih.h,
rel332.png,,
rel32.png,Departi olRelatiensd Panjab digarh chadl aft.. hyo,
rel336.png,dhHpH i Part-2 with Real Story,
rel334.png,f -.. -BAf BA #BABA,
rel335.png,Hfacne fod yeR fie Ipleh,
rel339.png,Bjp  4,
rel338.png,Happy Birthday toMahendra Kapoorji fs,
rel337.png,3qRol alR dR   ian,
rel340.png,2,
rel344.png,,
rel346.png,,
rel343.png,W+RLD,
rel345.png,,
rel347.png,RDAC,
rel341.png,,
rel34.png,h 3T1 3 hh-,
rel350.png,HRtR modiatslt,
rel342.png,,
rel349.png,a today is birthday of ro nan 3,
rel352.png,,
rel348.png,Police t r  qt ?  8 police   PM 3,
rel353.png,"4A.... We are different by religious beliet, but we are all working together for our sole hunger relier -HENOTR",
rel354.png,... 12:10.PM,
rel351.png,h 2 f OSAFALLIFE,
rel35.png,AR plpehle newsonairofficial,
rel355.png,1 @Chalohindie,
rel359.png,,
rel358.png,AAP,
rel36.png,d 3n   09,
rel356.png,India400+ RSSBJP hd 3,
rel362.png,Mahatma Gandh,
rel360.png,Fb.com/lamwithBarkhadutt,
rel357.png,85 Mahatma Gandh,
rel361.png,ny,
rel366.png,,
rel364.png,at yddge,
rel363.png,yfo,
rel369.png,yfo,
rel365.png,LOL,
rel367.png,,
rel370.png,,
rel368.png,34fa3,
rel371.png,INDIAY fadrgd a dedissidid ape INOIATY,
rel373.png,fats,
rel37.png,dIq 3T3 E U 2I4 3OR4T qSI,
rel374.png,2h h,
rel376.png,,
rel378.png,aisitold Saloiier f,
rel372.png,AKINGNEWSC MRRE 3hours ago waegwem Rest n eace,
rel38.png,fa DRAOPUTHEROS,
rel380.png,,
rel375.png,Talent 3 gPay  bap mlemafa MisterSeccess R 3 Helo,
rel377.png,bap mlemafa Helo MisterSuccess f at a   Hard Work Beats The Talent MisterSeccess #rochak vichar.rochak tathya #rochak tathya #rochaktathys gPay,
rel381.png,alldaleagar lfetotfee Telhjaalehanibrb sh,
rel383.png,ag,
rel385.png,1qP14,
rel386.png,STAERAE SNSULAOISERKI,
rel384.png,f H,
rel387.png,Hindian @hindian_ f ~ @hindian_,
rel379.png,041581325 ShareChat fa nn,
rel391.png,,
rel390.png,,
rel382.png,h fafr  R hhe .,
rel392.png,i,
rel388.png,5 fariae 13.6 3,
rel394.png,R,
rel396.png,#go ..,
rel39.png,q?3iR Palte EXPERI aig RR IpSh,
rel395.png,-Mahatma Gandhi pSiraanan Bapuji yeh kis line meln aa gaye aap?,
rel397.png,ahsh a .,
rel393.png,OK LIFE CARE OK LIFE CARE INDIA MLM BUSINESS 3 3c farafed START YOUR OWN BUSINESS,
rel389.png,2/7 4 22%3 A 9 1300032 20 March 2019af con at Bp g,
rel400.png,,
rel398.png,frf 3 3,
rel4.png,Schf 34 PhPPhhh,
rel399.png,"Remembering former Prime Minister of India,Atal ji on his birth anniversary MEMECENIRAL R A great politician, a poet and a man with O haters.Massive respect",
rel402.png,1962 3 60,
rel40.png,ara feie ssansct 33fa f TAXAB Share & Comment Manu Gaur autorg in/,
rel403.png,fa @RASPUTHERO,
rel407.png,f,
rel404.png,-i.g,
rel405.png,q3 Palle ai qgal f&,
rel408.png,h,
rel406.png,46 -,
rel41.png,GANDHI JAYANTI SPEECH FOR KIDS IN ENGLISH with text-,
rel401.png,,
rel412.png,#f Caption Kingd,
rel409.png,5:57PM YourQuote.in,
rel413.png,,
rel414.png,h h 3r,
rel411.png,"Goodnight dear friends ""TEE",
rel415.png,JAI GURU,
rel416.png,.,
rel417.png,RDS-,
rel418.png,s,
rel419.png,s,
rel42.png,U>P W9n dl2p hh,
rel421.png,RVCJ i,
rel422.png,,
rel420.png,"a Lockdown  RR. nn YOUTUSE CHANNEL. PADMABHUSHAN JAINACHARYA VIJAY RATNASUNDERSURI 49555,9223349533",
rel424.png,Ph,
rel425.png,R,
rel426.png,BIP pap  nbeah bhh,
rel410.png,3 3 JLSTICE  3 fex TAINKLECWA 3 #Justice4twinkle  f.,
rel428.png,nn Phe Pho 9P9,
rel429.png,a ghc Repaangg ancae,
rel427.png,dlqd paale langl ohi Download Dailyhunt on Play Store,
rel43.png,Ihhs 3 3 344,
rel430.png,,
rel423.png,9 9pPh9hb antgadge babe #sant gadge babs,
rel434.png,hae 34 Gy,
rel431.png,ftenstfa p2h2p,
rel432.png,Nojoto TShaikh Salim,
rel435.png,I Repeat..,
rel439.png,21 Lock Down Update up-to 3 May,
rel438.png,3,
rel437.png,3,
rel436.png,,
rel440.png,hh Oxygenet,
rel44.png,#modi_job_do #modi_rojgar_do 16:01,
rel433.png,Z435 p9h Pp 59 Rate,
rel441.png,"40UP 70 Pldlm By News Desk-May 26,2020",
rel443.png,,
rel446.png,h,
rel442.png,f  f Jblola,
rel444.png,h f,
rel448.png,,
rel449.png,"When your Crush Comments,'Nice Haircut'On your Profile picture. qeneiratfheretnet.",
rel445.png,HappyWoumiy all wo h ph 15 hsbPH,
rel447.png,bh -anf yhhs ahi.chi tumhari iBengal electionrki tayarb bhosdike?,
rel451.png,f. R000000000e,
rel453.png,,
rel452.png,,
rel45.png,Our Race is Lrng Belng Mankind isour Religlon. HinduMusl Skn.Chrstan thereisnoseparaterelgion Sant Rampal Ji Maharaj f GyanGanga.or Visitowww.jagatgururampalji.or,
rel450.png,f241 tupueg euneyer,
rel456.png,,
rel455.png,ff NIDHI BROTHERS WRITESCG,
rel457.png,JAI GURUJI,
rel460.png,aa,
rel463.png,,
rel461.png,33 d,
rel459.png,,
rel454.png,"IG|lcrochakfact nteigent 3 Hand writing e Forge o Follow & Sha @rehaft Share"" ade 7gePay",
rel458.png,deveshnayak Oswr 2 a 94,
rel466.png,,
rel462.png,ceras feesns3nscte,
rel467.png,5,
rel464.png,hFolon,
rel470.png,,
rel47.png,,
rel465.png,2,
rel468.png,hs15 24,
rel46.png,@162835624 ShareChat che as igats #Anmolthoughts #anmol thoughts,
rel469.png,LAL DONGAR,
rel472.png,,
rel471.png,,
rel475.png,e t   aaaoeepop,
rel476.png,ferr eetdfe R,
rel480.png,,
rel477.png,ee hy,
rel478.png,India-China Face-Off ele,
rel479.png,2024 R,
rel48.png,Ph,
rel483.png,f,
rel485.png,15,
rel482.png,hchch,
rel473.png,gelugneged@ Sharechat,
rel481.png,mEkKadamSaaltaKiOr h nee- hn f,
rel474.png,24,
rel487.png,Medity fa h www.moforgmorgsmodiferpmorg,
rel489.png,3 3-33 hh,
rel484.png,I h g a  y,
rel486.png,aa.. i #StopPrivatisation #boycottPrivatisation #stopSellingPSUs#SavePSUs #Savelndia,
rel493.png,,
rel494.png,,
rel491.png,,
rel488.png,AND1.2EILLION INDSANS DEDICATED TO INDIA BSNL4G h 22,
rel492.png,#GetWellSoonMotaBhai 21.090,
rel490.png,2012269319 ShareChat duedOn P,
rel496.png,"56"" e",
rel495.png,3 Inttle hltt3,
rel49.png,Posted by ShareChat Posted on @arunpatraj h 3461 #n-Motivation Arun Patraj#Motivaton,
rel498.png,Arun Patraj#Motivaton 3461,
rel497.png,Hs pgcahah 3,
rel499.png,3T4 aistase Hs,
rel501.png,fRt t.,
rel502.png,,
rel503.png,879 $68 A,
rel50.png,"sharechat ggfa-i yd wwwaewh hindishayar.com JGOR,",
rel504.png,683  11 Marh 2021,
rel505.png,Kya paap kiya tha yaar maine,
rel500.png,-3 If lockdown'll continue like this. Then onty two classes will remain 1-Rich class 2-Poor class Middte class will be extinct... OVILLAINOjIO YourQuote.in,
rel506.png,NAMO   b   i,
rel507.png,atha -Water sohab Youruote.ir,
rel5.png,"ZEEBUSINESS Petrol Diesel Price 12 May 2021: qga t gl <?  qal- as g, Hqs  100 a chq, TH Updated on:May 12,2021,07.42 AM1ST @RoHitiwari petrol ka rate dekhte modi ji.",
rel51.png,g sa,
rel508.png,,
rel509.png,1962 60 4,
rel512.png,,
rel510.png,#UP$CExtraAttempt2o21 er afet y eaeush e paa aphe2ba #Age_Relaxation,
rel517.png,,
rel513.png,,
rel514.png,hst,
rel515.png,jokes hi jokes,
rel511.png,he   a 4R  iat at n nt mA 3,
rel518.png,@ravigaur2000 Raiaam,
rel516.png,,
rel52.png,34,
rel519.png,34,
rel525.png,,
rel522.png,S newsr,
rel520.png,ff Rss,
rel521.png,R hn,
rel524.png,"Happy 64th Birthday To Chairman Of ISRO-SirK.Sivan From A Son Of A Farmer To Making India Proud Globally,This Man ls Such An Inspiration, He Once Cried For The Nation",
rel527.png,"OHMEB Executive board""",
rel523.png,Depart Panjab Relatien att..,
rel526.png,,
rel53.png,ch,
rel528.png,pl 1ne #e 2l H raffar faerg,
rel530.png,,
rel532.png,,
rel531.png,Bhole f. meremahadd,
rel533.png,-3 6510246,
rel534.png,phpoada Inlop paghaphral ae Heqle lqeotdolls,
rel529.png,"ferese,tce she h wida sh Joe a lldne   e appa",
rel536.png,y. s,
rel535.png,H.. OWAN R,
rel539.png,h b,
rel540.png,ad112 www.everydaylearnnewthings.com,
rel537.png,,
rel538.png,No First Use pe tt GHE,
rel54.png,"fMahatma gandhi memes Viral_bapu, 3",
rel543.png,Hecchsch,
rel541.png,sis Guk vorlc lalggilah n  3,
rel542.png,RIP,
rel547.png,Ple 33 How do youget so muchstrength?,
rel544.png,.100. . .1.000.,
rel545.png,BREAKING NEWS MAIBH Bihari 2bdh,
rel546.png,Aeyp115 Eritrean Mother turns 115 years old,
rel551.png,hf-,
rel552.png,gs,
rel548.png,yfa 3,
rel553.png,,
rel55.png,6a 3 RSSy WTF,
rel549.png,RZuckerberg 3 3q Facebook ch,
rel554.png,gazabhindi gazabhindi 2-nonena H,
rel550.png,gazabhindi 2-nonena H gazabhindi f,
rel555.png,15 R Rsa,
rel556.png,pP II82 I I) aAaR at si2,
rel557.png,"INDIAT'  leae Ee fEdlqd qT SIpse ""aing l e? INDIAT'",
rel56.png,RSS3 6-7 2,
rel57.png,12,
rel561.png,b|$ qq JP$h !E Kt I&2 HS hIe Ih IE HindiSatire.com,
rel558.png,,
rel559.png,Posted On: @2012269319 ShareChat 31 33   DhakadBaate.com plobsiplo# GooglePlay #old is gold,
rel6.png,PROTESTERS:-JAN DE DENGE LEKIN APNEPAPERSNHI DIKHAYENGE,
rel58.png,99h ftfaY,
rel562.png,1r!r P3 f4T hgT MemeChat App -#bP Kya paap kiya tha yaar maine,
rel60.png,3 MORARI BAPU'S ONLINE ADDRESS TO IMC (CHAMBER OF COMMERCE- MUMBAI),
rel59.png,pallt 2let f da fac Hrd affarderdr HR fqacgqR,
rel61.png,olqfata,
rel560.png,Dr Sharad Singh 48y R,
rel63.png,ST.,
rel64.png,,
rel62.png,Petrol Diesel Price 12 May Updatod onMay 1202107.42AM IST werlo petrol ka rate dekhte.modi j,
rel65.png,,
rel66.png,Result t  H,
rel67.png,eaeeh aeoogphbaR 2 h bh,
rel68.png,6000000 H2Wh,
rel71.png,34,
rel72.png,,
rel74.png,,
rel69.png,fnetafa faett ... ster eenaae forfes ... aese,
rel73.png,fro R,
rel77.png,,
rel76.png,@voice_of_heart_301l,
rel70.png,eh lle leop 3g,
rel75.png,f 5,
rel79.png,f,
rel78.png,opasyuaale 3 Helo,
rel82.png,,
rel8.png,RR,
rel80.png,geeeag 3h 0 a,
rel81.png,M Motivational,
rel83.png,f,
rel7.png,@pagaldhingali E h,
rel84.png,fas afsy?,
rel85.png,HAIR LOSS Shle,
rel87.png,R EVM ch,
rel86.png,"16June2020 NDTV 320 19June,2020 alil ge9ddc",
rel88.png,ISRO,
rel89.png,LOCKDOWN celod   Ph2 09a ahe aapphe n,
rel9.png,"3 33R, me TP Ph $l Nojoto kjl shukla(angel)",
rel91.png,AN!@Highbpnews3d Breaking,
rel90.png,,
rel92.png,@shajarekhwab Dr.Rahat Indauri Aastl shajarctheal,
rel96.png,PROTESTERS:-JAN DE DENGE LEKIN APNE PAPERS NHI DIKHAYENGE,
rel94.png,,
rel93.png,p afaa f m.dagar,
rel98.png,R,
rel95.png,VidStatus ShareChat mogmaghnd johe f,
rel97.png,@unsolvable -Mahatma Gandhi,
rel99.png,FOR MORE INFORMATION MUSTVISIT 10 1692,
sexist0.png,Lltle9h ph2b Tik-tokgc hleThle,
sexist100.png,Bhai ne to keh kar le li Tik-tokgc,
sexist102.png,,
sexist1.png,Coronavirus WWI chRIdI aRRT chl chicR Tad Sddi cidf  3 wu  k p9 q9E Re RJ I3 IRllek Wl y2 Jy kJ WWW.SHAAR.GURU,
sexist10.png,Asian Paints /Dhukadab 10 ohyaaro.com,
sexist101.png,kes hi jokes YOUTUBE IEt,
sexist103.png,31 qoj-  saeh  peheaShp qfae-3 f3 p n ye1-h,
sexist105.png,HR qet a al al g al,
sexist106.png,HR qet a al al g al,
sexist104.png,HR qet a al al g al,
sexist107.png,,
sexist109.png,,
sexist11.png,Tik TokIs Now Officially Banned! Tik Tok Indian Govt asks Google and Apple to remove Tik Tok app from Playstore and Appstore respectively,
sexist108.png,Ph-Ph shlle 5f- Tik tok  h ww.w.nmanokesadca.com ibqndb ASARATNCR,
sexist110.png,PJ -h h e hh n-h hla,
sexist113.png,U HtlE L lhlP?It %06 P RR44G 3iR... 2p t$tIL  %0l 2e JIb,
sexist111.png,31 g3 n inle ap wg ah 3 ..,
sexist116.png,,
sexist117.png,,
sexist112.png,,
sexist115.png,9 P  lE e a a a  RaaR ii  P HE L,
sexist114.png,31 -3 at c   fle hlle sJhe 1dJln HA,
sexist121.png,,
sexist12.png,h 3,
sexist118.png,ctress Tik Tok t,
sexist119.png,,
sexist122.png,Lb,
sexist123.png,,
sexist120.png,Reporter3 f  Celebrity:ef Salman  c ol e,
sexist130.png,,
sexist127.png,,
sexist124.png,"PAh Pph hlle ""Eh ultimateright.com",
sexist128.png,,
sexist125.png,,
sexist126.png,Tik tok3 ibshle Jl-Ph www.hinduokesadda.com Pubg,
sexist13.png,ER hh  fg TikTok,
sexist129.png,3-What is this? s-This is  3i 3-What is Dahi? a-Milk sleep at night and morning become tight,
sexist132.png,,
sexist135.png,hehe iyy iche,
sexist133.png,You tube t  Baskar.in 3iR tik tok aln as,
sexist131.png,Felt B6,
sexist137.png,. MajakTak dpb oaehhle,
sexist136.png,2000 oiceqeal NEWS 18 S1841 S3R,
sexist134.png,lh taeeH Pe te Ih CHck Here Funnyindijokes.in 1oo%cg,
sexist138.png,HA-HA fooccdlo Ihmh Ipenehehk Le hahlle,
sexist14.png,ATUS.IN qwff d,
sexist141.png,dc 3 arc t 3y uttimateright.cow,
sexist143.png,,
sexist142.png,3 Funnyhindijokes.in1oo%dcg,
sexist140.png,www.99digest.com Shhe 3,
sexist144.png,,
sexist139.png,Fulfah... dctoclso 3  Happy Valentine Day onvaaro.com,
sexist145.png,f.... 3Ruau... al.... cI I SR  l R,
sexist149.png,TikTok aht anR,
sexist146.png,Si- 3 hen /- ATTITUDESTATEIN,
sexist150.png,,
sexist148.png,3h  tft... staft...?? Loekdown2.0Jokes veg f4 GITERA,
sexist147.png,olobaf NEWSIB R3R alle lebd,
sexist15.png,5 fci PUBG JovesWolo,
sexist153.png,at instagramr tik tok pubgh marks  Ihhmhge KinaiDigitalCom,
sexist155.png,GyaniBaba,
sexist151.png,"Laila aur Majnu To karamjali me Mein tere pyaar tere pyar.me kaun sa engineer ban gaya?? me lut gayl,badnam ho gayi,barbad ho gayi Majnu Laila",
sexist154.png,,
sexist156.png,31 C.G.Tixtok Video -,
sexist157.png,ATM. R 1525 NEWS,
sexist17.png,Dont Woy Your Bf is A Tik-Tok Star Tost,
sexist158.png,chsch chs c  hlle pe okes  TIKTOK VIDEO jhe Pokes11xom,
sexist19.png,12 chT ya afat Tiktok yGR,
sexist16.png,Jokes Try KAHANIHINCL.COM,
sexist152.png,Poated 310040 Shsrechit Patedoc 6571589 ShareChat a Corona a Virus Corona  Caller Tune Google Play KS-LK,
sexist2.png,3 at fy TikTOk  pubG a. www.Funnyhindijokes.in OE/funnyhindijoke Funnyhindijokes 100%da,
sexist20.png,S  dold NEWS18 103 e,
sexist21.png,w3mirchi.com TikTok adiqg  aicilqs Ris3PubG,
sexist23.png,PEhb Stukkadabaj 3.,
sexist28.png,,
sexist25.png,,
sexist22.png,3R HATARGERY PRT!!! HaE??????????????,
sexist24.png,HaE??????????????,
sexist18.png,c1schdlct c1scht g<tot ar2) h8 TIK TOK d 4. s f. #PUBG HJokeScott,
sexist3.png,"HRast at, sr anRcndt! HINDISHAYARI.BIZ",
sexist26.png,PUBG 3iR f RArarm,
sexist30.png,tik tok  ch .,
sexist27.png,"abshayari.guru Corona-Virus i""lhB I6 The ii""kPt 33 AbShayari,Gurus",
sexist32.png,"When you made a sad song but chapri tik-tokiya and memers turned it into a joke dilwalepuchhdene chaaa ooooohhhhhhh,aaaaaaaaaa",
sexist31.png,2h h hlE H HH,
sexist35.png,,
sexist37.png,3,
sexist33.png,arl la qnacnn HJokeScott 4C Yeelc TikTok w FE,
sexist38.png,2    e at  H        nnhpee,
sexist34.png,f aRila4f raatTik-Tok,
sexist36.png,fa s Facebook  Tik Tok  sayi,
sexist29.png,HPubg Pubg enemy down toker cht gch ahHRT f @kadaklifed OAIRP iotemy 3 sorry enemy cht,
sexist39.png,Pp llh hle  h phta KAHANIHINDI.COM,
sexist4.png,The  of 3 is  from the l of Hgal with very - The Hag s from the door &  .. ohyaaro.com,
sexist41.png,Tik Tok COOL BIOS,
sexist40.png,S h -. jokesmantra.com mejokesmantrs.com,
sexist42.png,,
sexist43.png,"IhgJ E[h Ie lPh  lh 2le $ JPIh I? qR 3 qd 4R,  gq q2 a1g f9R qa faaq] 313 Funnyhindijokes.n10o%dcg",
sexist44.png,Funnyhindijokes.n10o%dcg IhgJ E[h Ie lPh  lh 2le $ JPIh I? yfa,
sexist46.png,SAOKES,
sexist47.png,Wrong  iPhp,
sexist45.png,TikTok Jokes 193 2h Ihlh12 Phhe,
sexist51.png,Achdl?1 datc ?,
sexist48.png,9hsh . . R3,
sexist49.png,"exam3 /ShokkadBabej h pubg,tiktok,fb,insta Ph Ihelhe",
sexist5.png,,
sexist53.png,OSHAYAIARY www.shayaridiary.com,
sexist54.png,Kewalkejokes walke),
sexist52.png,Shirams Good Night 3iR Bye  3..,
sexist50.png,e eh  Ihegdgheqep ii e R-R3 31,
sexist56.png,,
sexist57.png,,
sexist6.png,,
sexist58.png,Folow pe hht h h p  3 129M-16Ap201 t,
sexist60.png,SMILEWORLDIN   rt TikTok JEEWOEDE,
sexist61.png,hlb e  Ohyaaro con,
sexist63.png,Beti Bachao Beti Bano,
sexist55.png,Jokeacatf.com ESPPe quy Clue qw faun fay  dod  JokeScofl RC,
sexist62.png,HRH 331000 500 f. 200 H- 3 h29h,
sexist66.png,,
sexist64.png,,
sexist59.png,he HT ATM IP  2le  qtul Paytm 3IT,
sexist67.png,Ihhh2eh Ihy2e2hd bhhh hindijokes.in10o%r yeag,
sexist69.png,,
sexist71.png,Tik Toka TikTokers,
sexist70.png,,
sexist65.png,3d  JaheScoll 2d sd feas Pe  ense n a 3 huf   f t ait fes.,
sexist7.png,Sachkadwahal Sachkadwahal Dad:Mera beta ek successfu doctor banega:) Mom:merabeta successful scientist banega Beta:Tik-TokSuccessfullyinstalled,
sexist73.png,2a,
sexist72.png,3 s nleg hel .,
sexist68.png,bE!2 g?  TikTok TikTokinc Open Contains ads In-apppurchases 1.3* 18+ 26M reviews Downloads EditorsChoice Le's50o,
sexist74.png,TikTok a PUBG  Army,
sexist79.png,R-,
sexist75.png,Tik tok 200 ake ki dunlya pytm cashback fci ....Tic tok 3loc HR R @joke_ki_duniyal,
sexist78.png,YOYo,
sexist77.png,hllee ch 75% 3R,
sexist8.png,,
sexist80.png,16818.6M652.M Tok par nous Kais,
sexist81.png,16818.6M652.M 13 Tok par,
sexist76.png,jokescotf.com e Tik Tok d Bollywood Stars oleSan wJokeScoH PUBG ac 3haff galo!,
sexist82.png,,
sexist84.png,HRChR Tik tok a fur.. chch,
sexist87.png,faiays htfeaai,
sexist86.png,PUBG  tik-tok  BhukkadBaba P,
sexist83.png,@AbdWaaleJokes H @AbdWaaleJokes,
sexist88.png,TikTok 3it PubG   NsaetaD,
sexist85.png,- 19hK Insta@Hindi.Jo Had..??? -hs 13 -,
sexist9.png,,
sexist94.png,,
sexist91.png,Hindi tlP e ESoh IP3h lt IPie IP IEP$ S3gs4 wwi.tindipro.com.,
sexist90.png,www.kuchkha.stech.infe 2222 ell al and  a t af,
sexist92.png,afh ny Jokes1lcom,
sexist98.png,,
sexist93.png,,
sexist96.png,,
sexist95.png,"R tf GRA $hK hhp hi "" I don't work, I am a Princess..",
sexist97.png,Insta@Hindi.Joke Hchdt,
shaheen0.png,f,
sexist99.png,.- .... . a..,
shaheen1.png,,
shaheen10.png,yhhhP63 24,
sexist89.png,31S Ha Hek w3mirchi.com he A,
shaheen2.png,500-700 Shaheen Bagh t ac,
shaheen11.png,,
shaheen4.png,ERUEEO Bulati hai,
shaheen14.png,hhd9,
shaheen5.png,CAA Hilchu,
shaheen12.png,Anjali Meena @Anjali_Meena43 hih G3? ya3h 900 Transiate Tweet 16 PM04 Mar20Twitter for Android 1/Retweers 38 Likes,
shaheen3.png,h b hh,
shaheen6.png,pcalRddQ ols ald 3 dcd did,
shaheen13.png,Mloniia ingh @yMonilasiegb- 3 CransiateCeccet 188 Retwaels 826e,
shaheen8.png,,
test0.png,54aqg2 yac ARAc...,
shaheen9.png,f,
test100.png,Haryanvilmage.Com OOO/HARYANVIMAGEWWW.HARYANMIMAUE.COM,
shaheen7.png,944,
test10.png,SMILEWORLD.IN ffat3a35 POSTEDAT MILEWORLD.IN,
test1.png,h 3R Mht f3 aAc  Jokes11.com,
test101.png,eeeee,
test103.png,hh h  hS 3 HindlBate.CoM,
test104.png,hhh-,
test107.png,Female Male H Waman  Man  SheHe,
test102.png,@110337817 Ram Kumar Verma happy mango dy,
test105.png,14q f. Kes slestl.con dailyhunt,
test106.png,okescott.co 3 3 3R uJoke,
test110.png,.,
test108.png,dis Bittu,
test109.png,ERDEE .,
test114.png,Valar.Corm,
test111.png,1 s a sT a) Ih?] Wch Ich WHch he Ih  ssW #at BJP aT yR 3 T aT dsht- 3il # Congress wt...,
test113.png,3body f fb/mastjokedotcommastjke 028171,
test118.png,,
test116.png,hl h 000,
test119.png,eghllepe 90 HAPPyHOLI,
test117.png,h hlh h,
test112.png,Oscat @s0n5302 sharechat . h ih ge aepy-winer,
test115.png,h f3 hl  2 ggot decision h,
test120.png,,
test12.png,,
test123.png,,
test11.png,IPh chd Jralla Gq U84 realityofvideo | Follow On qRGI,
test121.png,Jokeswala.Comn eHh Jokeswala,
test122.png,a le ae English 3 Tog bi. eWho do this e,
test125.png,e  collac,
test128.png,,
test129.png,f h,
test126.png,b h,
test127.png,b h,
test130.png,ffa3 h SWOWEAT,
test124.png,34-5 80688866 qyy-s RT?? Instagram @hindiljokes iia iih Ph2b,
test135.png,,
test13.png,,
test132.png,,
test133.png,,
test131.png,jlbgh eit,
test134.png,h 3 H b  gh,
test137.png,jokesnmasti.in ie iiSh h,
test136.png,ihpe i doirPlle,
test142.png,a! happy saturday,
test140.png,f Share,
test138.png,f e Ihh  c cR,
test139.png,t ast att f e Ihh  c cR,
test141.png,a e  g 5  5  8c8 S c,
test143.png,da 3Rlo,
test144.png,Motercycle yt,
test145.png,hht 20000 CCTV   h.,
test147.png,h hh 4t... 2h fafh #,
test149.png,eta... fHdst 3TR Rag a5 a,
test150.png,IeEONnBP P2 U.P.S.C. GK TRICK,
test14.png,,
test148.png,Vala Mayur Just now   J h   e H   PI 1h  1  hh      it #26marchbharatbandh,
test152.png,lh h  d GF H,
test154.png,,
test153.png,,
test151.png,CodeL,
test146.png,@272060059 @aryan9955a Ore ogedor All-out . h JobesTL.com Sheopygaraei,
test155.png,GIRLKF9LLTLK2U 2918 W84ME B4 USLP BOY:HINDI BOL YA ENGLISH MATHSME KYU BOL RAHI HAI? Rc www.rvcj.in,
test157.png,R iie,
test156.png,h MUTUAL FUND INVESTRe,
test159.png,sic. . SmitCreation.com,
test15.png,"jokescoff.com yq 5HT 2T HOTSC lP I IPdle] dTER 3TT Id eff. eoke 3T HlaT$cr fRaT  a1, fac1, chctoll, th4ns, JokeScoff flaR, fahsolt, H dER",
test158.png,sharechat Sthedlamondgir!     se  a ae e  ele ghlle 335,
test16.png,I?f F2 lh WJh I9,
test161.png,,
test162.png,9 LITM unky Life PEEghe,
test160.png,at..... Nojoto,
test163.png,Jis Shiddat Se Maine Kitaab Uthaane Ki Koshish Ki Hai.. Ek-Ek Lafz Ne Mujhe Sulaane Ki Saazish Ki Hai..!! LoL,
test164.png,h a App DA eh Bittuna,
test165.png,Hf f3 -PRR f3f RP pnhe HOREEWHO QKH,
test166.png,3isa 888,
test167.png,"FB,Instagram  P",
test168.png,3ff HEPP 2Wh f2024 2Wh,
test169.png,,
test170.png,fot e... r,
test171.png,Ie us he E Happy Hug Day mage,
test172.png,14 lindi ICS 44,
test173.png,funny jokes  3  a 8 - 10 fah gHT f< t qG a4 af g3T 34 yst ra?... to be continue,
test175.png,h hla,
test17.png,"""wrong e P34 Ihe  UJJ e Chal beta joke sun iUr2 JIh lP IrIPb #PWI,",
test178.png,,
test174.png,RTRTO ShaneBlastApp H..!!,
test177.png,-,
test176.png,gs s  3 iSu lee nec g   r fag sger.,
test179.png,t3. fachns as,
test18.png,ogfR gedl aoil ala Wish al foell 3iiR a Belated Happy Birthday,
test181.png,hh hh 3,
test184.png,,
test180.png,cbbc 19P Ige D1I8 DJokeSooff 3ralt sait aane eit et qal ael  f  tWi-Fi gJ Q122 y6 2r e !2a Password ao..,
test186.png,,
test183.png,T DAVANC,
test185.png,s. 3-h,
test182.png,"1151 Tweet Sanjiv Bhatt (IPS) @sanjivbhatt .. Translate Tweet 11:10 PM  01 Jul 18 1,404 Retweets5,182 Likes",
test189.png,,
test19.png,,
test188.png,... 90000000 TSTARTING 3 ih,
test187.png,... 90000000 h ih,
test190.png,f f =Joheswale,
test191.png,8:30 AM .. 44 8:30 AM,
test194.png,,
test195.png,fa fc,
test193.png,,
test198.png,6 h6,
test192.png,@1379224852 eSarechor e o BCuly happy  P.Cnly ha,
test196.png,chg R. Rakhi Sharma R,
test197.png,- JokeScoff -mh t    i  wakoke.  q at gt,
test199.png,e t    i  -..,
test201.png,Vishal Hindustani @ivishaljaihind I Jb Iy h? IhIe bIb 4   #rashtriya_berojgar_diwas.,
test200.png,f  Bittu,
test202.png,3 qw- Rnnn ON 2PJ It 2 b,
test20.png,dH qIsR q dd q,
test205.png,he f,
test2.png,2018 yhtR  3 Bittu Sharma /BittuSharma.Jokes,
test204.png,hhe he f SRf,
test206.png,fr fa fa,
test203.png,2b TIPS 015,
test208.png,MISCGDUD htCD...,
test207.png,Ra fiald ael pa a e  nep,
test211.png,heat  HR ht 3-,
test215.png,,
test210.png,- a  Hg-G q  -t ctch TcRII TI ai GQTT SmitCreation.com,
test213.png,Ertugru! Jo Log ALLAH Se Dosti Karte Hai Unhe Koi Khauf Nahi Hota. Ernugrul Tleet ERTUGRUL GAZI 00000,
test217.png,.,
test209.png,@cute_aabhe Osorechat h bnSt,
test212.png,2025 -7G5GB at.. #fhy 15:43,
test218.png,,
test21.png,eie -JokeScoff   it yeR p o dsataaf- 3RT anlebpbeie,
test214.png,abshayari.guru h h AbShayari.Gurue,
test216.png,-3 h5-3 3,
test219.png,ddbh2e 3 Eemg,
test223.png,,
test22.png,yq qId eii aR 3I1gI q&9 q G1 di iado oigrl glslalg ?,
test221.png,a  ShariCrat WINZO,
test224.png,. IEMOTIONLc R ACTIONf,
test222.png,60 WINZO,
test220.png,bb bIbHchUE,
test225.png,ucoy fas e g.. n .3s3 Hindi:,
test227.png,h P H h h 1P91 www.gyanipandit.com,
test230.png,,
test226.png,"4.. 2020 4141,",
test228.png,varrhind.com,
test23.png,3 Rdac a3 RR3 kuchkhastech.info,
test232.png,30 F Kiss t,
test229.png,Hhhrc h 2 IPI  I Pp H,
test236.png,fatDr.Johnny sins,
test235.png,,
test234.png,Batata hu ROLEX bhi teri izzat zyada kyu hai?? Titan to Rolex TITAN,
test237.png,,
test231.png,"Titan to Rolex Titan:Tu bhi waqt batata hai TITAN mein bhi waqt batata hu,lekin phi bhi teri izzat zyada kyu hai?? Tu insaan ko wagt batata hai Aur mein.Insaan Ka Waqt Batata hu ROLEX",
test238.png,Ugly_londa @LondaUgly - Translate Tweet 10:43 PM-18 Oct 19-Twitter for Android,
test241.png,,
test239.png,SIM PORT MSG Ifokos 3q h,
test233.png,1jsbhullar faa fHoremic Punjabi tadka f3 Himi ffe6 ehaopy dewal,
test240.png,hehh Hthgch,
test24.png,3RRI c R l    . faicfsl Kuchkhastechinfo,
test242.png,si- COMEDYMIRCHI -3,
test243.png,eh t ab hlb d .eh 3 yeh H,
test249.png,,
test244.png,,
test246.png,h os.hi.jakes CALL,
test247.png,-DP  gPhoto     DP   a-e,
test248.png,H mujhe gussa mat dilawo.) Don't make me angry. PART-3 LEARN ENGLISH,
test245.png,jokesnmasti.in 33 . 3s... -f .,
test250.png,syed danish abdi @syeddanishabdi2 3h Translate Tweet 12:2815Nov 19Twitter for Android View Tweet activity,
test251.png,RLET itndoh 4.. Bittu,
test252.png,3 22:17,
test253.png,3R i www.joke,
test254.png,,
test256.png,,
test255.png,,
test257.png,chcch R,
test259.png,Ae 2119 i,
test260.png,GSTf 3,
test264.png,,
test258.png,y Data Transfer    Data Save   Viral  fy a,
test263.png,-...? 5.. y-...3...? -f..,
test265.png,Albert Einstein 3..,
test261.png,ESREA aaar 14 TRIRI,
test262.png,Babita Phogat  el g w Babita Phogat @BabitaPhogat HqI dl@AmitShahft chT,
test266.png,,
test26.png,popssee @10927373 sheraaeet CEED #gcp-staging-testing-tag CETTTON Goooooeer #happy sunday #happy sunday #joc,
test268.png,Dove .. Majak Tak johnson baby,
test267.png,. Toilet ..... Toilet,
test272.png,,
test270.png,You tube  R 998 Bittu,
test269.png,A 84 H2,
test273.png,2 h HindiTroll.in,
test275.png,adcrs week Mastl,
test279.png,,
test278.png,J+e + hlle,
test27.png,Efy bth 32ch7 t ? UP2 yh die ? UP Ph6pl y P $p E   SCoff It!oJh ir Im JokeScoff,
test276.png,"Watch Alka Lamba hModi Yogiyhd J+e + hlle  12:07 AMMay 25,2020Twitter Web App",
test274.png,"ShareChat Cute Kiss      -ITS OK BABY, ghappyshs",
test271.png,@kasana_ji_12_dm ShareChat 3 FB.com/ SharmaShowJoke - H #hihihigjbbbb,
test281.png,hph,
test284.png,ihlle.,
test280.png,h 9 hbh ii Hh h 3R?,
test282.png,hhP 3 Phdhhhe shayarishingio,
test28.png,Posted On @49397821ok ShareChat She- Me-1f50 Ra #happy canada day Google Play GETITON jaili ho... #happy canada day,
test277.png,yOT Me-1f50 inypel,
test283.png,Ra #happy canada day 3RSignlet  She- jaili ho... #happy canada day @49397821ok,
test287.png,f TunLig,
test285.png,@shitalthakhur e . 2h9 fa,
test286.png,@10927373 a f.,
test289.png,Mukesh khanna @mukesh_khannaa hPhPb,
test291.png,5 r?h Abn apn!e 5 Pubg Jokes edeHhte eh,
test288.png,5 5 r?h Abn apn!e Pubg Jokes eh edeHhte,
test290.png,DobongStatus. s  h p yhe ii ylen iiss,
test294.png,HAPPY bIRTHOAY wishesinhindi.in,
test292.png,pha e e pae chap a e ahsu hap aas hsa 19,
test293.png,O gsurajprajagati715 dh,
test297.png,,
test298.png,,
test295.png,,
test299.png,,
test29.png,Posted On: @thediamondgirl ShareChat   e  aae e sh DJokeSCoff  elle ghlle  sle c nlc e ##happynewyear GooglePlay GETITON ##happynewyear#happynewyear #hello2020,
test296.png,5 h   ic 000000 811 41 comments  Like aus,
test301.png,,
test300.png,"fass 101comedy t First, SecondThird,Fourth a iS",
test3.png,"asI eii  cle   a  a Holqc  "" In Ia *I I6I6J[ IJ I Hen     e HindiBate.CoM",
test302.png,f Future Wife  saR f f  Promise,
test304.png,eoh Urblwh,
test305.png,,
test30.png,fagfeaas fea A3 @Hassange_saara_saal alfaiaste JC fa a3,
test307.png,"3 RATU R,",
test306.png,.h,
test303.png,ch,
test309.png,hi HINDIJOKES cht,
test308.png,9eeeeeeee hh mh jlltllt Truerad,
test310.png,hh mh,
test313.png,h 110 4Comments40 Shares,
test311.png,"www.hpvideostatus.com TOss... ""E",
test312.png,h iS,
test314.png,Divyesh Vekaria @VekariaDivyesh @IFFCO_TOKIO3  hlh hlP K he Pb hht chy #iffcotokio I,
test318.png,,
test317.png,,
test315.png,383 Daillon Jsarueifha yaHsoi fe2 Dhillon pix,
test316.png,pH ha h y *5 hh  *IPSh,
test319.png,ietbt h qRri  Rt atgRA  yr? ig latt,
test32.png,,
test320.png,h + 2,
test322.png,Behappy ch,
test321.png,sa w3mirchi.com ii,
test324.png,panda alc fn oaci,
test325.png,he h9n 9 AC www.SmsDay.in,
test323.png,.sa . 3ie OUUE  2 .,
test326.png,ittlla  ee 24l Kes Hh 31 f!,
test327.png,www.jokesmantra.com   www.jokesinantra.com,
test328.png,nfc f hero heroine  IIle2,
test330.png,,
test333.png,2019,
test329.png,34  y  R   3  SstokAhramNeweChannel SatokCrannd OSatokahrim001 SupremeGod.Org,
test331.png,hhe,
test335.png,,
test334.png,bl cba ca h E Hhl   faf200 33 302013,
test332.png,hs yh Hffa #ArnabGoswami,
test339.png,ACATM  th TATUY,
test337.png,A P Mishra @Munna_007 Congratulations. Translate Tweet,
test336.png,hyhqhc  A P Mishra Congratulations. Translate Tweet @Munna_007,
test338.png,3Mrchi R fa. 3 :10. f,
test34.png,4RdA 3TR aTiaT chT 9f 3Tc1dT I HGT  AD 1L IPh Ip yp RhR STUDYTEG.COM,
test33.png,Height t 0f Insaniyat fo aft Pero Pe ait atg t suct gs. chT 9f 3Tc1dT I 4RdA 3TR aTiaT 1L IPh Ip yp SRd.. STUDYTEG.COM,
test342.png,hh,
test341.png,hh --fa ..p hhem JokesWala,
test340.png,4RdA 3TR aTiaT STUDYTEG.COM hh 1L IPh Ip yp chT 9f 3Tc1dT I,
test343.png,-3 100. 200 -3 h,
test344.png,* h,
test345.png,3 a e  bay,
test349.png,lebee nlleainps COt 3,
test350.png,,
test351.png,,
test346.png,hhe hhe P hhh,
test347.png,Tam not feeling relaxed FLO Laughter is the sign of well-being. Rif I neglected you. Are you feeling suffocated? 8:03,
test348.png,Monkey qoy . qoq .,
test35.png,JOREE - 2 Mobile,
test355.png,mh,
test353.png,mh,
test352.png,50 h  P h h06p,
test354.png,SmileWorld.ind i2h,
test356.png,3fmf fAf 3i 2OHR,
test357.png,Tauseef Hayat 2m ff far. InshaAllah,
test36.png,a fado oii,
test360.png,ao haha Inpaa ePl aa  Melnjhafefe,
test359.png,W6y w0yw8yw9x ib2 LOLz HAPPY APRIL FOOL,
test358.png,gPublic Toilet ai si fr ennbDn ne e n,
test361.png,h e hnm aga,
test362.png,3.R GHGTESTARTERR e.more.funny.shayoies.ai.www.jokesmantrd.com,
test363.png,2 . 00 yaae,
test364.png,Hfd e,
test366.png,BENGALURU STYLE: VAWWD.COOLEWAEHCRD KADAK NK STYLE: 88e,
test37.png,Ph a fado oii,
test365.png,3hhS  Senhi jokee,
test368.png,,
test367.png,UC urbanclap partner PARTNERS H19 BOY must watch,
test370.png,Math Class Sin30+cos60-tan90+Sin180B SHT a Ans.3 ihmh l-el,
test371.png,h GIFT fq41..... JokesMasti 3R3- qR?T G qR2R4T,
test375.png,,
test376.png,,
test374.png,Romantic style T loveletter hhh,
test369.png,p32h fDoctor q Diwali a Hajmola   whappy dval,
test372.png,3.f3D 3f @PAKKE_DESIJATT 33 Ren PAKKE_DESIDAT RenR,
test373.png,"govindkumar15031995 ShareChat 2 9164,0 4RS  B G   Vat693BPt happy ner yer",
test377.png,3 chb elee e s,
test378.png,honline,
test379.png,Height Of Insaniyat t Jokes,
test38.png,"fic e ,    faicfl",
test380.png,"t2 2Ah 00l w?h ile i,hb :llt La Ihlh # lp?h iJee Ige lr2 1PE *$ Ple Nele l9h Ib Pl ?",
test383.png,,
test385.png,he h #3 h h e ph,
test381.png,. 3 . H-h 3,
test382.png,SRraR Rqw faadt aa f LOL Happy Diwali,
test388.png,,
test386.png,Aaj Ka Taaza Message: Smart Msg .Pagala CONFUSED? Msg  April Fool?,
test384.png,jaatclub001 : 3  t  Facebook Status SlcI I am happy   .. jaatclub001   3r   Block   t .,
test389.png,e  tgjh im HJokeScoff,
test391.png,3 hh,
test387.png,ht  2020    i Bittu,
test390.png,Ho 2   Rn STUDXTEG.CO,
test39.png,bdaystatus  Birthday   MADIA MASAM AMK.,
test394.png,"Medical,Engineering, Grade System,Category System PWD  Full Form   AMOJEET.COM",
test395.png,53 MEmoov P6hPhbhh Follow/memewalaghar,
test396.png,,
test392.png,@s00143289surajsinghania Osharechat R3 3 yh Happy C gy,
test393.png,@manish852130 h qft,
test397.png,Jofeswale iii  ifhh,
test398.png,Matin patel MIM 5 hrs   dPbhh #o,
test40.png,memeNEPAL yeo  o e he aee   ??,
test399.png,12 2 Hhje ye2l8 lP,
test400.png,P~ 98.8%99.2% 99.6% ~in,
test4.png,... Majak Tak Fb/Insta-@MajakTakIN fh johnson baby,
test401.png,si- chf to be continue,
test402.png,2 15,
test403.png,-250 -5,
test406.png,,
test405.png,3fa,
test408.png,,
test407.png,t t  3.,
test41.png,HEg hp Ph,
test412.png,hl- hb h9,
test411.png,h f3 [#FIJ51],
test409.png,-- JokeScoff hhehh lmhppmh Pccch,
test410.png,k *Ct tHead &Shoulder Download Dailyhunt on Play Store,
test404.png,65989101 ShareChat Fosted on P 0H B peppedrescho,
test415.png,,
test416.png,. ey Life .,
test413.png,Tell me  English ss online  4bP EUHOIO,
test414.png,,
test417.png,h 3 123hin,
test418.png,Ph @ihe,
test42.png,,
test420.png,12th  hhPh PPbit,
test424.png,co3 Nertarmer Pacen q-f3 dc ol  a...,
test419.png,@1430550395 Oarechat happy cubaMems happyclube,
test425.png,U>e FE IPh p UAlla by F2 IF>E ?eP E  j U%D FF yt K,
test421.png,Picarehealthsolutions 4 A appy trand,
test422.png,hshSa e ... 383 yaaro.com,
test426.png,2018 364c 'Sine DOG Bitt,
test427.png,Ra ataya,
test43.png,y,
test423.png,@24546490 LucknowiGir f ppy wint,
test429.png,h JovesWola,
test430.png,he h ihe JokeslL.com,
test431.png,HindiBgte.CoM,
test428.png,mannukumar7033 ShareChat hp 99,
test432.png,he 3 JokesWala,
test433.png,H l eesd    d H6h   Tapori Baba,
test434.png,hl hb Happy guru nanak jayanti Nojoto,
test436.png,hospital Helfl!,
test437.png,Viral Videe RA,
test435.png,"15 facebook,whatsapp",
test44.png,2-2q.,
test439.png,Haps f #,
test438.png,keScotf,
test440.png,s    yd-y R engi ciad? aaro.con,
test443.png,fgf H Ihll-,
test442.png,,
test441.png,f fc,
test444.png,* ha Flt lm),
test446.png,ph ee hbh,
test447.png,,
test445.png,DineshMansera @dineshmansera hh Translate Tweet 8:1328Jun20Twitter for Android 2Likes,
test45.png,.,
test448.png,t - sJokeScoff,
test451.png,2 192h 2hhjb SWSh2 Smhmh,
test450.png,fa,
test452.png,R .,
test454.png,R .,
test449.png,fae  fe IGGavypies aaafsfa E sa3 ara ae,
test453.png,6 bh,
test455.png,h,
test456.png,2f DisLikee2024,
test457.png,DisLikee2024,
test46.png,group- oultimate jokes ata...,
test460.png,,
test458.png,1,
test462.png,e single friends3 98PRK  breakupaa CeEAR PunjabiDharti.Com,
test464.png,2024 3s  fl,
test459.png,n n Ihlt .,
test463.png,PK.. h,
test461.png,,
test466.png,,
test465.png,le Plehb #Diwali 99Bol.com,
test468.png,50 331,
test467.png,,
test469.png,ch,
test47.png,Poppu  entb ed e e Hoppy Propose Doy  aqy le i y0nddod,
test471.png,gE h ltt l Slt F 2lb IE I2 Ae: +  qat f 31 ATTEI,
test475.png,,
test472.png,ehm 2021,
test473.png,TikTok t aR 8,
test470.png,@8094229148shanker 2021 ehm appy nww year.2021,
test474.png,SILR  2 Fonny jokesgfollow,
test476.png,,
test478.png,,
test481.png,,
test480.png,hhbh -,
test48.png,md TrueHindi.com,
test477.png,Oke C/accumass 12 hle hh hn Hhe yee p ocl el  ACCUMASS,
test483.png,,
test479.png,harshitharshu RA hle aar.. R,
test484.png,fDelete  Trouble 2,
test485.png,hindijokes.in,
test482.png,-h R RRIq .. qRTfh -fLC   IPp 2hI4h bH  HindlBate.CoM,
test488.png,1533 --,
test489.png,..,
test486.png,e hhnthle Hhp,
test491.png,g  onsms.blogspot.com Bug  .,
test490.png,t,
test49.png,R oultimate,
test487.png,-43 ys-Aa SmileWorid.in spuy  SmiteWorid.,
test492.png,f,
test496.png,,
test494.png,,
test495.png,3,
test493.png,R    l  Joll cl. NEWS18 03   e,
test499.png,ATTRACTED IUST FRIENDS NOT-ATTRACTED RRI d H[a ad a sg?,
test50.png,kuchkhastechinfo,
test497.png,ATMRom ..Please.. 2i   e ea ele,
test5.png,H Hochach ch,
test498.png,@abhashkumar3 perfume 5 perfume,
test500.png,3i 33535 33 -3 h fay JovesWalo,
test503.png,R,
test501.png,hl,
test504.png,Mrlove y-,
test502.png,Rge @tera_deep11 y- Mrlove,
test505.png,,
test506.png,3dailyhunt ata-a .,
test507.png,znce Dand,
test51.png,,
test509.png,aa group Shahnwaz's,
test510.png,"SANTA CLAUS    Ruifi, d   DRESS     H",
test512.png,21,
test511.png,,
test513.png,Aaikal ladki ke vidai ke waqt Maa-Baap se jyada to mohalle ke Lounde ro dete hain BC /Bhukkad Seriously:3,
test508.png,3 q ii qf:a!! 31,
test514.png,h iy JovesWola,
test516.png,,
test515.png,"Nikhil Dadhich @nikhildadhich #RIP 5/9/2017,9:14PM",
test517.png,FUN TIME H f   3     WWW.BHISHOOM.COM ndia's Coolest Brand For Designer & Customized Merchandise,
test520.png,,
test52.png,-hn Inter-House Match  f,
test518.png,- r  t..,
test522.png,3 Hi i- 3-3,
test519.png,3-3 h i- Hi THANKS,
test523.png,Roshan Jha @roshangjha R 15 hchh h. $ formula BAAR,
test527.png,"Kehte hai agar dil se ankhe bund karo to life mein jis ko pyaar kiya uski tasveer dikhti hai, To maine bhi try kiya.,Sala slide show start ho gaya.!!.",
test525.png,Tanze Tanzeem Raja I Don't Like Totla Pan.,
test526.png,o  e os  ph 3 wR,
test521.png,@14loveyou Oa CHANDAN fR CIANAS,
test528.png,nhhthle kes Hf RGR Jokesll.ce,
test524.png,JOKES 00 ePhg ChrarCrzyaec,
test530.png,y-g. 3,
test529.png,ieeh be Jokesli.con,
test532.png,,
test53.png,,
test531.png,iiiipfh W ww.kuchkhastech.info yleel sh ii  cfh 13h awes,
test537.png,40 h Chal beta joke sun,
test538.png,,
test536.png,"QAMEXINGI e epohpe a  h  hlb, yf",
test539.png,,
test535.png,sarcastically_urs Ph 33 xkarvathes 8txMeme#ka,
test54.png,FIS MEEWDRLDL jlthii,
test534.png,amo ShareChat 2 facebook/ChirkurBaba,
test540.png,33 i- fhh..?,
test533.png,Postedby. 506570733 ShareChat 88000  b,
test542.png,,
test541.png,ycfaf 8:41PM,
test544.png,& lhb 9WPh Ib H +  WlPh hbp2h HuGR ycgq HP   h lb khl cP bP b bP bn allE,
test543.png,,
test547.png,chR...,
test546.png,yan95s a,
test549.png,,
test55.png,,
test545.png,Ach. Ankur Arya @AchAnkurArya hn4   9    3 f3 fAif?,
test548.png,,
test550.png,a Hot (elaifca as at)-selgl a? .3 sfaffa qoft a auf es,
test551.png,. HGR Ph hb TrueHindia,
test557.png,,
test552.png,gg2b @ e q8gs Bgeg e e,
test554.png,3 1,
test556.png,,
test559.png,,
test553.png,- 5. 5 -5 H,
test558.png,18 d phe,
test555.png,Faraz Moin added a new photo. 1hour ago Jai hind........ Hum Hindustani war se nahi darte Hum sirf iss baat ko lekar Tension main hai ki war ke baad hamare padhna hoga......,
test560.png,Happy Rakshabandhan,
test56.png,Happy Rakshabandhan,
test562.png,@jokisthan,
test563.png,"y  Ihb Sp qAq qR chTdT, pI2 h FW Hhch? q 4h ? wp % 06",
test561.png,qq9.15 aae qaq i,
test564.png,@shakya00563 ShareCha ppy.teachers day,
test567.png,,
test569.png,,
test566.png,MD Aftab Hussain is  feeling happy with AakaeBh Kehli and 49 40mins others.  Shashank Raj Pathak and 13 others 48.comments,
test568.png,,
test57.png,SWShp Smhmh,
test565.png,@gavyanshi sarch 22546464372 P2h  morning happy Manday Ggk,
test570.png,,
test571.png,3y,
test573.png,. 10:11 AM,
test572.png,h PHhh hlht hh Bittu f,
test574.png,fa JokesWala,
test575.png,f ATM h5h ch ch f,
test577.png,Majak Lite Pehthe B...,
test578.png,h Pte yET... hpn  bhe a .,
test576.png,Horala Ha! RIShonal SHARE,
test579.png,@49397821ok She- Me-1.50 R,
test580.png,Rich Man: 3 qr 14 R 184  3 i2 Ihb Hh g2D Poor Man: qrrae eht Tdsataet...,
test58.png,350 40 T41.. yh3,
test581.png,gAqT fA algcaa ch5dt  Nojoto,
test582.png,HappyFriendship Day e e yn att   t..,
test583.png,Hol aftr.. Heh    ge linidiBate.CoM,
test585.png,3 HindiTro,
test589.png,3.3 f 3,
test584.png,Facebook ya WhatsApp  gh 2686 Bittu,
test588.png,H3 P9hh,
test586.png,hhd hh hhH hhh 3 Happy April Fool Day JoxesWola,
test587.png,aa 3ky23231 InbKh eele Bittu o,
test592.png,qfa aa : g? 3is< fa4 a iynE Eb Jhe :Ule IPh *++++hie,
test590.png,,
test595.png,,
test593.png,*JOReSCOn     3 Hapny Monsoon CotE,
test59.png,When people think I am jealous of them Bhai yaha apni zindagi ka rona rone se fursat nahi hai mujhe aur mai tere se jalu? /hukkad /ad insta,
test597.png,,
test594.png,,
test598.png,Serialss -f Invertor f,
test591.png,@1379224852  YouTuber  - Youtuber- eN Only happy y,
test60.png,y cebcok/majaaaktak n he,
test599.png,aPhk 10 10 9 h1h,
test596.png,- Hn.di.in,
test601.png,,
test602.png,33,
test604.png,333-4 b46 Girlfriend,
test603.png,,
test606.png,GTSRA  h3r ehhn,
test605.png,elnQ A6 h Ih9lb A9h lhg 00 3iR,
test6.png,"Jokescoff.com EC qIC SANTA CLAUS -R Jh R Jop P yelc Cq 1 qqif, BJokeScoff JokeScoff Cq 3cd R ga wla a3 DRESS ?oanap yEol Hqd",
test607.png,yef 3Tch yG ch< t. $le Flt!t S1s le JlI  3 t d4 Thelmagestatus.in,
test608.png,Dad Superhit dialogue.. Facilities University Top . Good night!,
test600.png,Posto Helo Lucknowi Gir Happy Winter And Good Morning Daily a #lucknowig f3 DAHCIO ogePay,
test610.png,,
test611.png,My Watch is half an hour fast. Put it on the table. Translateit At_Eigllsh Skill A1_English Ski,
test609.png,ine aajtak.in 192021320P5T 1/6,
test614.png,"h 2 11898 122 h,14,70",
test613.png,,
test616.png,,
test615.png,3f. Happy gn,
test612.png,"2 11898 11312 h,14,70 1161 122 h",
test61.png,qqs qhqn chlH wwJokesll.cm,
test62.png,,
test617.png,"2h ph ""Wedding Anniversary Slas App q-3   33 2 f",
test619.png,,
test620.png,hh cattfa,
test621.png,Babita Phogat  @BabitaPhogat 9,
test618.png,9 @BabitaPhogat Babita Phogat,
test623.png,Hoshang Govil 25 Oct 2017 at 12:11 am  So true,
test622.png,22546464372 as 33,
test628.png,as 101%,
test627.png,as 101%,
test625.png,ofPatidarSir BOOMACADEMYIN elth he,
test626.png,Raushan76433199 Replying to @RlchaChadhad h f. . 7:03 PM - 8 May 2018,
test624.png,#Dialoguee #Reality   .,
test629.png,q at t   ft   r  . f,
test63.png,ihh %08hhmh 40% i n/jokes.hindi y40%3 3 .,
test631.png,4 AC3 MOSHIN ALIO7,
test635.png,9 It,
test632.png,"f 3TTGT l2 Feb""3dT "" $SmitCreation.com",
test633.png,"3TTGT l2 Feb""3dT "" f  s t a Happy Hug Day",
test634.png,bhh,
test630.png,"Dr. Avni Chaudhary BDrAvnii UPSC ih FAKE A 9:08 PM - 28 Aug 2020 5,037 Retweots15,782 Likos 4605.0K",
test636.png,33-4 qq 9thq Girlfriend,
test641.png,,
test640.png,IPae yt nih,
test637.png,Kes 2119 Jokes11.com,
test64.png,3R it R..... iiteh,
test639.png,New Year ah Hbsat DKes  New Year  f fayra Jokes11.com,
test638.png,hey it?s I eE 2'l OKes 23 31 ftt! Jokes11.com,
test649.png,,
test646.png,,
test643.png,,
test648.png,eswala,
test647.png,H 3,
test645.png,wO0y w8y w9x 7 APRIL,
test644.png,Nepali jokes ...3a... 9 af 63-K HUR H 4J  th,
test65.png,New Year ch kes New Year f ch fayR,
test66.png,,
test650.png,,
test656.png,Qq3 tnd enl ar oeor oi qiiqi a fado oidl gl sia ?,
test655.png,ded qR eI 2I e q dIcli ai yg dsgi a panda dlci iell qpP HII6 II IIb qJ www.thoughtsguruji.com,
test653.png,"DabangStatus.com yareft!! yhtE i H. J$T R aT tR cdcll hT eRaT e, cahoT FHRt t Smartness at ii ? ye f DabangStatus. DabangStatus.",
test67.png,"te"" hhle 6888888",
test652.png,CuiraiMiehra. *131101141.1 41101 01 1 1411 qP114P11 q1,
test69.png,,
test68.png,,
test651.png,2h Posted On: @amesh0323 ShareChat Poppu p oagp hc e RUlesllele Hoppy Propose Day Oh!at f Poppu #rose day GETIT ON Google Play #rose day,
test70.png,occ folocder,
test654.png,Jokescoff.com Redae JokeScoff p  e b9 5-6,
test72.png,"iIh Ihb L ll>ty ChP : IPH neJh Ha: # s fhadt ar alan fa # Jen aar anat a , fh t alear  Ile ?? e yd",
test71.png,G+clCAy 3hch D6iepre,
test73.png,Aaj Ka Taaza Message: Msg   agene ae-and ph iar-ek Smart,
test7.png,Aaj Ka Taaza Message: Smart Msg Pagal CONFUSED? 6swbE ihh April Fool?,
test75.png,Ihlh  b 9h,
test74.png,"Gudiya.../. 000 @Gudia_talk si. h 3 Translate-Tweet 5:29 PMDec 26,2020-Twitter for Android",
test76.png,33D 3lldld...,
test79.png,,
test8.png,,
test80.png,..,
test77.png,SONG.. PEPSI fDEWf fq-qfq-q f.f.,
test81.png,. ch 9ee,
test78.png,9 2 3 ataasa,
test84.png,,
test86.png,,
test82.png,Banker KT Moh Happy Labour day to all the bankers organization oe .. ybankers Hpost like gnd,
test83.png,Boy:But Chocolate Day ai n Girl. 2 aaro.con,
test87.png,FB.COM/INDLIVES paw aRJ e 4 iND,
test89.png,Are you intoxicated do early,
test85.png,RCRSI Let go of my collar. You're still asleep. It's big deal for me. Are you intoxicated do early 10:03,
test88.png,yeh Gt qull cht.. t a Ge 3iR ARTICLESBILDING.COM,
test91.png,heh Surf Excel,
test90.png,f 102,
test94.png,d2phe HG- afay,
test93.png,GF a 2033 6 31,
test9.png,P E yppt ys - 3 w3mirchi.com 4HH JR ch t da a...,
test96.png,j ychs jokes superstar,
test92.png,Karan Sharma @IKaransharma27 2020 ee #quf_y,
test97.png,hh,
test95.png,-CEO - 6806 SSHOE PARADISE,
try0.png,56,
try12.png,,
test99.png,,
try10.png,2 5  Ohyaaro.com,
try1.png,m. cramge,
try13.png,,
try16.png,,
try15.png,Hhtit9 HRRT ARTE,
try14.png,ffaSubscribe now Late Sujit Du,
try11.png,12024 41418 He Hlt tib 2e JSE 130 erafaarer,
test98.png,,
try19.png,faatfaa fae,
try18.png,fr gotera ra  ter 3PR ffaitaraaaasarafa,
try20.png,hladl Modi v/s All,
try21.png,,
try23.png,,
try17.png,PPEPOIe 3iRa4Te aatitsrts Th32p9b,
try22.png,easeThhgnlhh inkhabar,
try24.png,60MR DE -,
try26.png,ffff,
try29.png,alsl,
try27.png,,
try3.png,,
try2.png,Hay 3 34T,
try25.png,i 'anait!,
try31.png,,
try28.png,,
try33.png,iPH,
try32.png,,
try36.png,,
try35.png,56,
try30.png,T  3 34T,
try34.png,3 PIEI hlint,
try39.png,,
try37.png,R,
try41.png,,
try38.png,h . i,
try42.png,e WhatsAppMobi.com,
try43.png,iip,
try40.png,,
try44.png,,
try4.png,A HRA Rean,
try45.png,DEKHBHAI w3mirch.com,
try48.png,77,
try49.png,eee  Pe paa,
try46.png,R   GWaGR   e  a e,
try47.png,006 f DELHT,
try51.png,lh h IPl2 1Ph] maskaree.com,
try52.png,MODI- MAMATA FUNNYVERSION,
try5.png,JU 95 Pe llen ft ar 3e,
try55.png,,
try56.png,I?? e ? e,
try54.png,181 q|qdl SRRT Modi v/s All,
try50.png,Modi v/s All q|qdl e  181 SRRT,
try57.png,w3mirchi.com PPre,
try53.png,B!h $ &@P D!h r 33 i!p Jesn!c SP Ip inkhabar,
try6.png,,
try7.png,WhatsAppMobi.com,
try58.png,NBT H$W h t IPqP FGJ lPl]e 3lr 2 h2 hP]lIt IgJ   tS e  1$ ] I2 lPqh Ir!t Lch[P?S IcbFE }cIPD,
try9.png,i pl Ohyaaro.com,
try8.png,Ohyaaro.com,
