comment,label
Phoolo ahT Taaron Ka Sabka chT Hai Ek R Kilo Ki Meri Behna,1
eeneu,1
1,1
Snezy Everyone : Pawri ho rahi hai Frustrated Me: PAWRI SHAWRI DHOKA HAI PADHLe BeTA mOKA 2995,1
Stinystep KITNI MOTI HOGYI HAI TU MOTI KISKO BOLA RE TAKLE,1
/memerhubc69 *Raat bhar jaag kar aur fir subhah late uthkar kya milta hai Me: Ye alag kism ka nasha hai,1
Girls Before & After 21 Days Lockdown Boys Before & Aft 210 ckdou,1
FB/Funhg Lif,1
Modi  ji ko bs Desh ki pari hai Idhar mera wala mese baat nhi kr rha,0
DILO.MEIN.APNIBETABIYA NAZARIMEKHAWBOKIBILIYA AUR4-5BACKLOGLEKECHALRAHEHO TOH SACCHEENGINEER HO TUM,1
fraataa,1
3 34 H..! fah,1
"""E IER   fa SlP Ph",1
"Husband-,",1
"Husband-, anfey... Wife -.",1
Ufffff Allah Muihe itta cute b.com lenb kyu bnaya,1
School.wali.baatein @School.wali.baatein 2 ghante non stop lecture dene k baad mom kehti hai School.wali.Baatein IG |@School.wali.Baatein mene toh isse kuch kehna hi chord diya hai.... School wali Baatein,1
R,1
WHATDOYOUMEANNOUDIDN TGETMY FATHER'SDAYCARD? DDYOUCHECKYOURSPAM FOLDERE??,0
excuse me Rqh,1
Naseeb Mein Hum Nahi Us Bada Badnaseeb 3 Koi Nahi,1
6 bloator,1
ngh,1
WhatsApp gf  HandsomeDashing e,1
h f g Admin..Single,1
"Dil wil pyaar wyaar me kya jaanu re Aankhe kholu to jhaadu,pocha bartan maanju ree",1
Aur Batao.. Fb.com/Aypor Fb.com/Avpjokes Kya Bataun.Beyyy,1
"Na Me-mujhe naya school bag chahiye Mom-bhaiya ka bag le le,usko naya dila denge Me~",1
y .,1
Serious Baat Karo To Log Majak Bana Lete Hai Mazak Karo To Muh Fula Lete Hai,1
School life  sir Homework  /BhukkadBabaj R Th,1
WELLTHENSMARTASS TELLME THE CORRECT ANSWER,1
en y e n AINSPIRED -425 hh hh INSPIRED www. INSPIREDHINDI. SLOGSPOT.COM,1
When you wake up in the middle of the night and realize you still have time to sleep,1
135,1
"Chapter 3 ke Notes Send Kar 1150AM Mere Pass Nahi Hain  11:52AM Acha Toh Chapter 4 Ke hi Bej dee  Yaar Sachi Voh Bhi Nahi Hai 11:52AM Beta,agr tere 90% aaye na toh crime petrol mein tera episode aayega  11:S2AM",1
f- .! WWW.HASLEA SS.COM,1
RR 18yo.53 25yo.3 35yo.3 45yo.3 f SR 3,1
MUKESM AMBANI AT ANY OFHISKID'SWEDOING,1
Achha Suno slfaq Nahi Hun Lekin Itna Bata Sakta Hun @aurbataoo Is Time Aapki 4 Ungliya Phone Ke Piche Hai..,1
Hm Manhoos Billi se zyada popular hogae hain FB pe Hain?BC ABC ABC!!,1
Mere Pass AAM hai,1
Height of indian TV Serial Ch*tiyapa. Hair style dekho aur makeup bhi hogya Lekin saari nahi pahni jarhi....,1
ff,1
WHENYOUREALIZES SUMMERIS-COMING AND YOUR WINTER BODY HASGOTTEN OUT OFCONTRO 97+Funny Kid Funny True Funny Funny Memes Funny Baby Memes.50..,0
Hayeeee yal Me Kiti pyari hu ... Fallow @oye_paglu Tuuuuu Tuuuuu Kahi Muje kisi Ki Nazar Na lag jaye,1
Phhbh h  BhukkadBabaj ...,1
Funny Kids Memes HAVEASURPRISEFOR YOU IT'SPOOP,1
3P3 19 3,0
When you run out of water *Indian kids* *INDIAN KIDS*,0
First day in sasural Mother-In-Law Beti tujhe jo banana aata hai bnale Bahu* Mummy aap soda ke saath lengi ya paani ke saath ??,1
Fee Jokes7.cor,1
JOKeSTER ADTH Somebody is watching star kids movie Me* KAR,1
Men willbe Men y9n,1
Sm,1
Fur2Vtdeo ese na dekh pagli pyar ho jayega...,1
Sanskaris,1
YOUMEANTOTELLME YOURREALNAME ISN'TMOM,1
2 h 3$ w3mirchi.com 5. nhh,1
Pata Nahin Logon Ke Dil Kaise Toot Jaate Hain RVC. Jab Dil Mein Koi Haddi Nahin Hoti Kya pata. rvcjinsta,1
"Your Reaction Early Winter Morning, Sitting On The Bed And Thinking, ""Nahau Ya Nahi?'",1
nu woou  Aww sayingss,1
KIDSWATCHCRICKETERS'BIOPIC MEN WATCH ACTORS'BIOPIC RVCJ,1
y p Ph h  Fuaky Mife_off s 3 f,1
39140 CRMa,1
Kids study Men study regularly before a week Legends study one night before Ultra legends exam never study,1
Hello Dad.your wife still beating me i dont wanna live with her any more..,1
YOUMEANTOTELLME YOURREALNAME ISN'TMOM,1
Mp  G,1
Mera secrettalenth bina Kuchh Kare thak jana @Shinchan.School,0
Mp  G,1
Gcoft chT swag yT kaimcofa baby A!!,0
When you tinally tell her that you love her and she replies withHove you too bestfriend,1
OONK LIFES so vgly yaar slayi FUNKY LIFES 6 Kp2 lFhIe,1
Desi Me Rollin,1
HAI MAI MARJA,1
Attitude qy . Mastimaster.com,1
"insta@hay Main chahe jitna bhi kaam kar lu.Maa kaamchor"" wale taane maarna nahi chodegi. insta@hayemera_dil",1
HELLO..TUSABSEBADA CHUTIYA HAI AUR USSEBHI BADA TU GAANDUHAI,1
Zindagi jhand ho jati Hai un logo ki Jinke cousins topper Hote hai Aww_sayingss,1
So damn True. That moment when your best friend sends u a voice message & you're running everywhere to search earphones cause u don't trust that suckero On,1
HindiJokes f. Please Hike and Share Hindi Sokes facebook.comjokes.hindi,1
excuse me,1
"Dil toh bacha hai jee, wo bhi aisa..",1
"When mom says,Fine.Do whatever you want."" What happiness do parents find by emotionall",0
14428 hWh,1
b s gP bP pSr '2 PIrW 2hp i lh gP bS aeT ysa fa 3ITqq H|qI$c w3mirchi.com,1
12he 4 ehb,1
H a  HPh,1
New Year ah Hbsa Okes  New Year  f Jokes11.com,1
MHEMALE YOURFRIENDS ARE REVISING BEFORE AN EXAM SCOOFW AND YOU HAVE NO IDEA WHAT THEY'RE TALKING ABOUT,1
-2 19hh S.,1
"My wife is pregnant. Who's the father? Imean, good job! Congrats!",1
16328,1
Manzil mile unhein yeh bahate rahe Isliye hum Aansu chahat thi meri. Woh nadryan nahi aansu they miere jinpar woh kashti chalate rahe,1
Woh nadryan nahi aansu they miere jinpar woh kashti chalate rahe Manzil mile unhein yeh chahat thi meri. Isliye hum Aansu bahate rahe,1
q-gn - MujasTaKiN Majak Tak -,1
Ph9,1
Coffee,1
When one school bus overtakes another school bus.. Kids in the bus be like STatuLelee,1
h 163218 S. HPh ..,1
yfaf 00000000,1
QR g8 3iR R silent  rte,1
YourQuote.in he 3,1
*In2025* Kid:I'm so happy today is my holiday.. Me:,1
SUN RAHIHAINATU ABEUSKKAAN,1
00675 ShareChat h h  qy h fa i qy3 ff,1
"BABIESBELIKE ""DAD,HOW WASI BORN?' 60 Funniest Baby Memes",1
POS RACK,1
"Table Par Khana Aur, Asmaan Me Baadal Aate He LogPhotographer Ban Jate Hai. FUNNY WALA",1
"Asmaan Me Baadal Aate He FUNNY WALA LogPhotographer Ban Jate Hai. Table Par Khana Aur,",1
ada afe R P,1
Dear Babita ji. When You Why Go for Getting Gold tamba...,1
is Dunya ke cham ya faida jab Laash Lipi noG nai,1
Meow billi Jo muje ignore kare wo bathroom me m.b fisal kar giry,1
Me- Haa kyun nahi mummy Mummy-beta kuch sikh apne dost se. When my bestfriend comeshome,1
When my bestfriend comeshome Mummy-beta kuch sikh apne dost se. Me- Haa kyun nahi mummy,1
kyu bhen kyu?hu,1
hey doctor it's my heart.. not an MP3 player www.iLikeitFunny.com,1
hh /Whatsapp Masti Ka Adda,1
WHEN YOUR PARENTS COME BACK HOME AND YOU REALISEYOUFORGOT TO HIDEYOUR ASHTRAY,1
Aap Purush hi Nahi Hain FBMEMES.COM Maha Purush Hain,1
Main Jitni Baar Facebook Whatsapp Kholta Hu Utni Hi Bar Books Khol Leta To Kasam Se Top Kar Jaata,1
". .. "" 90000 WWW.HASLENDIA .WORDPRESS.COM",1
3 3SE fsfacea,1
abpata chalasaccha dost e eh  Hineaeg CCER,1
.w3merchi.corr 33 ii,1
2 min kisi ladki se bat kya kr lo Sare dost bhabhi bhabhi krne lag jate hain,1
Diwali  Rang fa Light's chKuch Logo Ki Yaad Aa Gayi Ki Wo Bhi t He Rang acca The,1
RT Exam  Election,1
Papa!l! PehliTaareekHaiTo. Thode Paise!!!,1
Raksha dandhan amsnpetes,1
Every mom's Reaction When they See their Son/Daughter Speak in English to Someone,1
as (Mobiles are not allowed in school) .,1
"-Date   class . qy-,date girlfriend",1
Mirch h . ii1,1
ymh 33 3 cha..,1
-3-8 2-h,1
"Mom: agr tum kisi ki shaadi me nhi. jaoge toh,koi tumhaari shaadi me bhi.nhi ayega Me:mummy mere dost meri barbaadi dekhne ke liye bina bulaaye aa jayenge.",1
iUn i iepee,1
3q GT<I 2T KeS # gy  $. ijba!h Ih I yle   a p4 9h Fe Jokea11.ccm,1
yh2 h,1
Coffee  800000,1
"fAchddl  at <uT$ ft m adt  3t ys o\5ch< Gt gH dT3t, telPBh ISh Whatsapp Masti Ka Adda",1
"f . H,.... /3 h",1
WEMIGHT BEFROM AFRICA ATLEASTWE DONTHAVE NDIAN NAMES,1
Papa Tera Result Itna Bura Kyu Aaya Hai? Me:Acche Logon Ke Sath Hamesha Bura He Hota Hai,1
a f 3,1
American says: US mein shaadi E-mail se hoti hai. Sardarji says: Accha .India me to shaadi... Fe-mail se hoti hai.. f www.inspirationalWeb.org www.fb.com/OptimalQuotes Keep Sharing,1
a  ..,1
hf..,1
INDIANS wat s td wat my mon tsids what soclety thinksids whatithinkido vtatIreallyde EE.RPCSPUS.COM,1
LOLI'M BATMAN Im#batman#funny #kid#lol #gag Funny kid appropriate Memes,1
44h Uhynyoh HUKUM SENGH,1
-fon y n -.,1
Dhundne Par Sayad Bhagwan Bhi Mil Jaye amigoaffair Lekin Dost Ko Diya Hua Pen Kabhi Wapas Nahi Milta,1
HAPPY FUNK 1 Me:Dadi Ki Dawai Lene BIRTHDAY,1
HAPPY BIRTHDAY LIFEO FUNKY LIFES FUNK 1 at.e,1
nph-h 4-5 200,1
"ENGISHMENAREVERY FUNNY,RAPING KIDS AND DIP THEMIN HONEY English men are very funny raping kids and dip them in honey meme...",1
66 2-walking 3-a. eh 9e 4- aicaBmw 90 5- 1027AM,1
Mqx gq6 3Iq qI,1
baanran Funkey Tune /Funkeytune,1
LESSTHANAWEEKAWAV UNTIL VALENTINESDANS CHEMIST WORD ISSECRETLVIN LOVEWITH ME NOW'S THE TIME TO SPEAKUP,1
Instagrm@Homzuwrier Chalo Batao Wrong ko Hindi Me Kya Kehte Hai Jo CalatBatay CA Wo Party Dega,1
Whenyouarel8p hut stillsingle .wbonyoucoo13,1
. EH,1
Exam answers 2b . G,1
"Moveu, kya tum bhimuihse pyar karti ho? Apni sakal dekhi hai Ha dekhihai Tabhi to tere paas aaya hun varna Deepika Padukone ke paas nehi Jata.",1
"Mohitjain01 Govemme bans PUBG, 117 other apps ChineseApp Ab Nabi Ren ndian",1
Tumhare Tasveer Ke Sahaare Mausam Kayi Guzaare Normal People TharkiPeople pugraphy001 Hila hila ke hatho ki lakire mita dale,1
MEANWHILEON SASURAL SEMAR-KA COLORS.7.30PM n tonigts opisode we wil see Roll ceturns bumgs into Jhanvi and the spoon falls into fter taking the spoon from Simar. But she muck. Will Jhanvi notice the spoon? INDIAN TELEASION LOLINDIAN.COM,1
Yo maMa is so stupid She stared at a box of juice cuz it said concentrate.,0
n2010 ewAlia dio you seo my laskmota? No sory went to the theate butit was written House,1
ii  be  h tension  2 history   extra chapter MeSh loh PPh I pd,1
HJokeScotf 5 f  LOL eee,1
e 2 f history   extra chapter ii  be  h 34,1
Another Level,1
FUNNY INDIAN KID POETEDDESLVLRAIYTNE,1
w..,0
POWER RANGERS DEI DEI KEELA VILUNTHU THOLACHIRADHA DA 90'sKIDS POWER RANGERS IRUKUM PODHU ENNAKU ENNA PAYAM POWER RANGERS IRUKUM PODHU ENNAKU ENNA PAYAM,1
Ek mehh Cute@ek Mela bhaii cute bakiii poori duniaa drawnili bhoootte,0
HH... h- at fh.. -a hhlt,1
New Year  ch kes New Year f ch fayR,1
Mummy.Pet dard Aur khilao.laddu Tu mat sikha.. Gutka khane wale,1
Whenmothersared alonewiththeirbabies When fathers-are alonewith their babies,0
Hm Manhoos Bil hogae hain F pe se zyada popular Hain?BC ABC ABC,1
"Papa ek chota sa Get Together rakha hai School mei Aap,Mein aur Chota sa Matlab? Principal",1
2 ghante non stop lecture dene k baadmom kehti hai mene toh isse kuch kehna hi chord diya hai...,1
Sir steps ka Marks Toh milenge na Beta maths ka Exam hai Mujra nahi,1
WHEN IDON'T REACH HOME ONTIME...!!! 'BROTHER 'DAD MAI TOH KABHI JAROOR ITNA LATE NAHIN HOTA TRAFFIC MEIN HOGA -MOM RVCJ MERA BACCHA KIDNAP HOGYATOH,1
Aur Batao Kva Bataun.Bey,1
MOBILE KHARAB HO TOH BACCHON NE KIYA afilmygyan BACCHE KHARAB HO TOH MOBILE NE KIYA.,1
JORLS hth,1
hth JORLS,1
My Reaction When a kiss scene comes in a Movie while watching it with my family,0
"Indian Parents don't usually throwsurprise party for their kids But when they do, it's called 'ARRANGE MARRIAGE",1
3R .,1
my barber suggesting 12 year old me to spike my hair me: Abba nahi manenge,1
Fb.com/BittuSharmalokes 1-. f2- m,1
When teacher asks about the homework... abunderground honeka Smay aa gya h Nojoto Manisha Rana,1
y.... .f . h,1
aunties double your age When you're stuck at a party with either kids half your age or uncles/,0
When you're stuck at a party with either kids half your age or uncles/ aunties double your age,1
10  g 0 -     wJokeScolf,1
d I,1
I HEARD WHISKEY HELPS WITH TEETHING SOIDRANK A SHOT BEFORE BED TURNS OUT IT'S TRUE,1
CHALOUTHO SUBAH HO GAYI,0
9P 0000,1
6 5.. yuvan365,1
No one Parents to kid after his first day of school~ Chal be 2 ki table suna,1
WHEN SOMEONE ASKS YOU... WHERE'S THE PARTY TONIGHT???,1
33 h R,1
ch yn  n1  U LIE,1
Nibba-Mat ro baby3 may ko to milna hi hai hamko. *Modi ji- Dev Manush,1
School memorie r sonna lover nu Machi..Kail vaai va ponnu kita rubber Lover kudu. kelan VRR2.0 Naan kekala sister Serupu pinjidum Adhe nan Hhan Iru miss kita soluran.,1
MmineApp Posted On a p r Sunday !!,1
af ca 9908,1
g. m h...,0
BHAI KAHA HAI? TRAFFIC ME FASA HU BC BHAI TERE LAND-LINE PE CALLLGAYA HAI MAINE,1
AMOREACCURATEVERSION OFHOWKIDSFEELABOUT THE FIRST DAY OFSCHOOL Funny Back To School Pictures 28 Pics,1
Facebook,1
sou @pappu_ke_papa video call ih,1
Me to my sister on her wedding,1
CHALO UTHO SUBAH HO GAYI,1
$3R Happy new year   Happy Makar Sankranti  F..!!,1
Qadar Karo 3 Jo Tumhare Rude Behaviour Baad Bhi Tumse Acche Se  Karte Hai,1
Tumhare Rude Behaviour Baad Bhi Tumse Acche Qadar Karo 3 Jo Se  Karte Hai,1
6 5:59 Hhe42p e,1
FriendTune meri itni achi pic pe Haha react kyu kiya bey. Me: Humare yaha aisa hihota hai,1
sh-h -3 s-H Shh -H,1
.,1
TRI 4 h,1
Later in Toilet,1
Mere RPapon Ki Saza Mere t Ko Milegi Kyunki Unhone   Bigada,1
no aap sar i,1
Hello Dad. your wife still beating me i dont wanna live with her any more....,1
33 3 R-,1
Meow Jo muje ignore kare wo bathroom me fisal kar giry,1
"Sanitizer le liya,mask aur gloves bhi pehan liye Ab koi dikkat nahi! Corona: Mujhe Dikkat Hai",1
34 h Bitta,1
TRENDINGNO#1ON TWITTER 2 days before NOW TN ppl #Pray_for_Nesamani #StopHindilmposition Central Govt Pinringale da,1
HOWDID SHETURN THESPOON INTOAN AIRPLANE? FUNNY KID MEMES CLEAN image memes at relatably.com,1
HOWDID SHETURN FUNNY KID MEMES CLEAN INTOAN AIRPLANE? image memes at relatably.com .. THESPOON,1
Red wali bhai Fir tohe meri bluewali tum dono kiex merio meris,1
R h Srag Painkiler m 2h .,0
i hhhe  - 2-lhh -3 -fih 9 8688866,0
oe ehe yecht? IndiaChat Google Play,1
Munni badnaam hui Darling tere liye.. Aisa Kheech ke Lafa Dungi,1
G D MORNING,0
. . .,1
"@rajani Helo Me school ke, waleh, Gate pr poach,",1
"waleh, Me school ke, Gate pr poach,",1
"Kids love Burj Khalifa' Adults love ""Wiz Khalifa' Legends love ""Mia Khalifa",1
.... .f . h,1
Jo main padhta hoon wo exam mein nahi aata hai DERHBHA Aur jo main nahi padhta hoon wo definitely aata hai,1
- g  - MATAN Majak Tak b,0
ttgWi-Fi 209 Password .,1
i 3 2,0
3 lep eeonl afl.... Jokesmantra.Com,1
a h Stal aa Phh,1
...? . Mobile  34,1
Instagram@Hindi.JoRe 2 ai,1
Dil Se Bura Lagta Hai Bhai,1
yc:gfafahchc hchc..!ch q4aRch ii hhP9p,1
"Behan Bhaiyon ko Kese Jagana Chaiye..? ""Jaldi utho!Abu tumhara phone check kar rahe hain b.cem/Caloywtb",1
3 h$k,1
Dekh Bhai Teri Bachpan Ki Pic Mili Hai,1
a f,1
S H h,1
Life is so unpredictable that Oneday you will RangAs Mnoenao becleaningstranger'sToilet,1
i a- 2-lhh - 2-hlh -fh,1
Today's kids When I was Photograph a kid,1
r at,1
When I give you my phone to see a photo It means Don't swipe left Don't swipe right Just see the photo and give my phone back,1
quit.... ilbe Ht,1
MK G/eme Pehle mai sochti thi mai acchihun fir mene khud ko zoom karky dekha toh pata chalaki mai toh be-tahasha acchihun,1
TeacherA B C  HABC Teacher3.,1
S S. f .,1
E 1.3 (1976) 2. (861) (2016),1
$3rRHappy new year   Happy Makar Sankranti *t..!!,0
Dear2020 Make sure you don't come up with Temporary people!,1
Lockdownd sf.,1
KIA AGE HAI TUMHARI? KION BEHAN KA RISHTA DENA HAI TERITU! BHAIMAINE KUCHNAHIN KAHAAB,1
"01047 nstagrm Ins erort9 : love you bhai nahi hal kya? Maitu Kyu,pari hai tu? Mai tumhare aath Q 3.897k A",1
Mummy:Beta marne k baad log sitare ban jaate hai. Salman Khan to footpath ppl Mohd Shah Sadak Se Utha Kar Star Banaunga,1
2,1
s Swhatsapp hhks dwhatsapp s sf fair& lovely Bah Boy :arrre meri maa  whatsapp  3 48,1
Gaali'Bhi to De Skti Thi Bhaai'Khne Ki Kya Zrurt Thi,1
iye,1
2b a   h b h  Irh FPe t sy  IP2 JPe,1
e fafa h,1
PH2 R... 19 iiich0,1
LDROPPED:MYAKIDS OFF WITH THEIR.NEW FAMIYTODA,1
33 3-,1
"LKB03 Ittu si to life he Usme bhi subhajaldi"" Utha dete he",1
. af aR HASLEI COM,1
When I accidentally bite my tongue while eating,1
Kids Have Gf Men Have Crush AND LEGENDS,1
PHONE CALL HOME ELEMENTARY WHYAYOUGONACANE MIDDLE SCHOOL GIVESiWRONGN HIGHSCHOOL HERM XGAFITCH.KLCALL,1
Boy Girl- Boy Girl-.. it Girl Boy3,1
bestie ge,1
h hn-h imgcart.com,1
jUdI H6 n W$IP[h Jokes11.com,1
Dodin kebad uski UsratApun do Mesoypeey bajetakpiya Phir...Phir Phir...Phir keya hua? keya Agle din apne mohalle nein cB.aayi.,1
Kids Write What They Understood Men Write What They Remember Legends Create Their Own Answers,0
www.pjpatakha.in @PJPATAKHA,1
What girls think What we we wear at home VS actually wear,1
lagta h tu bda hokr harami banega baba.harami tere jitna nhi bhotlike jo nana banne k time pe bap banke ghoom rha h,1
"Wanteda, writes IsDilKa KyaKareSahab Saala Har Ladki Pe Marta Hai",1
hsh ch  10,1
HTS chch Skes ftt Jokes11.com,1
Me As A Father Relatives :Kitne Number Aaye Apke Bacche Ke?? Me :Apko Beti Deni Hai Ya Job ?? IG:Kataizaberr,1
"what a surprise""...!! hgth",1
R 100 Hoksin Sieg,1
th 6 9000,1
SAttitude.girlR- qR Hight  Talent ....,1
65s66 5 yuvan365,1
Agar Cute Hona Jurm Hai Toh Haan Mein Mujrim Hun..!!.,1
PEENEWS 11 like us on f/zeenews,1
"ee cioite ""gofter a-.t  f  e y",1
17 h  17-18,1
1hourago imran ffag sgy,1
ATHOTIMEINGANGA!-,0
poge P a p S,1
hnPgbh #ManVsWild #NarendraModi,1
"meet childhood frnd after long time Bhai teri engineering complete ho gyi ab to tu paisa hi paisa chapega *le firand Arre ma chudi padi hai,",0
qRa f g  lle 10,1
. Baldev Prasad (Tanti),1
3,0
Mardangi dhoti aur moochon mein na hove hai .mardangi jigar mein hove hai.. -Saand Ki Aankh,1
"Nigeria is richer than Dubai,but her leaders are corrupt'-Dubai Man...",1
Aaj Tak@AajTak4222 #BREAKING_NEWS hn 13 62 157,1
50 00 250 500 000  h n ph  be he   Ph,0
76 CRT REIRE,1
State bar electiong 3,1
n,1
g,1
"Look,a b e happ TR blinc",1
hosds DAR PARDAH KOI PARDAH NASHEE-N DEKH LIYA HAI AB HOOR BHIAA JAYE TO NA DEALEGE NAZAR HUM Hafder.A @ihoider.o,1
AAjai kisan A reatty it's painfe he  A #farmers #JaiKisan #HARYANAPunjab RP ahaichara,1
shubhambest9305 #6Kg-42020 TrassisteTweel aga:ha,1
PIbyUh,1
pe h 3,1
"Anjana Om Kashyop @anjansomkashyap TranslateTweet 88.6K 0:03/0:08 350 PM  Aug 17, 2020-Twitter for iPhone 9.4K Retweets 82K Likes.922 Quote Tneets",1
3,1
h b9 a blle 9,1
yo fff...,1
ehehtgbgeeghie e 3 ine bola beech mein chonch ma,1
R    H$ 3ncio,1
4- RSS e aBcclg,1
GISR,1
Storytimes.co 40 5Kg,1
"chlsdl-faqy 9TchT hP p?b P E 1E E fqqry-q q..... MemerAdi Tu na, dunia ka sabse bada chutiya-hai",1
3 af,1
S3Anh2D t INOIATY,1
ehe h ee,1
Ue t ht bol wo rahe hai lekin shabd humare hai,1
Jab 1GB Ka 300 Dete The Tab Me Hi Aya Tha Sbki Help Krne FF Ab 31 March Ke Bad Koi Bhaga To Us Haramkhor Ko Saja Upar Wala Dega,0
He messed Their Plan Are Yaar Apni Maa Mat Chuda um Kah Rahe Hai Apni Maa Mat Chudao!!,1
"Excuse me, Brother Brother R  Hd",1
. - 9hbAg,1
f awesome 3 epic Rae @Laatkhor,1
DAINIK JAGRANNEWDELHI17DECEMBER 2015 Phshhsh n,1
hh99 hh,1
Virusa fch q t chilly chicken,1
-3 -3 gorf iie,1
GULZAR 3,1
29AFRIL 2019 f   g- c     a b,1
thbibe,1
..3 #ManVsWild #NarendraModi,0
thbibe,1
thbibe,1
14 allechlapa- s ah ello akn Rosee,1
as ShPh8,1
HindSatire.com,1
s f SH,1
SMyNatioo MyNation #JammuAndKashmir TronsiateTwee hindi.mgnation.con 9:48 AM12 Aug 19Twtter Web App 2Retweets 9 Likes,0
1120,0
h b h h h,1
:2 IPPe 2e>?Ih,1
chtf chh,0
Tere DilKePass HeHai Meri Best Song Mukesh Kumar Subscribee,1
INOIA',1
D135521145 ShareChat,0
Sachin Kumar Kashyap shared a sink. ... NEWSPOPO.COM -news Lik,1
TRIGT,1
9 p9n g h  P pk hle Ihe  an    o  d 3R,1
3,1
h5,1
qq 3nych at f9T 3 3ych 3yq ch  dcch 3lcR  h ynd   i hh  yg...,0
134,1
2019,1
2019 Me  4? @drturshvadhan @dmarshvardhanofficial @drtarshvardhanofficial wwwdrharshvardhan.com,0
319i M 3,0
sspa BIP 2021 200,1
h,1
hab,1
"Tu na,dunia ka sabse bada",1
"hh W...... Tu na,dunia ka sabse bada chutiyahai",1
mI?m & RkR?IRR ofat fe   GRR..,1
Day A Rich Man Took His Son Cn A Trip Ta,1
Pikk Haafamr e??,1
hh Nojoto Jaya Mishra,1
H,1
fR T'Snake Man,1
666660 . #GoBackAmithSha #GoBackAmitShah 11:58pm,1
99_9 AESOAEOROPAR mrmretyaeiaaaa gagan.mang,1
gagan.mang AESOAEOROPAR XRHUPnA7A+hAAU mrmretyaeiaaaa,1
@611034627 OSrareChat h #man ki baate,1
"Hum jahan khade ho jaate hain, line wahin se shuru hoti hai.",1
.BP370 ~ Politica e K-da,1
RIR Id Il Hn hie,1
fs3 s,1
11 like us on f/zeenews,1
.066 toWsUUiLi.,1
NEWS follow us on/zeenews,1
y40 Sha CKNaeg See Transiason,1
@carsy Ohrechat BbP Brysai Ibbpan pssbla,1
Yaha lk Nahi Mil Rahi  ahab Ki 17 Biwiya Hai,1
i,1
R ab underground hone ka samay aa gaya h,1
"fah,",1
edl page Ph  n ne,1
HHff  aife fhu 3f3 HRh220 assa  ersahtbecom aprterestcoedhassi,1
s27y,1
- 3,1
Dil kardai FAKIR Ban Jaavan Shamsher Lehri Birender Dhillons oy- TEASER Shasher efr,1
hb9h,1
"Bechara Aadmi .colours.com Jab Paida Hota Hai Toh Badhai Maa Ko Milti Hai Jab Shaadi Hoti Hai Toh Taanif Aur Gift Dulhan Ko Milte HaiAur Jab Marr Jaata Hai Toh Insurance Amount Wife Le Jaati Hai. aughing Colours Family,15Million Now.",1
Daal chawal khaker hima das 5/6 gold medal le ati hai aur yahan Pizza burger kha kar ladkiaan TikTok par kachra failati rehti hai,0
h 3iRS,1
10th,1
fOdEerkramameran Abe Gaand Na Fulao Maa,1
70f PIeg,1
Ab ye bol raha hai HaatimSonpari aur Shaka Laka Boom Boom bhi Start karwa dete hai.,1
pic4pk,1
py TKTOR,1
RT,1
Ab ye bol raha hai Dill Mill Gayyen Bhi start karwa dete hai..,1
3,1
Pe,1
100 250 hb Sb hle  Ph 3 3,1
y4 yg,1
NBT fa,1
3IGT oe 56286 bbe >corona fe 9aa,1
2019 30-30 #3,1
ee engalmea usiness KitRt jch IPitit  yn INDIA,1
lh Iklc lh.s 3kSh l3h Inlc(Sh.klalk. @man_no_vichar 3klsIh,1
46.57 40984,1
stagram@Hindi.jok 80%-,1
2 fbyabgc,1
#amucitizens 141 RAS Ajatakaryfa Ajtak,1
DAILY HIND,1
R  l,1
cbRI cb   R  l e R y fo facon,1
"DAINIKJAGRAN,NEW DELHI,17 DECEMBER 2015 R PhshPhsh Hellald a",1
3 f,1
ShareChat  fa 3 f S...!! https://bit.ly/dpstatus,1
2-3,1
3 21/01/2020-,1
- f R,1
Chhat Tapakti Hai Kachche Ghar Ki VC Wo Kisaan Fir Bhi Barish Ki Dua Karta Hai SALUTE to our Farmers,1
. AAAA,1
3 Ph,1
nhbh,1
Man janbaazam,1
afe alfeoay aitey. ine,1
"#PUBG banned in India,Meanwhile Indian Parents be Like Aakhir Wo dinaa hi gya 6:0722020 O 742 125",1
COMMENT,1
6 .,1
a ya,1
E3T y8H J fam H fr fe,1
Rakh Leho Pat Meri,1
199 amo #india Haryanvi Jaat,1
IzzSajid 3,1
Teacher: Insaan Woh Hai Jo  yes A Student: 333 Na dusron Ko,1
333  yes,1
f3 ah 3G 30131  he te C,1
I 2391 Single Boys Hey Bhagwan Mar Diya Bechari Ko,1
# 26.10. 14777 150. 60.200. h e  El hh,1
h,1
f f3 2,1
k  Sot y  h,1
viralinindia.net P P   h h,1
- TanKnannias dlochp.. RTW he couldn't tendthe flm motionc  Otionis,1
50 years 4050,1
2n,1
MEANWHILEIN PARALLEL WORLD Bas kar chote aadmi Gundai karna band kar,1
6699 NAAZ-O-ANDAZ SE KEHTE HAI KE JEENA HOGA ZEHAR DETE HAI TAU KEHTE HAI KE PEENA HOGA usrat Fateh Als Khan ihoider.o,1
1492 SORRYMAN,1
FEKUMAN MEA,0
nPhhb #Farmer,1
hchstch Hhsta @S/entman,1
@417130708ka ##bhagwa dhari man##Meme.,1
Sutianae af g sfs t3 2 akn,1
RILLER When Nazi history,1
f hhy2 Rh,0
raetasnitt 3f - qif,1
44,1
FEKUMAN,1
E EXO AD COACH Nojoto Rohit Thapliyal,1
h9 Nojoto Kaushal Kishor,1
Mere Man Ke Andh Tamas Mein JAGJIT SINGH,0
BSMN e ef NEWS vstorsocial,1
P JPphl hIE MB 3 AT? q R 3  a...,1
262020,1
IhlQE b EIpHJh 3,1
LAC 4KM 56 g blle,1
GreatStory of Gretest Man Dr.APJ Abdul Kalam Motivational Video MA Malik,1
GRRSS Bccl,1
"Sardar Ji: Hamne Mobile Marriage Bureau shuru kiya hai Rishtey k liye 1 dabayein Mangni k liye 2 dabyein Shadi k liye 3 dabyein."" ww.hamariweb.online Man:Dusri Shadi k liye kya dabaun? Sardar JiDusri shadi k liye pehle wali ka gala dabye",1
-Magarsaheb YourJuote.ir,1
3 hR..,1
.,1
"Once a brahmin requested Ravidas j to bathe in the Ganga river Ravidas  relused and said: MAN CHANGA TOKATHAUT MEIN GANGA If your mind is pure, Ganga bath. Satlok Ashram",1
n 23h,1
Piuipins fh R 3-3-3 fhE,1
g az2 ad 2@278489537 OShareChat B2 f Shb9h f Gyws!!! iiidh MahilaBol.Org,1
Mie Whteey 2 he f RawiShastri,1
EDT+ST BABA Manjhi + The Mountain Man,1
LLupip LIVEIID,1
Man Vs Wild h   .,1
.a IP Tyanipandit.com,1
"""Vikas Dubey after arrested from Madhya Pradesh for killing of 8 policeman in kanpur Aur ye main vikas dubey kanpur wala police ki giraft me,charo taraf police hi police",1
VS  He is my o/dfriend He is my aged'friend take care! He is an agedman. He is a badman.,1
f  hlyhy hh @Theshivainsta,1
}hh 1h lrh  3 3g3,1
3R,1
a,0
126 36 5601600 d HAL,1
Breaking news 60 ..,1
HaI aRT? Achhe Din,1
R2 3,1
3 nhh * Antar-aatma badichanchalhotihai,1
PKHKRKnJ So Aisa Har Naam Dhiaiye Man Mere BHAIDALBIRSINGHJI HAZOORI RAGI,1
3 3,1
is Dalit men in Tihar Jail go on hunger strike over'Valmiki layanti,1
FUTrOCU ?,1
@417130705ka ShareChat 3a,1
el c,1
Old man- me Old man:-hnn .me:-  f Nojoto Mansi Kapil,1
Happy Birthday Navjot Singh Sidhu From attending the event in Pakistan I am suffering from the hatred of people What a birthday I am having.. Nojoto Sonali Jirekar,1
Woh Abhi Tak Mara Nahi Hai,1
3 ne    ea e -,1
3 SA- nm,1
t  Amrish Puri Best Scene,0
f3,1
super sir ar y s,1
rcr2Ik & !PUk P lpbf elsoe!!,1
P,1
fRraT hh,1
"3nfeaR, le",1
"Yeh haath mujhe de dey Thaaaakurr nti k bhi Le Ley u Kaka k bhi Le Ley, OCTOPUS ban ja kutte.. Sorry yaar, tu to emotional hogaya",1
50 50 INOIAY,1
dtarefatagfaaqa,0
4-AbshaarG HEG www.abshayar.guru,1
social,1
Irs Ie H,1
AGI,1
3iqc ThIE  Wq! Hqdl  aT  HIh   2 IPp 3lyqf q 2 auR iR Hh FP k qT 34IH,1
2 HI # 8 aR dcT UP qf HRGD 2 RUP8 I fll 2W hI lSb,1
3 Posted@ WWW.SMILEWORLD.IN a    SMILEWORLD.IN,1
f,1
hfhy 3h H.. Baldev Prasad (Tanti,1
3Rdodl3d dgsd at an i.,1
"3 , f$ 3t, OHindiSatire.com",1
"Hindustan Supporl Modi 14 dg qT asq qgd\  qiet agait,d sh laln3 allehJaga-  e Ro$ ' le I E Ield Qc le 3alyoll qcoit at qcoit!",1
Rb S,1
engalmearsiness al ai .s ls a yon INDIAY indiatvnews.com,1
Raushan Yaduvanshi asr qI4q0hA yy RJD 3d 2p Ihl  p$p P b P t HE HE h DPe hIb IhIhPD EE H Hqyq 3qs a< qgqch i ii h IPt t SeeTranslation q$ ysif fsit  303 930 3igsiss  Like Comment Share,1
Prabhu Ko Pana Hai To Pehle Man ki Gandhagi Dur Kijiye PhPhK,1
Tanzeem Raja 34#Dream11,1
3,1
Beware of FROUD MEDIA 22hrs Isse bada wala dekha hai kisi ne?  3IR9R MA thbb H R NEWS18 657 4 1.2K 387 Comments 496 Shares Like D Comment Share A2K,0
A,1
"Baba Ramdev said ""He is Still against FDI BABA",1
2b Ar t  h ohh,1
yt  f,1
HACK FEKUMAN,1
HACK FEKUMAN,1
"/theFaltu.engineer Something Funny Excuse me, Brother Brother! WR IHF PH Something Creative O/theFaltu.engineer",1
Daal chawal khaker hima das 5/6 gold medal le ati hai aur yahan. Chutiya baba Pizza burger kha kar ladkiaan. TikTok par kachra failati rehti hai,1
G IRRFAN 3 Last Audio Clip Irrfan Khan last Audio Clip att when he couldn't attend the film promotions event,1
areot,1
8686,1
atayefafrfya,0
... ehlle .,1
NEW 4R,1
i .,1
HARTTORT HARIHERE HARIHARIE,1
HARIHARIE HARIHERE HARTTORT,1
Pankaj Mishra @PankajMis.4h,1
Hffe f f3 Ht ag aife f aBenkohe H,1
Roht Choudhary and7 others Like Comment,1
"AABPy  fABPUNCUT Indore: Man murders his wife and her lover, said I learnt from crime show zkaresgancey Bsdk satark rehne ko kaha tha sikhne ko nahi",1
30 3030Student g TJEE Advance,1
33 chul Tiwar,1
Gigl Rsciicid Mr.Sonu Sharma,1
0899565@ MAN KI SHANT DrAjt kmar br allo wal#MN SHANTT,1
3 3 a Bodhvichar.com,1
33 Edited by Sachin Ganore 3 aaRla R3,1
RSS MAN KILLED BY OWN MEN 1ADewas BLASTS ACCUSED KILLED BY RSS MAN,1
fa 3 .,1
2bhhkphle b .,1
fafaa3,1
".. .., g",1
ssaata3raa 3ra w3mirchi.com,1
143 Viral-Status.com Viral-Status.com,1
3 esai,1
20,1
Rahul Gandhi Latest Funny Video,1
2h Posted On: ShareChat @nsra Hi. ShareChat #vs  GETIT ON GooglePlay,1
fc itee,1
Nagaland Post 4.0,1
3ractaa,1
-h iee,1
haha PH,1
.. 9hnh F.com/Hindioo HindFunnyjoxes.in,1
"- . 3iq T""3cT3 aAqT ar""acr"" aT 3la b$I2 I>Ih9 IP ekes i iIP e4 HIh Jokes11.com",1
2h Posted On: @91926167 ShareChat 2012 #STOP THECORRUPT FB/BharatKeeAwaz t pbh   700 15 353 26 6S-40 2.4 Pb2p2hlphapa 0009 #3 vs  GETITON 3#s GooglePlay,1
pSp $ ekes hset ac5 3hR3c # aA thie!! Jokes11.com,1
Rahul Gandhi Latest Funny Video,1
4 20 Shayarifarm .. 000 000 000 000,1
y. ih Skes -.. johdehs Jokes11.com,1
3HT-HT3 English I  Man : What's this? Dukan Dar : this is Dahi English man : what is dahi? Dukan Dar : milk sleep at night and morning become tight...,1
Sh NMF NEWS $Ie HRT,1
BP,1
fh wife the theT Ihlr R.... Wife chT bWPH Without information fight everytime.,1
fe ARTE e'ellt Onl.ai..) 4T,1
faa,1
ERRY RIRR,0
Tel dl,1
FunnyJokes.in Hindi iy2p hhp pt yp Facebook.com/HindiJokes24 HindiFunnyJokes.in,1
- -,1
da a  39 R0 Jokeocot YROIT ERT,1
P 6660 FB.com/Hindiokes24 HindiFunnyjokes.in,1
P jh 6660 FB.com/Hindiokes24 HindiFunnyjokes.in,1
"""BJPta..."" H.. atBJPai.. Facebook.com/HindiJokes24 HindiFunnyJokes.in",1
FunnyJokes.in Hindi 33 Facebook.com/HindiJokes24 HindiFunnyJokes.in,1
8R 9R RT q1 iy!r WSI BBC NEWS fat,1
"9F, t ay  mie  ada Viral-Status.com Viral-Status.com",1
3yoit enecryd aag e Shyoa,1
Ie In3re Jha 'le@h j3Jo Jo3h S[q Jo 3 Jb le'Ue$h Jolc acW l mh 2is] ajq|Cuo a] u|qd| w3mirchi.com,1
ieePt Ph jokescoff.com JokeScoff,1
Funny irty Politics Joke. .Jonoabn Rold.. ........ OAND,1
1947 P PIht qa,1
Te $p IhWJP w3mirchi.com Hcaa,1
hd ion y G,1
2h Posted On: ShareChat @91926167 CAA faety p  s ah elo y Ple #PhirkBaarModiSarkar Ehahlbloageplasane Taganplleans gaele soo anedlg alega papageneo elopafscla gPhagaaple #t vs  GETIT ON GooglePlay  CAA f .,1
3RGUTHRT Shayarifarm,0
24q hhlle aifca UUU 4,1
fqq8r FT T 3RHdT H4RT H\4T aEI IFl>q InlIc q Ph qwJb 3ITET..!,1
2h Posted On: ShareChat @91926167 REVMT.. 63 PPIHEh EVM 43RI4 PIC S EVM #vs GETIT ON GooglePlay #vs#,1
"e   ""EVMaa Re FB.com/Hindijokes4 KindiFannyjokes.in",1
qy 46c PM qAT 4  $ 4en t ? dIPhdg IsP Z QUcWIh dh PIe H$ jIh?J S8 ec I$hK FDIE t kQJb FB.com/Hindifokes24 HindiFunnyJokes.in,1
i22$ 8666,1
HINDIJOKES ahA ah?. 3yhh,1
FunnyJokes.in Hindi 3iR Facebook.com/HindiJokes24 HindiFunnyJokes.in,1
.. 9hnh FB.com/Hindijokes24 HindiFunnyjokes.in,1
ThePrint HIROU RASHTRA,1
Hindi Funny Quotes id 3R j3 nt Iid maskaree.com,1
LO Itble,1
faia . 6668 FB.com/HindiJokes24 HindiFunnyjokes.in,1
iet ohyaaro.com,1
q44PM 7PR 6666 F3.com/HindiJokes24 HindiFannyJokes.ine,1
- 3iqT3T3 iieeeeh Jokes11.com,1
be   EVMaT Re FB.com/HindiJokes KindiFannyjokes.in,1
Viral-Status.com Viral-Status.com,1
BJP. BP. #aRS,1
BJP. BP. #aRS,1
1947,0
fP h geee FB.com/Hindiokes24 HindiFannyjokes.in,1
2,1
3it i22$,1
3,1
R hicoen,1
en3eheoo3s b esh ocamh elln  Jonaje s,1
2019 HRd,1
2 22,1
- -,1
SGR,1
Ro y y,1
h kes i.-yi. johdens Jokesll.com,1
"MIrch BJP HHo BSP HHo 1P RT-HH hH w3mirchi.com 3R ac3t qR, c at y  IbpE Ke $hH aT3IT, aH $I 1h JPhIE U. -",1
LO Fonaydo ttep,1
Rtgst  s3nc JokestLcon,1
I+ !le Whatsapp TE had Joke aifeft: Busy  PM IhR L SRAe: 3 E,1
NEWS RIE,1
2019 3 2e w3mirchi.com Riys a at,1
3141t RSS aR 3q afeater 122 afay yoHR,1
"Hgolt erteciyd tot ""$h yoa",1
-t English Man: what's thig? Dukan Dar: this is Dahi English man what is dahi Dukan Dar: Milk sleep at night and moming become tight...,1
91926167 h EM 63 Hf allh h W3 EVM atad,1
24q aifa 4,1
TEAM AAP,1
d  fb o  Ticketl ql oRd alcqpol #17    Funny NetaJi Make Jokes of Neta Part,1
"DIRTY POLITICS Tokes, Shayri, Status in hind. SGH",1
BIP CONGRESS maskaree.com,1
iie he kes JokestL.com,1
Jofeswale ci h,1
Facebook.com/HindiJokes24,1
KOR,1
100-100 . yoyte e,1
w3mirchi.com dh  B fG q1At PM Ehle qT. Yt hIE L4 FIP>4JIh fat giramT! w3mirchi.com,0
3mirchi.com,1
Funny Dirty Politics Jokes S R3R  3dR    olf esc !! WWW.STATUSGURUHINDI.COM SGA,1
143 3aate 33 Viral-Status.com Viral-Status.com,1
ININDIA Human Rigtts De JANUARY TO DECEMBER 2004,1
ININDIA JANUARY TO DECEMBER 2004 Human Rigtts De,1
IRST CUT BYMANIU,1
@nsra a0vsws k,1
13 . 1s   .,1
H IHresn,1
at,1
fascitfae,1
saaa Bhoha,1
"ehr HRA"" w3mirchi.con tait",1
3a 13 dindi Di,1
af 000 Jokes11.cem,1
o  HR qudg,1
"STAY HOME STAY SAFE hhh AbShayari,Guru",1
Oph T HindiPis.com,1
chRloll aRRT chi chYcr y6T Sdolt cidt  3 wue  b gP q9 R ) fch   h ch h   WWW.SHAYARI.GURU,1
# lg y ywy H40R andi WWW.SHAYARI.GURU Pics   3 wue  b gP q9 R ) fch   h ch h ch<7 q faqR chYcr y6T Sdolt cidt  a! chRloll aRRT chi,1
oRa,1
anns snao Sdd t3,1
PW$PH 33 h2,1
hn s Sh y fat ag,1
h -100 s-i,1
c3R3R***,1
fa a sn -  we  h  SRTR  hE  Schh hlohbbh,1
quqR ycchd ych ara yo ft eft ? qff at 3rR ISnIe l dUs IblW UIh IIlt 3ael gan ?ft arT ??? veg HRR... jokes...,1
(eg ee)  ch agm d g ai ra... f RPOOPR,1
3- 9 Rifch,1
40 Raf fa fh @Hindi Pics,1
GO 21 Corona 21,1
www.FunkeyTune.com AACISUR Alsche I lr?e l Lp 3 ARCR Funkey Tune f/Funkeytune,1
PStop_Cero,1
Lockdown Ki Wajah Se Aaj Pahli Baar.....,1
Hindi Pics H- HindiPics.com,1
a ! #StayHome#Coronavirus,1
2-3,1
R,1
R h .,0
HGGR GCR,1
HoRfahy UaiGceet,1
Teachersh3 eeee Bittu,1
abodofioys,1
chRAT ite HindiPics.com,1
Haniea ae . 07 cdicle ureufa aea,1
h6N H-3,1
6000   3,1
7 RR,1
8,1
hbhle hleth,1
cieule PART-2,1
a3 indi TEIPe GRH 9 a3 c4rq 30-35 SGR HindiPics.com,1
2E,1
q3<s1 gRqT # qRT shayari4u.com sR&R,1
LOVE YOl  .  g inn,1
f ..! ff,1
SMILEWORLD.IN ehen,1
ft enlockdown 3tsf refaa,1
"Ghar par baith ke sabhi apni Shaadi ki CD dekhna Kasam se, Corona ka Dukh Bhul jaaoge.",0
social distance faal ay  yfy,1
h2bah12 t d bh LIVE SACH,1
"1baar Lipsp ""2baar Cheeks par 1baar Maathe""par Aur bahut saara Haathon"" SO par Vaseline jarur lagana Thand aa gayi  hal hvaaro.con",1
hehblle,1
hospital perfume,1
f kes fRS Jakesll.com,1
"-3 MichST , ARch",1
3  oo w$mirchi.cond Ph,1
abshayari.guru Corona-Virus qfaf 2hK AbShayari.Guru,1
w3mirchi.com - PU  ah- 3-f 3,1
3,1
itte  ee 24l Kes Hh 31 f!,1
9 dh dB h>h e4 E 182Ie a4 tH4  qaf fchqT Iockdown tc HchdT WWW.MANOJPANWAR.IN,1
Jokesl1.com,1
n Hindi 3 Feeling Sad With 44 0thers' HindiPics.com,1
ffa3 h SWOWEAT,1
33 h hlahe,1
NEWS18,1
"HRT oft, JokesMasti Ihlh #21Days LockDown",1
cot dar  c t ai hpR 22,1
hn96,1
JOKES,1
3 R,1
h si 2h ***,1
gah fy.,1
2 00 APPRODS,1
Hooon   a g t  s y. WWW.SHAYARI.GU,1
Hindi jekes aeea A Place For Entertainment.,1
Beats.in  ct acso h,1
hb fgEngineering,1
p f bababali,1
3 atcr Sanitizer,1
f H  www.haribhoomi.com,1
TikTok Posted by:-akadstatus.com,1
3 T3,1
he  Happy Holi,1
33,1
h Hindi ics  ff 14 HindiPics.com,1
"abshayari.guru 3 AbShayari,Gurue",1
#  Ph  tee $h,1
A3ry 999,1
JokesMast 21f 6000 #21Days LockDown,1
chRaT HindiPics.com,1
.5 f,1
Jokesmasti f 9h,1
h 3 fg!,1
COVID-I e . #Stay Home Stay Safe wwwshayariguru,1
quarantine Be Safe From Corona,0
g  amarujala.con,1
h h,1
Jokes h  1. eIhh 2. h  h hsh For TIKTOK KAHANIHINDI.COM,0
"cci, n y nen8 7 n 30 i ISI6 3p yRIb www Shayari'Curu Corona-Virus www.shayari.guru.",1
"ch  $ Rucirjen, faad, RR g 000",1
PH chRT Hindi Pics cRTf a1 Made in China ?! HindiPics.com,1
LockDown /gigsd #Stay Home Stay Safe,1
"MILEWORLD.IN ""t  Feeling  i3 3 iphhte SHPOWODAT",1
JokesMasti,1
ch<f #AT aA3R  eP e kk yt b oeee,1
P Ph 19 eeee statuswhatsapp.co.ino,1
yet rarch 33  f WWW.SHAYAR.GUR,1
"JokesMasti Ph2pu 2g,fP Hg ooee",1
Ae 2119 i,1
h ***,1
*** h,1
Kes,1
1 hy    d h www.haribhoomi.com.,1
**$4h  PaJh  W3h www.haribhoomi.com,1
Must Read Coronavirus Motivational Poem   3 nalwayatanchal@gmail.com Pratapgarh Rajastha,1
+,1
+,1
. Jakesll.com,1
i.,1
H... SMOWCOA #StayHome#Coronavirus,1
..,1
Mai Meri Ex-GirlFriend ko Dusre Ke Saath Dekhkar Kabhi Bura Nhi Manta..!. Kyonki Meri Maa Ne Kaha Hai Khele Huye Khilauney Garibo Me Baat Dene Chahiye.,1
SOA 512192 6.13.2 AN,1
"abshayari.guru 3|[] qT abshaya lhlle Scl ltr Sh 1Ela HROR 314$ T H 38 I Uthe AbShayari,Guru",1
"alal, 3fd Doee",1
"abshayari.guru gERT 3qqi q qq 4 MR. AbShayari,Guru",1
e 3 33 3R,1
"Ek baar pappu train me safar kar raha tha. Train mein bahut bheed hone ke kaaran pappu ek ganje aadmi ke god me baith gaya.... Aadmi jhunjla kar bola:Ha Ha mere sir par aa kar baith jaa Pappu :Nahi, uncle main yahi thik hu, waha se fisalne ka dar hai",1
Even the emojis are very particular about the corona virus.,1
LockDown h h,1
fs 3-4gkes hll thle ht Jokesll.com,1
NEWS BREAKING    NEWS,1
skes Jio t Sim Jokesll.com,1
"3ifotd, e ilt... ee",1
WWWMANAIPANWARES 3 CORONA VIRUS Rq4R  fg a3 lockdown  f,1
HIH W$pJ ft IF4 3i Oh Yaaro?.,1
hn,1
1 Oh Yaaro?. 20 HIH W$pJ ft IF4,1
Glolednlod - oddg gel easi ... Bnorenn tpele qiel......,1
"s... wf 2-2 aa"" latesisms.n",1
a R OJOKES,1
PUBGLUDO GULLYCRICKET fa,1
he2he Quarter  s Scientist,1
h Hindi ICS 14 HindiPics.com,1
h..,0
ABCDEECHijK LM,1
y100 KG. 38KG 16.6KG. H hbhgnP hl  g.,1
PRGARA 3 SICRH GRHGGR,1
aanrat AACTSOR Funkey Tune /Funkeytune,1
S The afR WI,1
SMILEWORLD.IN #StayHome#Coronavirus,1
3 JokesMasti 3,1
cea lcb lp$Ih TikTok .,1
fect,1
CTRT sall..... Oh Yaaro?e,1
Try a. 2 Deshaspark.com,1
RG-3RCTqS fuc*c,1
3 VWW.SHAYAR.GURE,1
Rcal aart! RNP# #Yes Bank #CoronaVirus masti ki pothshala,1
masti ki pothshala Rcal aart! #CoronaVirus,1
. Hoeh h,1
.yu 5 s q,1
5 inp 090 Jokes11.co,1
ar. 12. 5 SMILE EWORLD.IN + SMROWOREDS,1
enjoy  ..,1
- 9000000e Jokes11.com,1
h,1
Coronavirus WWW.SH ARI.GURU pR2 IeRJF chRl6l chT dol8 R B In I9p ys.. Sn8 K WIe2 art frIac..!! WWW.SHAYARI.GURU,1
f 3,1
JRU H l i  s h R WWW.SHAYAR.G,1
JokeScoff.com 3f eppe   a JokeScoff.com elea ana  e,1
H 3h Doctor 3i h Advocate Uhlehlle e ht  36666,1
Jokes Jokes11.con,1
eI yonol E E Ih bQ bH k$lFp PB UIb yonol P E lWH h SL,1
f- HSt Kiss - Kiss ha   f-,1
33 hh b e Sal taatsts,1
Lockdown School Meeting fa,1
DHAAR www.shayaridiary.com,1
QRT,1
ych ycch AAcsR cht L Ihe hP DbP JokesMasti qRIT qTq,1
JokesMasti AR 45ct aR f,1
a...eee,1
PESmh f+f fh.. yoph,1
. ha,1
-,1
qy ADVOCATE  100 JokesWalad,1
dIQ I3n k rg5  T 3 I& ich..... Sk y bUo k DIdS guru www Shayari!Guru Corona-Virus www.shayari.guru,1
hh  ch53G hllee t E? lhl y  TIKTOK VIDEO i 9e Jokes11.com,1
HindiPics.com ihk,1
"abshayari.guru Corona-Virus G i""lh3 Ip6 3 f AbShayari,Guru",1
rTf Exams   Exit polt 3 Skes 3-4 i Jokesll.com,1
kmaa,1
Sharerint RIM 55,1
fafsaafsf 3f 2 3f- 3-4 atyod 3 latesisms.n,1
SRRYI 30 660,1
www.turt.com,1
h h- T.... 2n Ohyaaro.com,1
s ft  RCIST fu f od,1
Corona18 2h,1
fai shayarl.page,1
R3 45,1
Bass ek bar corona chala jaye...2-3 hazaar ki Paani-Poori toh akele kha jaaungi.,1
SMROWONED,1
"abshayari.guru Corona-Virus GT TT ii""kPW 33 Ihb AbShayari,Guru",1
H tc Ih $l 4T Eb? ah... 6,1
th2'rt yte I JhIPE Nb J?h 2kk JN i Jr Mn nqp,1
HA 2h HA HA,1
chRaT PH fa  Made in China 3 i,1
qfa    yh,1
cha JokesMasti fch.... 9 oeee,1
~ R f.. iipee,1
Corona-Virus Corona-Virus h3 .. .A. Oh Yaaro,1
R Hind ICS R HindiPics.com,1
Lockdown e  School Meeting 3- farg..,1
"t3 o#Ful  t    - en b e f,",0
chHA t gE fA a fah 310c Uc[!H f9F f38 JokesMasti,1
3 3,1
yhemh f Jokesl1.com,0
2 qRR 5,1
tc  SC,1
"Husbandf Wifea! HusbandR-eq Wife:Oh,okay f a ighe",1
R 3 R.,1
h #StayHome #Coronavirus,1
21,1
Rac? y teleD,1
"abshayari.guru Corona-Virusd f2T qT 21 Hh AbShayari, Guru",1
JokesMasti R 1,0
qica are  e 2ele ft f,1
1 a-,1
S -candy crush 31 a.,1
fadt y he feat3 gca,1
9R 2020,1
HOME y.s cheeHdh at,1
JOKE R hhh f.. chlle,1
CORONA VIRUS MANO3PANWAR.IN WWW.MANO3PANWAR.IN,1
NET hlle hyhle ie  Jokes11,1
yI$dc siiq q),1
ihhe  VIRUS CORONA MANO3PANWAR.IN 50040 HindiPics.com.,1
h  -    bte,1
SMILEWORLD.IN .. POSTEDAT,1
yout gr hsh lnh,1
"qT45t Hqqqq 50040 ihhe  jas lp lcln JokeScoff 3mq le jas jp j3a ""CICd|C oaq iah las le la le ab Jokescoff.com",1
21R hT  q JokesMasii #21Days LockDown,1
2 pe ahha ea -mh dab-pa2 e-nh,1
ah  iIna laa-s Phblaa hll-l St-.,1
12 hh,1
hhoba at Pamphletic 30-35 Hindi,1
e  r g  -tsag a:ari 31 ee g fc,1
TIKTOK,1
500- 5000- h-0000 40000- 50000- 75000 .,1
SMILEWORLD.IN .. ya   3 t TikTok  POSTEDAT,1
4 fPhoto FB  Whatsapp  Jokes11,1
fsf e e -e,1
f,1
HA-HA! Reogeda n qay a     . q f   6  q,1
3 quantpoge,1
plt h .,1
h,1
CORONA ALERT deb-3 SELF ISOLATION QUARANTINE 4 f SOCIAL DISTANCE 22 Etc,1
abshayari.guru AbShayari.Guru,1
MOBILE FUNNY SMS t 3nt f  at at PLEASE OSTE WWG FAREAOUKCOM/HODAELNNYSHS,1
R Jarle laa ic Tq en ac hhnn uJokeScoff Ap|o 3h 4C,1
33 WWW.MANOIPANWAR.IN,1
Ach,1
Holi Jokes,1
SILEWORLDIN h Ah  h e,1
WWWMANOIPANWAR.IS q3t a1ga qi 34 4 U Ih Ilh t t a4f am 9a G3 CORONA VIRUS *Ih Pe Ie >h f Ule EH|Eh eH a19 qi7,1
MAGE 3ITS4,1
2 corona,1
3-What is this? 31 -What is Dahi? -Milk slecp at night and morning become tight,1
amarujala.com  -ea ale2 e2e e-e,1
0200 @TMirch hPh h,1
ii SMPOWODED,1
broughy to you by www.jokesmantra.con,1
""" $k E yE ""e w Fe b4!e ""e q9 <T3T 3iR y4T q fb/mastjokedotcom stjoke",1
amarujala.com s- -ele 5- eleay-eele,1
"ba Dhaja  wlc e aabe fe  et L Ikir,, e  abac f.",1
"et L Ikir,, f. RK E 5 fe e  abac ba Dhaja  wlc e aabe",1
3l,1
WWW.MANOJPANWAR.IN q<H  2 am A Rq1E aMRq 3r CORONA VIRUS qRgfgq2ft # a4 q1sT f 15 at ct a t TS JUST AJOKE,1
INVITATION h e h  hlle   b n - Happy New Year,1
ffa andt t e he,1
3    WWW.SHAYAR.GUR,1
Lockdown   School Meeting 3- far..,1
Page-8 Jokes,0
3s,1
PWh q EEISqL Bat nt c rt  Ro papc   e a  aeph,1
PH UaIlbb Hindi ICS tee Made in China  HindiPics.com,1
Funny Satire Jokes in Hindi,1
h JOKE #PetSaffaHarRogDaffa ... gt 10 h,1
hoyoripo,1
3  T R... f  fy... SMILEWORLD.IN POSTEDAT MILEWORLD.IN,1
h n legt pe2,1
3i,1
"Caller tune at  positive,",0
FUNNY JOKES one/da HINDLONENDIA.COM,1
qd 3RIH 3 RET 2  3RIH q 3.. f9 H 30q 3IRIH 3RIH Oh Yagro,1
www YLT Reene hlc  n   CORONAVIRUS #STAY HOME STAY SAFE Shegeri,1
fosch3,1
CRRAH,1
dh ihhP ih,1
e fa. Hchfat cn h eee,1
eeeeeeee hh qy jllllt i3 3,1
"ipph ""Stay home, safe life",1
31 s   3  3nd  ehe,1
ers S -,1
hhe h ish,1
Corona Virus f  Made In China,1
"""",1
"00 ""PE 3 fb/mastjokedotcom mastjgkp",1
SMILEWORLD.IN PH lEI>pB Hre? ?e e ? Ph qlfa at Made in China  POSTEDAT,1
g  2i fe - t a CNG  rr  - reaa,1
Coronavirus high temperature me nhi failta aur bhagwan to barish aur ole tapka rahe hai lagta hai iss bar nipta ke hi manenge,0
Talledh 3. y f COVID-19*,1
chs song g H C Pb4b4 hb 33  Plle 5.11,1
3 fe,1
4980 fb.com/groups/ FunnyHindiJoke A,1
Whatsapp  Facebook  emojis  ban online,1
eea o or aa,1
SMILEWORLD.IN  Feeling . ify3  Hhe lhhta POSTEDAT SMILEWORLD.IN,1
LOVESOVE.COM e clol -960 al is ol e,1
ug 3  q-    - WWI ShayanGou Corena-Virus,1
Hindi i,1
https://beavtifo-HindtsNayari.blogspot. 12f... 5,1
- h -,1
-3 R yy.. ....ata yw.. h,0
Zz Good Night Zz,1
"FH 1621E YtJoH Et P ElE   s$t 3iR 3a  3Tcr G 33o f""aRT' @#% ShareHindiStatus.com",1
ARROI   CO seasinsuregoio,1
I Love You    R aaa e ne on  s,1
n Aloo Lelo,1
Ihle leln q6 7 LOL,1
hn 2,1
nle ase nle aen anie yamle,1
"aeg ohllc b 2  f at Made in ChinaElait  RT aRR  CE, d CE.",1
10-12 JokesMasti 1-1 ooeee,1
2 ihh,1
a-Nirus,1
- #...????.,1
S43,1
Hig,1
ch h J- Ihb J .A. Oh Yaaro,1
GuruJi hh ch lf,1
h .    COVID-18,1
ch aaR..,1
"hh f Virus3H Corona, jE 2 H ee Ph 3 Corona   SMILEWORLDIN SMILEWORLD.IN POSTEDAT",1
as n aae  an s  as paean,1
f ahg,1
hsf f i @Jokes11,1
M.rch 3 3 ihePh .. w3mirchi.com,1
U-keToBantaHais Corona Toh Baad Mein Marega.Pahale yeh Phone Lagaate Hee Khaansane Vaala Buddha Jaroor Maar Daalega O,1
Gussa Kitna Bhi Ho Pyaar Tum Hi Ho Download 4Fun Rpp Get More Video Status,1
3 100%  Klh IP WtE Jnyptte,1
3R ghatna  Ghanta  iI9P E Fh yre Jokes11.c,1
e. Rpee  ... Lo,1
SMILEWORLDIN HNormal 3gya  Corona  Updated Version 3 POSTEDAT MILEWORLD.IN,1
HindiDigital.com,1
sall..... HIP,1
MindiSoch.com Like our pageindisoch,1
pIwb ysH,0
April Fool April Fool 7April,1
2 alle be P  15 .,1
10003 si-3f,1
WD Lockdown1&2: Lockdown3&4: Lockdown 5:,1
3 ..21 t 9h S bn,1
SMILEWORLD.IN $lt b? POSTEDAT #StayHome#Coronavirus SMILEWORLD.IN,1
Jokescoft.com REAKINC JEW eh 999,1
y 1 C096,1
h Virus3Corona 3 Corona,1
caller tune  CORONA  .afa 2  Hello,1
UNSPIRED,1
h$b mh P yyfsf ihchdahd sayarsnindio,1
chR caler tune CORONA   PARAS Officia_Pawan_Parashar gy Helo,1
CORONA,1
ronavis CORONA,1
Hecet-ae yoaefdt .quy - aeifo yo.,1
3 h h 33,1
@viralmemes2020 yaFl2 'p3Ih E U F dUs   I 26 Gq ah HGllch @uiralmemes2020,1
charge   33,1
3Lucknow fra LockDownq aa eeoe,1
HR H,1
...,1
10-12 JokesMasti 1-12,1
CORONA VIRUS  ..  . WWW.MANOJPANWAR.IN,0
qcl 3Iyoil ai qgI g3n ? qfgy HIGR IGRI,1
LockDownac,1
le Ie2 sdlaan o aI...,1
Peyatrtin corona 8rona,1
g Ph,0
Casd.com,1
fta r a Massage 7ata Coronavirus antsrrut u,0
- -p 810,0
clcps137 b 3 153 UPe HindiSoch.Com/FunnyJokes,1
2esehh r  JakeSrall,1
R 2 33463,0
shayari4u.com,1
inle araa,1
"Jab bacha bahar se aata hai toh maa kehti hai... ""Haath dho lo, warna Coronavirus aa jaayega Keep your hands clean. Avoid touching mouth, eyes and nose. #NoToC@rona",1
ph gs h,1
5R RTTATT IPES i  Ih #NPR i gp p #Yes Bank #CoronaVirus masti ki pathshala,1
L Df2 wa  5e} Ht aRT #R i b h  h  UU  22 m Jokes11L.com,1
PUBG,1
R 1. itele 2. @3Mirch,1
fucid 1000ad diSatire.com,1
Lockdown 3 Sunday 3y,1
HAND SANITIZER M SMILEWORLD.IN qR-4R POSTEDAT,1
afa:,1
R .,1
"Doctor Corona ke mareej se puchta hai-""Tumhari Mareej:Zindagi bhar jin logon ne mujhe takleef pahuchai hai,unse gale milkar maafi maagna",1
JokesMasti HchdTI deeoe,1
"""$llt e? ...GPR IGPR",1
anann,1
n Kh d lnb h100% . www.hindijokesadda.com 2h#,1
WHO  ich  WI,1
cute  single 6900,1
314 Ohyaaro.con,1
YoIIe yIl  IF?4) dTsigR yaT ch<dl JokesMasti 4ch 3ch) Rchg alsg ch,1
MROWIDR h,1
1h2h,1
h,1
ych f2T 54 Hqcht HT JokesMasti fR cr? CO-RONA,1
Jokesll.com,0
chRT H>hIb IPW atMade in China,1
e  ae  yoTl droses E2reth y th e000,1
loyeslabd.com,0
T BREAKING S Waois ord to Chine roht now ABEYSAAL,1
Corona Virus Funny Status Corona Virus FUNNY STATUS SHAYARI Wanh.in R pee pRg 2h Re,1
Kiss!,1
hh H,1
#Corona... .. n nnahaa ...f.3 3t   f. HindiSatire.com -fic fad,1
COONONNNREE R-  ga3 yadat t fat. CORONAJOKEE,1
9R-c   SPA d PA od 9R- sc,1
Ph,1
1995 $T aTef Htf @3Mrch1 pIe L 8101 w3mirchi.com,0
f  h  3rqt Whatsapp DP ihe Jokesttse,1
Jelte ct-b,1
"abshayari.guru 21  PUBG  AbShayari,Guru",0
2020 R3 SSR Jatestsms.in,1
12 iag At fals,1
i a,1
i-,1
i- ar:aeit? 31 qag :ill.. amarujala.com g c ..,1
T3 Hi-,1
wamirchi.con ape h aH gh th H cP1141 ihls gmh ih g mh,1
"HTS 3RR,",1
iHT qn chT fqq3T,1
h kea hi joke fy ii,0
"BREAKING 5 , Raaar,fyag",1
SMILEWORLDIN R3 iie hPe  POSTED AT MILEWORLD.IN,1
Mahine baad world ki population tezi se badhegi Abhi work from home jo chal rha hai,1
3 nnhiih hn,1
1 a 33 eeeeeeeee 31,1
@viralmemes2020 3  hU    2 yP p @uiratmemes2020,1
clchs3 qG JR4T,1
fah Beauty Parlour JokesMasti,1
iiiHhhhgbhU,1
SMILEWORLD.IN   g... POSTEDAT SMILEWORLD.IN,1
geelleeit.,1
ieeh be Jokesli.con,1
p!le Ahle,1
"3 42+12 PtKE, 'Good Morning'",1
"aA qa aR4""aRa yee  nle Posted by-akadstatus.com",1
- 2h,1
Covid-19 CORONA VIRUS MANOPANWALIN Covid19Pro WWW.MANOJPANWAR.IN,1
15 15 10005  g 2. -Jokes.javaTpoint.con,1
s  Game  BF GF,1
eh SOWAN,1
q,1
hospital y w3mirchi.com P H!H PtK :HE  9IP  H!H PtK E T: aar HE at<Er? a13 : aur ar perfume  ye e Ir HGT3TT JRT,1
Coronavirus GURU Www ER 3Tg ROR L yeE l e I8l2 2RR2 R I3 IeK IP 3R aqR1 3rqd TTE q 3nIch WWW.SHAYARI.GURU,1
okes 8-10 okesiL.cor,1
f f    e h Jokesll.com,1
Mhh y,1
.,1
HindiTrollin,1
3 SICRH CHRHGGR,1
h #.    hht 3,1
Question: 3 Answer: Jokes11.com,1
3 13 dindi h ine,1
Hindi 3Feeling Sad With 44 Others' HindiPics.com,1
#StayHome#Coronavirus,1
TT..... a 3 WHt,1
RT RarArRe R atMade in China,1
hh 50000/- ah ...? 1100/- ..,1
"SMILEWORLD.IN ""$ItE? #RT fa jPehta POSTEDAT MILEWORLD.IN",1
Phh aplle hSh,1
R blc  hh3 hc  as p n a3a  ah oa ar 3  s Ccdc yl lol as  a e ah o.o,1
3 RS,1
Ph nf f-,1
fa-Myson is in Relationship WImmr HR-HRS fhshch WoMirch!,1
Afcha,1
-y fqit at eifrc aee 3h-h awy-yh,1
h,0
aaf,1
GF iile e,1
... #StayHome#Coronavirus,1
d ffa an t Hy ait,1
33,1
RR a3R 3.. h 2,1
ygfn 2  e,1
https://beautiful-hindishayari.blogspot.com A3,1
h,1
hhh h,1
g  ee  c . 2Heh 143,1
Breaking News JokesMasti 0000,1
l eth t Exam 3  Fail g Friend 1: olld ? eR. dci 3rafit Sucide ed Friend 2: ucl I RI Next do  KG  dIc! eoll ysoIl...!,1
h C4Chutkule,1
exam,1
SMILEWORLD.IN,1
3 EPOSTEPA,1
Ro aater3,1
3R   JokesMasti he is,1
a,1
n  y inle Ie,1
faa SumrwoneD.m,1
Sgd Sdbb h,1
kes,0
fig WWww Corona-Virusa,1
gchat,1
Pamphlet    f 30-35 AbShayari.Gurw,1
Ek Tarfa He Sahi Par Pyaar Toh Pyaar Hai Use Ho Na Ho Lekin Mujhe Beshumar Hai,1
#212 aacfaala,1
CORONA VIRUS h hngbhle,1
dg Aaci$gr faq gcm $f4r a $R34T,1
P!e y Iht2 yh tll4 Ht C4Chutkule,1
dI eHIc tI4 cI 3e iq4 eIc 4I I 1dc131 ch 64131 h14 cn  g,1
h Hh hhh,1
hSKePH Ihe h p 9h 93 9e hPle Gal...,1
33 2 qy3 31,1
Pe  32 jasnlbhl 34 T eeee Jokes11.com,1
R JokesMasti,1
VIDEO PSTATUS www.hpvideostatus.com,1
h . eh h h state,1
a Hinod HindiPics.com,1
Jokes1l.com,1
ff lockdown WWW.MANOJPANWAR.IN,1
2020 Normal ga Updated Version  SPOSTEDATE,1
Ha le 25y,1
nes ay @Jokes11,1
h Follow:-AngryBilla,1
OKES a fy,1
3 J3t  HE GS... JO  Lhe yPs,1
"abshayari.guru Corona-Virus 3nT 21 f?T qT 1 UK P cD AbShayari, Guru",1
anf3q aTq f2nt 3iR 2h 4nTq  1p9u2 PH y d le IE Posted by.-akadstatus.com,0
sr4-6f COVID-19 Socht cs a fensit  are.. TECH CS,1
HBD HBD  HAHA HA=Happy Anniversary Jokesil.com,1
dIe e tP T88,1
D e  DOIDH 31131,1
210 dWpHhlIe iePh Jokes11.com,1
es arar ylle b @Jokes11,1
R f kes Quarter aa dst Scientist at! Jokes11.com,1
HGgch Ihlle Dkes LP In? Ihl   S<141 TIKTOK VIDEO Jokes11.com,1
wwy/.shayari. 3 R i chRl R #CORONAVIRUS#STAYHOME STAYSAFE ShayariGuru www.shayari.guru,1
gn     . h  guru ShayanCr Corena-Virus,1
tlh?JE 10-12 f JokesMasti 1-1 q2,1
amarujala.com ILove You   3R f 13 dg:do CR?,1
hale-a bwpe-k Hlh 2l3eD l@ glle - 2el2 amarujala.com,1
Urt5 -9R at 3T9 okesMasti H t 3jR tew,1
qrit:- y3t aRqRRH,1
H tew t 3jR okesMasti qrit:- y3t aRqRRH -9R at 3T9 Urt5,1
qcg 3R uf3a  - ch 3 q 3   h 33h uru wwwAS Shayari!Guru Corona-Virus www.shayari.guru,0
5HR 32T  ych Ht cRlT chT 9As EIP>4Jh -E PF 5H$yEfa 9E H>hIF IFl>l4 HIh gI9tP ch< iIhb 2 Fy&h L C4Chutkule,1
chR1T Yolle aiST&R ch<al JokesMasti H1ch Jlle Tch7 Hh6 19 fach3,1
H1T fa Q!a L Iht2 yh tlUt4 It C4Chutkule,1
amarujala.com Ho(ge t) - aelf@? amarujala,1
"ch i chi a  igoiar chI l I T, ChRR 3  chch  wwW.s Cornnrrrrnnss www.shayari.guru",1
chR1T 35 ahRuT A 3i]st  SG4T  3 IhIr bf ft HindiPics.com,1
hR. Ohyaaro.com,1
Jokescoff.com 3 d|qyT Wp ye f ysT coffs JokeScoff H$t a# 3TRIT aRoT #',1
4hlle iibh h,1
MILEWORLD.I g.  a TikTok WIOWODAT,0
hSHc iWHp Oh Yaaro,1
R Whatsapp 3 Facebook  emojis  ban  online  RT Oh Yaaro,0
3 cg:3 I3 33 amarujala.com,1
43 WV Corona-Virus,1
LockDown 9c4 317 Fl4 U8 21,1
34 341. HRCh HRCh h.. Ihrla,1
IId,1
le a R qT - IId aro,0
ISh We e Igp,1
HORIE ellrpe  BJP a aro -,1
amarujala.com - f - 2-e,1
ILEWORLDI h,1
HSRIE 5..,1
OOMILCWORLO -,1
*H,0
hsh 5.. HSRIE BP,1
MILEWORLDIN PH Hhle fa at Made in China SuROWODAIM,0
PHe fa at Made in China  Posted by:-akadstatus.com,1
SW + E?ht t e H>hIe IFI4 ywh hIhP gqI$ qT <t  dW  E?hY  H>hIe IF>le t yF lt C4Chutkule,1
COm alegh SIEUIE HRTPRICE,1
"Ieh RSH IP h?JIe qt $t qt, ocR CG,  de Hol.!!",1
33. Hhh.. .,1
Hindi ICS H-y HindiPics.com,1
gRi3,1
GURU ROR K YeP lQ eQ DI8 dR 3 aqRT 3Iui gIE 3h3 WWW.SHAYARI.,1
Apply Aipe,1
"Art at Full Body Test aarT st at >Ia >h 7lh>ha JokesMasti R4ychaRfoh""",1
Alexa leac ueg,1
hh le shayari.page,1
gT 3iR aRT # arfoga! Ohin 3jR gR3 y9c,1
146 h lobPnthh  templatecharger.com,1
. e9p9p,1
WORLD.IN WOWODAT,1
he . ind,1
Bittu,1
vaibhav211692 Fibitt i ETES,1
f941 fqm qcT Icbhas TikTok,1
a K 100 95,1
ve Yo Lo Love Y,1
3Ri e 3ng ae aRT Jokescoff.com,1
24,1
SMILEWORLD.IN 300f. SWmEWOEEDIN,1
3,1
e h 7 okes 2,0
Aamadmi.in,1
Selfie Flash S r?,1
250 2018 hhd Expire t ?,1
To.. 2728 h e .,1
a gap oa hea cap ba bemsu wminthi.com,0
ae le ae l le  12112,1
chT  f faschd e9h,0
hh.!,1
Ia$] e?te  le$w a  mb s-25/100 aoa-mh,1
HappyFriendship Day t   e e y pn att  t ttt.,1
3Tycht Yakeen Nahi Hoga f<Bhi Bata Raha Hoon Me Me Bahut tcr Tha,1
hh n  RAR www.hpvideostatus.com,1
betay annaconda,1
f,1
d h.,0
epaheh2  ca ahh-hh e ia gmh,1
lh gblehl,1
3 .,1
"3 get t yloy.. 31T$ ,3R 54 Beita..!",1
3.. SmileWorld.in -  e,1
"Khane Mein Kya bana Rahi ho Aaj ? Aaloo Ki sabji,But Pata nahi Kyu Aaloo Pak Hi Nahi Rahe hai hodi Der Baat Kar ke Dekh Aaloo Se",1
gn 5100/-,1
*on 14th February Me to Mom Mom Extra Class,0
ff e.  ab. LoveSoy,1
SISRchie 4,1
24q aifa 4,1
.,1
Chhotamt.,1
paSwe G e..,1
gc  c2 a 4,1
t,1
y-g. 3,1
DIDDp22 1212R219 R6,1
JPh he  h h 9,1
hm,1
chhh fg. hchh,1
Sharchat 2,1
ryt a....la a4i agd. dUE E 4b>H P p Jlgi b IeI SJP atit ais.. JFL Follow Us on Instagram - @jflnow.,1
C3M r8h -  3IT? w3mirchi.com -hah H hh,1
hh - fs,1
q d 4,1
Fhet! lle thbHhle fh jh,1
h i,1
helostatus.com,1
sue E- 3lloie,1
Dear Girls. adventure s4 eyhe yhle ant oft,1
H,1
#qci Ohyaaro.con,1
Comedian sakshi,0
Dp. Zoom ii ylla ebh,1
QOK E,0
.comBittuSharma okes Nice Pic Dear f f,0
- 108- TOSEAT Fb.com/BittuSharma okes,1
50ou Salman 3-4 @joke_ki_duniyal,1
"JokesMasti Ph2pu 2g,fP Hg ooee",1
PAI aafag,1
f,1
"Thank You g  PEW ABaabji  thank u,thanxx,TQ,tnq, tnxx,ty,tysm10q,thenx #",1
hAmthigchur,1
t fh..,1
2,1
- en      t  y    ape-h,1
. hh h hehnyt @majaktak32,1
uR col,1
PHllhl aaf qaf.....,1
Bole churiya bole kangana Kangana kuch na bole toh acchahai,1
GST,1
f. 31,0
T3 2 Wphyh   e Phh,1
@majaktak32,1
leE e 2b Cl3 2Jh 3 Dr. Hlg aal 1Pl2 cE 1Pb Ib2 I,1
Hsephle,1
WiFi Wife-Eyeach,1
s S Google play eeoe Nonveg Jokes,1
TRI 4 h,0
BANDHAN D  Valentine  a Raksha Bandhan,1
Wrong af,0
SOA 512192 6.13.2 AN,1
y-h 3i,0
DPh Dp Skes 3 f Jokes1s,1
Happy valentine Day Janu,0
"Brother Make coffee for me Sister G No.25th april 2012,Wednesday.at 7:12AM,lasked for a glass of water and you refused",1
h ....! website- inspiredhindi.blogspot.com,1
fb/inspiredchindi  h ....! DO00 fb/inspireddhindi website- inspiredhindi.blogspot.com,0
s,1
iPhoneX Makeupt. -Makeup iPhone Face Id Password   . wJokeScoff,0
a a! FOSTEDAT,1
CA CA w3mirchi.com,1
h,1
-What is this? -This is  -What is Dahi? -Milk sleep at night and morning become tight,0
Fu h,1
MILEWORLD. iSt  U  hle,1
OONK LIFES so vgly yaar slayi FUNKY LIFES 6 Kp2 lFhIe,1
Fumny Hindi Jokes,1
HRA U,1
R 14 ant hh.,0
OTHERS:ILOVE YOUPLEASE BE MINE KANPURIA:PYAR HAI TO BOL NAHI TO MANG ME KAMLA PASAND THOOK DENGE,0
ww.w3mirchi.com 72% Good MORNING 28%GST,1
esT ch! HchR Mahatma Gandhi Visits w.nkstatus.,1
Fb.com/BittuSharmalokes 4,1
54. UK 45FIVE P,1
3,1
5. LOL dcs Ie decssfa sd? 3 d..,1
80 60 20,1
el,1
okesmantra.com BYPASS 3PASS Rol BYE.,1
E it,1
it E,1
cpa Ic Ip$Ih TikTok .,1
Fb.com/Bittusharmajokes 5   chTHy....!,1
33-3 HA-HA,1
- 3iatT3T3 iieeeeh 00000 Jokes11.com,1
h3 h 3-,1
16,1
Promise Day   f. indi ICS id HindiPics.com,1
3a 3 dSR R,1
"Pahle Hum Indians Bhaut Khoobsurat Hua Karte the.. Fir Ek Din Hamara Aadhar Card""Ban Gaya A.premi",1
22,1
H  ag,1
shlte ip2,1
m,1
3,1
bestie ohyaaro.co,1
ohyaaro.co  bestie,1
Fb.com/BittuSharma okes h Nice Pic Dear frg,1
F SlpchE E wch,1
SMROWONED,1
IP4J WIIh Agreed. sh h3 66,1
Kada @kadaklife  qr Pubg  t time,1
Sbh Good Morning,1
.... ... ClouR pal-afl< ...,1
AGG www.BittusharmaJokes.com H43,1
HAPPY RakshaBandhan! Go3lR,1
5 i,1
.. hn,1
Begining After Seeing Of Semeste Syllabus 95%Pakka Launga 75%Toh Ajaenge wo Day Result Declaring Before Exam Day 50% Toh Pakka Bhagwan Iss Baar Le Aaunga Paas Karwado Bas,1
Kkn,1
Mummy.Pet dard Aur khilao.laddu Tu mat sikha.. Gutka khane wale,1
3 ang feag h h   2b,1
h  h h iU,1
6 900e,1
*Family watching KBC* Amitabh Bachchan asks a Question My Parents: ChalBey Answer Batana,1
Maths Teacher -Tell Me The Value Of'x Student- Laughandmasti.blogspot.com,1
90%8:12PM Hind Jokes hindijokeInstagram. Instagram Log inSign up Shhhhlh insta@HindiJoke RT,1
h2 RJJOKES,1
.. WShicine ii   e,1
Jokescoff.com 3R gedRe t..,1
ID IRa e eee n InDP ol alalaacl  Ohyaarc,1
buon,1
h,1
ie 99Bol.com,1
Rl 3 Facebook  Whatsapp  2 atfDelete,1
P  h 3h th22$e  $@ $ao,1
shayarinhind.com Valentine's day the,1
3 R,1
Fb.com/BittuSharmaJokes U P  $ IW9h W 4 yHE',1
eae e ase-mn pn -e Sueenle-mn,1
t   ... .,1
y  h t t  Googk play,1
ipew kes ien @Jokes11,1
fgf fsave tb,1
diq ? -3,1
LOVESOVECOM Rq3,1
Kiss day TRIPLEOJOKESE,1
Jokes -3.,1
schact ascht  art h y sta ip TIK TOK. #PUBG,1
FUN TIME 2,1
eamn y-seace    ealle Seudce-c el.. -mn,1
f   31  ft-t t a f t-et .,1
fRR R   LOVSOVECOM,1
Best Proposal  Kya Mere f Me  500 Or 2000 Ka Note y Karne Wali,1
!!BREAKING NEWS!! #oppo_vivo R    fRR LOVSOVECOM #Fairlovely 100,1
aa 151 aet? 2sf,1
OUs e3... .3 okesmantra.com Agokeamantra.com,1
"amarujala.com 2hahe-e I2etalle ""a-e",1
2040 ik n ee pahie #PUBG e hh o e,1
1hh,1
Bhlh,1
w3mirchi.coim ?? STC,1
Hlaat 2 h22pm JokoScoff H..,1
33 h,1
R h 2h .,1
WhatsApp gf  HandsomeDashing e,1
qr T0qreidloiee qe q0l qid q,1
RT Exam  Election,1
S  g 3  3R HS w3mirchi.com,1
ch5 hle   TIKTOK VIDEO Jokes11.com,1
SMILEWORLD.IN SWPOSTEDAT,1
@STATUSMESSAGESQUOTES,1
hh hPyy 3Nice Pic,1
hh 2.,1
CO.1 REPLY,1
f igsara iip ii,1
bb,1
s fau,1
aaa sa..,1
. HRHCE h9g ih Jokes11.com,1
- -Jio t - -3,1
a Ra.,1
JOKES TEd,1
TRIPLE9JOKES hb,1
"""",0
R Ibdbl Ioio tra.com,1
400 cha Jokesll.com,1
100 95f,1
a3 i912 3,1
hsh,1
TRUE LOVE Aj mere kutte ne anda diya.. 0000 Ye kutta kab se anda dene lga  Ye Baburao ka style hai Apni murgi ka nam kutta Rakha hai re baba0000,1
F,1
4980 fb.com/groups/ FunnyHindiJoke A,1
MILEWORLD.IN Hhhh e SHPOWEDATN,1
4pep e  33,1
hh K- H- -,1
h   h  P e,0
Hinhlle  e n Jokes11,0
a hlleth?,1
hlleth?,1
Exam chTRT Election # Ych qR ohyaaro.com,1
IPh Ihlt h  h  898afa 2h IbESh t,1
jSh2 CD,1
jngphaplla Holi ...,0
9P 0000,1
DrOrtho e h   t drorto WpS,1
ye y,1
2h see,1
.,1
4h s f,1
3  ha p,1
h  idehe iy Aetht,1
Krock Knock 3,1
h- P9hh2h 3 ??,1
Veg h atfhhcc.,1
HRS WHO wJokr par f g ffte,1
yat  chkhastechinfe iiiiih yat34,1
3 fh   a 3 3fa 3 SH...,1
id h,1
Fb.com/BittuSharma okes HhhIh?J cl..?,1
Badshah,1
3 H tik tok  ahdt ..,1
h,1
Phhp,1
@314377900 20203 2002,1
3Lucknow fra LockDownq aa eeoe,1
Oye Sun Bluetooth On c  Bhejni Hai @shinchan.trolls,1
3R qRR  q4 i $ a.       www.Joke,1
e e jeb h,1
okesMas 3,1
.. ohyaaro.com,1
.. ohyaaro.com,1
5ft T teddy fy fa 3R 3teddy 5af w3mirchi.com,1
RRI  R,1
9ee amarujala.com s-i... haaaab-,1
facebook  HH G,1
ae h e a3,1
okesmantra.com gIedel is  3 ldt8.,1
q Thlelh lhle 6,1
shILove You.. 3 3 ehehd,1
. hedy,1
2eh yt#afa,1
Life Me 1 R To w  He Chaiye  @shinchan.trolls  To Zindagi Ban Jati Hai  Ho To Experience f Jata Hai,1
"Date? Abye,aaj ki Aaj kya,kal, parson,tarson date?? kabhi bhi nhi...",1
ae-ph aa eahace Jilel -Ph,1
12 Feb  s t ah  Happy Hug Day,1
g,1
kkp:Jokes Wala Bro,1
app Poelt.com s  h Pouyaka.com,1
P>4 2 l ch<a 3R  1 le  chT msg @kkp Ych f2T 34chT id 3ch Yhe  y?+  J hIE L 'faeT,1
.,1
h hh,1
hethlle,1
Phh tlells I Care For U,1
APRIL RELEASE DEGITAL NESMARERS Fb.com/BittuSharmaJokes E P94 KS,1
hi Mlrchi g qhtE9I,1
FB/Funhg Lif,1
q44 3\sd gy 3ya aF fdT AT...!. 3RH gt fy add iI*$ Uwe pSb,1
4lhb URI wpthemesindia.in,1
R,1
h f@kadaklife HRIG,0
. h -Ph Jokes Guru,1
onyaaro.com,1
Dekh Bhai 3SuperPowery n..,1
pbbehe Siddhibaba,1
amarujala.com -siceqf  sidce-3o....,1
Fb.com/BittuSharmadokes,1
- YADA-H SO -,1
ANI PAAS Patanjali Ayur t Oh Yaaro,1
h  a,1
R 3 bd-a iPh,1
... oh hb h @majaktak32,1
33 G. 3bhph 3 iilhle hWJhlc hr!cp Oh Yaaro?,1
?? q1qT ale,1
Im6,1
3R3qo LOVESOVECOME,1
"- Boyfriend , OJokes",1
FUN TIME 2,1
Pl glp$ aphtt 3 ar  42p,0
ah pphgepaye a a t   e al le ae Peap Pe R a  Foreigner fol ae al- Hi Merry Christmos.,1
"t Akh Lad Jaave, fo /@kadaklife",1
SWSh2 mhmh,1
le h h alle,1
.,1
-,1
a 3  R  a.   a... okeScot JokeScoff   Smart auR Intelligent,1
14 14,1
Tik Toka TikTokers,1
f Jannat SHATARINHNDLCOME,1
qo  folc qI aloI 3o f RoI 3ft a  g $ Ph I Binod,1
3,1
h,1
Oe. o. r on o ..6,1
Jo main padhta hoon wo exam mein nahi aata hai DEKHBHA Aur jo main nahi padhta hoon wo definitely aata hai,1
1 PHhe PU,1
jIhIr  9h  PPb aro.com,1
35 Ee EB,1
EB Ee 35 H,1
PHEe fo4 eee eeee,1
Fb.com/BittuSharmalokes fh,1
@297414950  b hhh @meme.jokes 3  h h,1
GF valentine,1
R 314 H #!e,1
T4....e. fb.com/groups/FunnyHindUoke c,1
hh /Whatsapp Masti Ka Adda,1
"Indian Aunties Start From a Kehna at Nahi Chaiye Magar"" And Ends With t Yeh hT Matter Apne Ko",1
- h de R,0
che E .t..!,1
E che .t..!,1
MEMES MyMOraRG TIKTOK RGRIATETCREI!,1
iye,1
Asian Paints 310,1
192h12 2h j SWShe mhmh,1
2 Dr.,1
500 Be0e,1
fa OMG..! It's too Cold...Take Care.,1
PARASHAR,1
sn R,1
ch fhchTcch .,1
RcR  3nR aydqc UeP,1
instagram@Hindi.Joke,0
jew,1
yaRR 21 in.,1
nbt eh h,1
2-9h - hle-h 8000 -r .000,1
wi?! HA HA HA HAHA HAHA 1A HA H3 gchsa  HAHA Sjokes-inhindi.com,1
si-gnes 2 JokesiL.com,1
9991/28 CLASSTEST Vt]_Circle the smallest namb 39426 17. h ih,1
"Tik Tok,aala TikTokers csls",1
T-T3 www.petsaffa.com D2 aE p IPb Le b FhE k P IHJ qif 26 4,1
ale l lhle  ale l lnle  eP Ohya,1
PUBGHR f9aTaT RaqR Aakhir Wo din aa hi gya Ohyaaro.com,1
"w3mirchi.com f qq ReRRd?, 34qT 7T 3HfG yIG Rq q] *Pe.Pe. P>s qyfq HTHt a aqR Hq yig Rqd e..",1
OsmPic.com tdlhp R gR jcb h,1
3 . q. Ohyaaro.com,1
Kkn ro,1
PUBGR f,1
msg hf id,1
Hi R yh,1
Dr. Ortho RT Ayurvedic Oil & Capsules www.drorthooil.com ft LH2h ID UP FL hq H dt T a elet 79 UPU 7p bl8 tald 3url 3l LIKE &SHARE f /drorthooil 8288082770 qR Whatsapp e oicR Save  3iR qI Ed aGJGld sllR,1
..... hle,1
33 f RR. 3 3a JATeT??,1
che 3 Ib? dS Kada f 0 @kadaklife aaR a qr Pubg twe 3q fy ft time,1
Ra 'gRf Ibb,0
y. i,1
eiarae S5sid Ohyaaro.com,1
aro.co,1
Fb.com/BittuSharmaJoke 3,1
f20-25,1
8 FB/Funh 2h,1
wmiico,1
SERVO MILENORL  Ph SMFOSTEDAT,1
SMFOSTEDAT  Ph SERVO MILENORL,1
-3 R,1
ac-,1
- 2 @majaktak32 h,1
hb I Love You Too t .. aab I Love You 2 f ft,1
dg Aaci$gr faq gcm $f4r a $R34T,1
dl3cts$et a $e-fal.,0
lokeScoff.con a . JokeScoff.com,1
f  Ne,1
- hmh 3-afhhch ? y-3,1
h-bhpehhh 3,1
3q R    g9h Ihlhhle,1
hb,1
iyo,0
MILEWOHLD.IN SHPOWCA,1
Hb PE24# 3a.. AA,1
7FL i  hE e 12 ele P    Follow Us on Instag,1
AABesti tdde Happy riendsh Day,1
ngh phe,1
Mastimas,1
PAISE WALA te qiaT,1
t    t leleeh JokeScoff,1
Kuch Ladkiyan 3rq- et Zindagi To BHARATSTATUSIN SeriouslyActually Literally Bolne  Nikal Deti Hai,0
h9h2 Smajaktak3,1
"Holi, 5 10   h",1
Wrh Agreed. Baabji RT 3iR,1
qy . . siace hmm.   @majaktak32 qy  ...,1
Yahisanskar diyeh tujhe Aaloknathne...,1
Man n,1
"h ... 2020 9A14T,",1
@Hindi Jokes,1
a H,1
Elhhle h  h  ar On Line,1
- 108- TOSEAT Fb.com/BittuSharma okes,1
h Hindi ICS HH 3 i4194 HindiPics.o,1
Wrong,1
Hsephle,1
3,1
Hindi ICS mpP,1
kesvlas. oee,1
SOA 512192 6.13.2 AN,1
To.. 2728 h e .,1
3yl,1
GTCR Sta@Hindi.Joke Instagram@Hindi.Joke 2h lF>I> SlIt Th IPh I LSp,1
CMILEWORLD.IN  Ph hl   SMPOSSEDAR,1
Ladki ko ladka aisa chahiye jo kabir singh jaisa pyaar kare Lekin Cigarette or Daru na piye w3mirchi.com Aise Kaise Chalegaa Didi,1
Foreigner fcl t a,0
yha ahayda 5Tq AA fd Foreigner fcl t a HiMerry Christmas Jokesll.com,1
R Rf fyh ehllehe,1
hn,1
hhh 5.. HORIE BP h,1
ih h h Majak Tal .,1
-What is this? -This is  -What is Dahi? -Milk sleep at night and morning become tight,1
Fu h,1
Deadpool  &4RI superhero  RT T .,1
FUNNY JOKES AND MEMESINHIND-Z -2 P.K.JINDAL,1
R,1
..!,1
Fadoo Joke  aff... 3.. .. 2,1
h t 54.,1
3R  a  Ra ad  h ha 2>h  Prakash Rajput sharechat_official account at y a t..,1
hhc IPShI Ihb Ihe 240,1
Joieswale ONC,1
h achTcch .,1
-fyf ii4 yayfyct c hp,1
en9n g. 6 i eeeesee,1
3636 h,1
clh2apismh -h2ap  group lablood group y What'sAppt..,1
33-3 HA-HA,1
faHe,1
5. LOL dcs Ie decssfa sd? 3 d..,1
yT7 f-yf,1
09 Si i HindPics.comd,1
mjak_tak1d,1
TIICRY Instagram@Hindi.Joke g p9 yt t,1
"css sts, s, - 9h 3Mrch w3mirchi.com h b",0
24,1
Aj mere kutte ne anda diya.. Ye kutta kab se anda done lga Ye Baburao ka style ha Apni murgi ka nam kutta Rakha hai re,1
5-6 2ove no,1
FaceApp f .,1
54 22 a Jokes + Pagal.K hyg,1
a 4181 library fa?,1
5 sc f fl Rs s cR..,1
. Majak Ta HACTIIN 2,1
Fb.com/BittuSharmaJokes,1
PROPOSINGAGR faar INDIA,1
Fb.com/BittuSharmaJokes,1
- -,1
Ph9,1
3,1
"OsmPic.com Jab tak ye khel khatam'nahi hoga, appun idhar ich hai.",1
manikanakwalia   2,1
-*8*3 fha.?? RRO 33t*0-0* 3-3* 3,1
rf  3   .!! eeee,1
a-o  ydfqol q -20-30,1
hf,1
Promise Day   f. indi ICS id HindiPics.com,1
VitaminEt Career  Tension,1
IP4J WIIh Agreed. sh h3 66,1
h3h Shb   .,1
3 OSREDAT,1
h 3T. h iikn,1
2[4] yrS EE yo Video realityofvideo ||Follow On O at?qig $ pSp 3ch,1
Kada @kadaklife  qr Pubg  t time,1
"Bhai,Patang Udane ka pose dete huye .......",1
hbh mh 3 5hqya. Ooo my god Th,1
ple lle h h le,1
2hh-2p aT- i fh,1
Mrh 5 tension  history  extra chapter eShoh Phl d,1
SMirch hee w3mirchi.coim ?? 2,1
yhemh f Jokesl1.com,1
FB/Funhg Lif,1
dh @majaktak32 f,1
fgtafssdafa h,1
. . ..,1
Kkn,1
. Free Download uApp,1
Funky_Life_official 2 thanks t t a a,1
Mummy.Pet dard Aur khilao.laddu Tu mat sikha.. Gutka khane wale,1
Funny Hindi Jokes,1
qcI qI,1
ltI8 qq4T ERROR69! p asaJ,1
eh onyon 1212,1
ablelps . dokeScor,1
pa pagopa appae ae Paaphlep,1
h2 RJJOKES,1
Kiss day TRIPLEOJOKESE,1
Instagram@Hindi.Joke 1222,1
enhe 1222 Funny hindi memes,1
yh Hindi HuPics jhe,1
@STATUSMESSAGESQUOTES  fT YchaRHRch I?Jh Ue,1
gga.   h..,1
h9h2 Smajaktak3,1
9 66 ? 9 6660 666 10910,1
"sHaww3 3ahet, w3mirch.com 310 HaTnet HUSRT iii Jhe",1
(Dabetes) Fb.com/BittuSharmalokes .,0
bh nh iifk:mh a,1
h,1
@Hindi Jokes,1
h R hh Hh,1
y  Ph h  Funky_life_offici   Hyof,0
a-a  t e ay ei   ah-an2 s e e f eit Fb.com/JustFundu,1
aA  aT  3h,1
3 Fusey fFunkeytune 3,1
ch-h ch IPh dl9h RUIOKES,1
f3qHRchRT a1ch HaI Yt WJ t yR..... Baabji SHRI c416,1
f,1
BIGBOSSald3 3,0
ais App Lock,1
hh.!,1
(Hindi) HG4R Crazy yege,1
. ne,1
3qfct,1
PH,1
. .,1
3Tycht Yakeen Nahi Hoga f<Bhi Bata Raha Hoon Me Me Bahut tcr Tha,1
hh hPyy 3Nice Pic,1
. 3Mreh . lelle!le 3lle k w3mirchi.com,1
h hh,1
4 Diabetes O.P.D.NO.103 .000. Fb.com/BittuSharmaokes HTS 31G SildT..!,1
-3 ii a hlh-h . 3,1
114110100141 nday Har,1
d y b  hy ajoatakise  t-shirt,1
4hth Paytm,1
he yah.. he  h.. Jokes11.cm,1
24q aifa 4,1
"Dream111744 Me To My Friends....: Dhanda first class chal raha hai, takatak chal raha hai Aur noto ki to baarish ho rahi hai,baarish",0
"3 get t yloy.. 31T$ ,3R 54 Beita..!",0
Dear Girls Af,1
9hbl9hhb 9,1
I9h IHC E E IE,1
. 4,1
helostatus.com,1
Hindi Troil,1
Ae 2119 i,1
3 PEP iiphhlle h #Experience,1
.comBittuSharma okes Nice Pic Dear f f,1
ERI Siddhbaba,1
white colour ... a Shh 2 shmb 2,1
"fafe at,",1
t fh..,1
hALbn h HUKUM SINGH h h,1
1h2,1
"y 32, 1.5f1fa 0 Jokes1L.com",1
50ou Salman 3-4 @joke_ki_duniyal,1
". iii""e IhS[H I hblnlb mastjoke",1
QOK E,0
5y c f,1
fayafatsie ch  $ t E2? 2?hy 000,1
routreex.Com e  h Tharwa antac,1
mh . tiaeehmm. q s 3. eee JokeScoff,1
Schoo.. Majak Tak,1
"Nibba-Mat ro baby,3 may ko to milna hi hai hamko. *Modi ji-",1
R hh 8606,1
E Hindi unayj,1
#qci Ohyaaro.con,1
CRT,1
a   a e a   e a yor-fdl .. 3t a- ait.,1
PHllhl aaf qaf.....,1
a Proposing Style 4,1
43 Kh,1
Fb.com/BittuSharmajokes 422,1
www.hindishayeriaop.com 8888,1
lokes-inhindi.com,1
n funy bhbh,1
. @funky_life_official f@funky life Funky_Life_official .,1
ys..hst a . . osuiit,1
expart LIF Gf,1
juce,1
50AC Insta/funky Life oticia! 50 eh ahe,1
UN R,1
Ih WrtJ # E9n f# y   Insta/funky Life official Funky_Life_official FB/funky Life Yhle,0
U LI Miss you Rupa,1
c,1
..,1
e,0
LIF .,1
6000  contract,1
"""f K  FUN LIF FB/Funky Life at f. i. ic y  f",1
2 .,1
a  Iafun,1
d ife .gf.!,1
@88582650 OsranChat g O,1
en 34,1
Funky Life official ta,1
3 t g h qchaf4 .,1
2 pwn uD,1
. Onhy 4iat    .,1
pe  News paper a,1
funky Life oficial e t . You can't reply to this conversation learn more,1
aty. UN Feny e.lt  story Ask me a question.,1
M 3w3 fManf Woman ts f,1
13-14 t sstatus tI am hot @funky_life_official FUI f@funky life bt'F9p,1
FOR MORE Ask me a question.,1
Pany Ue oal,1
FUI f funky Life GF .!,1
H. FB/Funhy Life,1
yah hfa h,1
f Funky_Lie c,1
unhy Life h R,0
f funky Lif i',1
h .,1
Cuarweryead y,1
sharechat #gcp-staging-tasting-tag,1
Layfiouty be h 1 hlle    e ....le  fost 6t.... f 0t... f   Jit hlle   f h UtP[e? be je WPh IP,1
"Funny Jokes,Memes,Attitude,Sad t Catogery t qc q a ea Click",1
ft  FEN STLFE,1
qeen7221 #Daily t #funnyJokesOfficial #Viral Jokes,1
aar. Bittu +,1
hbh,1
..,1
y.,1
sad shayari3 a fa iife Ex-Gifriend  a,1
OE 5 A OIN AVOINT 6.,1
00000000,1
ebeuh 2021,1
Sllot Jokes,1
2 103 10 uaky Llf n Bry..,1
Funkylifein t a ..? -...! Hf-.. - 9000,1
Ba 5000/200/500/2000 1us+,1
/Funhy Life,0
JokeScoff t. t.,1
. ft id Ha,1
Funkylifein    e  s Bp  lt 1$ d  ue,1
proud to be single n j'ah9e,1
byhb @majaktak32 U @majaktak32,1
?  9p$ y 4l t i g #yat cae?,1
eShareCha 53 R Bittu,1
at     Beeeeee DHelo,1
h FB/Funky Life i Sony Max   As.,1
Funkylifeind . Dear sff   . Fusky Lle offiecia e,1
funky Life officia Helo       a n/ g ChatsHelo S,1
Dear sff    f t t a  Fusky Lle offiecia hf,1
2 a,1
2 a,1
R y 2p 34 Bittu,1
ShareChat ee y  8. .0000 0989803 Pky,1
FB/Fushy Life bC.,1
at at block t t at Unblock. Funky_Lie.offia at blockbuster.,1
g,1
cute @funky_life_official Funky Life_official f@funky life TaR,1
Funkylifein e 2 -  frart-   -     - 1     ..0 ...,1
nky_Llfa_clficia Traffic police  g,1
South fhf    3,1
430140067 h ii2,1
. Fany Lelfici ft typing speed,1
Funnyiine he . 6086080,1
LE  ISTUFF,1
20MostFunnyjokesinHind,1
Ueysee,1
kiss 3 h,1
2h Posted on: @skg6218 ShareChat h    FU FB/Funky Life hre GETITON sk post Google Play,1
offiealf,1
y U nky Life 3st.,1
BF t fftI have a boyfriend Funky_Li Hfa,1
. ey Life .,1
24,1
@41186753ra,1
@crazy_boy18 ##NNyJOKES,1
@351336901 Teacher..!   q cp-staging-lesting-tag y,1
Fanky Lie officia,1
ewh Bittu,1
HOW TO USE FUNKYLIFE Account kaise bnaye LIFES FUNNY G\aR aATTAa 2MIN,1
instagram@Hindi.Joke 5,1
unky fe offici - Helo . anky_life_official . #ExamJokes Funny Jokes g Pay,1
Fe/funbn Life 06000000,1
311G y5 q$ at R P6 @funky_life_official FU f@funky life Funky_Life_official f UbhP Ihlb?ytl Ihl K 4 I>E J IPh,1
h,1
Teacher:t..! Funky Life officia h 2h h ja2,1
Funky Life,1
"2020 ""Positive"" Bittu",1
B/Funhy Lije iighe,1
ga   5100 e,1
BF ff . Funky Lie ellicia GFt    iye  funky Life,1
2,1
yy,1
yI 2 9n  IbSW slai fdt t.. Insta/funky Life official FURS LIF Funky_Life_official f FB/funky Life HE,1
.H NoteBook,1
FUNNY JOKES IN HINDI TEXT .,1
5004. 3.,1
@zeeshan8196      SHOCSSUNVON,1
s  Ho  .. 2b funky Life ii  h Ph,1
3 FB/Funky Lif y,1
-h,1
Sohi6208 ejoke Fjoke,1
790766885 29 funny sfe,1
19b h n,1
u,0
rtag   Fanky Lie,1
FB/Funhy Life b P bh e,1
Funky Life.efficial 2 thanks t t a,1
oflicial f leph,1
"# U F>  IEIIr EHSh chs Hohle IE RTGIT, @funky_life_official f @funky life BU E TGIT"" RIGT h ERT 376 yw 3G",1
@skg6218 ShareChat sk post Googa,1
Funkylife in i fat  ae juP  a45 2 QI2h e s - 9hlh  4,1
juP  a45 2 QI2h e s - Insta/funky Life official 9hlh Funky_Life_official i fat  ae chf4 q 3TR 3IT,1
LIVE BREAKING NEWS  h,0
Funky Life official H,1
rifaf..!,1
. FB/Funky Life iih 22 P  Kbk Ihle,1
at fat  Funky Life elleial,1
Seehe Saade Ratate Hon iaag Kara Hog To Latest Post Populsr post MORE,1
. FB/Funky Life B0000000000,1
9 Funby Lif im2,1
Funby Lif 9 im2,1
.  f,1
33,1
BlockR-g! fo olficia Block,1
Ineh,1
Fanky _life_official hb   .,1
3,1
h,1
ele eh lh s gh Fy_Lile_atica h hh sg e nbbhh,1
Fanky Life t bye a online,1
unky Life ih,1
Fanky Life online  #3##. t bye a,1
tha 'e e w  Iht2 yh dW  m #3##.,1
.   . F8/Funky Life,1
a,1
1 hhhle,1
Helo H Funky Life      Memes Pa,1
Funkylifein 1 h  t... I f ql  e 1    fy,1
si BeautyPlus  use,1
En ayany/a 45.,1
nA 1:02PM Dam,1
Funly Life official,1
hle  hue UNK RFE,1
PIPE,1
FUI f @funky life Miss  you Rupa,1
Hbh  5. funky Life ph ih,1
2hlnb funkyLif Funkyeie,1
funky Life GF.!,1
@funky Life official -Helo t ff Fky Life offica   Helo Superstar ogkePy,1
@funky_life_official FU LIF f@funky life E,1
L  s,0
h hh S,1
LA,1
h hh S -f,1
phle y 10-10  g. ny. Efundy Life,1
FB/Funby Lifs .,1
2 3,1
3 2 Fanky Life official,1
@funky_life_official f@funky life,1
FnkzL .,1
i .,1
h h d LIF .,1
s  A a  Funky,1
e? -y Lese COCC,1
WhatsApp t Facebook status f ...00 going to a for three days at comment  miss you e,1
DA COM LCOMEDRCPF 92,1
f Eunky Life official,1
t  fc a ssh aRq a fs.aif L yd 4R2d?OO,1
Insta/funky Life officia Funky Life_official FB/funky Life,1
"Fungifein f g. Yes sir, how can I help you? 31f t2 hn # Haa4 9 aeccee",1
t  Hcialf,1
yfaf 00000000,1
use  funny joke,1
100  f Fny Le ecal 98,1
26,1
Funky_Life_official h,1
Fs/FunbsLife 2,1
n ay  etticia aa,1
t t.,1
FB/FuskeLie rg Mr.Unvere eeeeee,0
s LFER .d,1
proud to be single @funky_life_official FUI f@funky life Funky Life official pI  i'lmIh,1
e,1
e,1
Gshrvan2813 Chat 3Funkyug g . Ges-Gugsg-Gujbeys-d36a,1
O,1
e,1
fCrazzy Boy f,1
2h h .,1
PUBG . FB/Funky Life .,1
LF Enhyur  f i.3,1
LIF R .,1
429947548 ShareChat My fun post. Hahaha . DP and Status-DStatus #jekes maker joles maer,1
Funny Quotes,1
f. g I dont workI am a grincess...,1
33.,1
LIKE SHARE & DOWNLOAD YOUR FAVOURITE JOKE 4,1
f. y  t  msg type  speed a,1
ypar dpin   m,1
. ...,1
ih hp,1
2 10 funky Life en Fanky Life officialf,1
30 Bwii. aafa,1
OshaChat OFunkyLie,1
Home Q Taxt Chegpre H   LATEST FUNNY JOKES,1
Jokes Gourau Tech tips,1
cute,1
okThen TI Solve This,1
okThen Solve This cosx{1-x} sin2x1-x TI,1
ss,1
lle,1
2,1
Helo,1
B/Funky Life y.!,1
ILove You 2,1
chR ht ad a aR 6  n  ee,1
Funky Lile elficial,1
- 2h hh he  8888 he hh,1
. 000006666,1
y Life 6000060000,1
theee,1
9 YHYD SATE,1
. /Funhy Life A,1
"a4 Ihls arifa ii""Uet FUI iG|@funky_life.1 Ihl lle ODownload Funky Life App for more fun Funky Life Google Play",1
BEST ATTITUDE STATUS +,1
Post  .,1
"Jokes,Status Memes f  s t android application LIFES GoogePlay",1
FU Funky_Life_official,1
Jokes Fun qF aT 3THR aql Funny Ankita Gourau Tech tips   PWI IF InI?y InIh ),1
3 3   ash .! FUN FB/Funky Life,1
GACT f I EP FUI FB/Funky Life iipsh e,1
3 24 3154R9 IG|@funky_life.1 FUNKY LIFE APP U yE  F Ie  IP>H y Eh SA f3c a,1
Fy Life aa  msg type a speed,1
Funky_Life _official f,1
- Uc 12 - tco d.shovn PA -36,1
9 W W?h Insta/funky Life official FU FB/funky Life Funky_Life official mieft t aidet.,1
Hot  ... FUI 4 f funky Life iiPh,1
@funky_life_official FUN f @funky life 3h Raa f <,1
a a JF 100 95,1
"Fq fa 5q ""EVM @funky_life_official 7 f @funky life Grat g t! -",1
Insta/funky Life official FB/funky Life Funky_Life_official f scht bye aldch online,1
Funky_Life_official unk t t,1
t W4Y ft bS HIEC # ASRT Insta/funky Life offician FU Funky_Life_official FB/funky Life Jtlr eft.. Ihle T at juice yita 3T,1
f@funky life Funky Life_official Traffic police a ary a  jIhl Itt,1
Dear sfay 23 Insta/funky Life official Funky Life_official f FB/funky Life 42H9 chf,1
a FUN @funky_life.1 Ihle t at q 2 fc ODownload Funky Life App for more fun Funky Life Google Play ETTON,1
s   a   z,1
ODownload Funky Life App for more fun @funky_life f @funky life funkylifeofficial.com t 55 5ue y!e  ad,1
at at Unblock. Insta/funky Life official FU LIF ylife Funky Funky_Life_official f at  t blockbuster. A,1
y  FUN FB/Funky Life s   .,1
heh Jhy FUN Reply IG|afunky_life.1 ODownload Funky Life App for more fun Funky LifeGoogeay,1
lbhlla LP dH hlle Funky LifeGoogeay 6 # SlIt IPSW heh ODownload Funky Life App for more fun,1
2 FB/Funky Life,1
chc      yot. HE FU LIE O FU Funky_Life_official f LIF,1
t F>Ih Inlb @funky_life_official FU LIF f @funky life 3ch HE,1
3G FUI fa funky Life Funky Life_official f 98,1
ISh D b 9F  tt Iwh @funky_life_official FUN f@funky life Funky_Life_official Ask me a question.,1
. FB/FunkyLife a,1
FB/Funky Life .,1
at fanit Insta/funky Life official Funky_Life_official FB/funky Life,1
XNO LIFECA @funky Life official Helo HTE ffr hh h Insta/funky Life official FUNK FB/funky Life Funky_Life_official #Helo Superstart a y GETIT ON Google Play #q|4hs/..,1
f f> wr Ih I f IhIhH hlh S9h Halle Insta/funky Life offici FU lhb IeIPh Hcfau.. FB/funky Life Funky_Life official IhIl W Dh  h S t Fr I IP  2  h t 9n y Tit atl,1
Ipb ble FUN LF f funky Life lle fAat,1
@funky_life_official FUI f@funky life jac at 3af at t aa ih,1
@funk ee,1
3 GT FU FB/Funky Life 3t act y dt ...,1
Funky Life,1
ff. www.funkylife.in SWs h  4  VISIT MY WEBSITE FOR MORE FUN www.funkylife.in,1
"chRTaT HRAily 4 IhSJU "" Ihlr e  hI? Funky Life LIFEe ANDROIDAPP alsq",1
FUNE Funky Life GooglePiay 9bh hh ch,1
p> pwn hP T cht aE 3H1T @funky_life_official f@funky life,1
qt sfayi t. @funky_life_official f@funky life,1
At At cT fHIq cRd AA ddt aT qI4 ah1T chRm FUNKY LIFE APP fah IG|@funky_life.1 wR A an  a 3i a cR,0
tpsw y 4 TC f3 ych HRR 3 Insta/funky Life officia FB/funky Life Funky Life official 3i Ib DJh wR fah fah chT 9RT chaTI,0
"IG|@funky_life.1 FUNKY LIFE APP t2 dH YPU 2+P q3 3T, a14i3 ch< ad",1
.,1
h f,1
"I3h Ht2 F l>4J FIHpE Ih 2 UP? JhIh hlh FUN IG|@funky_life.1 FUNKY LIFE APP tP 2 lPb Sl4, I9p Fhg",1
LIE,1
Yt Q2p YS @funky_life_official f@funky life q qt  fd  dIm L fh,1
Ue far? f a f9 cRIT FUS IG|afunky_life.1 Funkylife.in 9p ft E.t fa41 eh,1
Sig MahatmaGandhi,1
MahatmaGandhi Sig,1
BALA h,1
fftg Mahatma Gandhi 3a hitheboss,1
.! o,1
aty h3 H -Mahatma Gandhi,1
"pba2 ""yyoh 2 f",1
..,1
y,0
P ah M a/bapu ke vachan Mahatma Gandhi,1
H ~,1
y  af 34 n OES410,1
h Mahatma Gandh,1
Mahatma Gandhi,1
faat f247,1
R -,1
h Mahatma Gandh,1
Se ban h  an Mahatma Gandhi,1
Unko bhi Happy Holi jo kisi aur ki holi Mahatma Gandhi,1
Mahatma Gandhi jo kisi aur ki holi Unko bhi Happy Holi,1
yet et..,1
Se an h b an Mahatma Gandhi,1
Mahatma Gandhi Ithoboss,1
o,1
Beebe 2 ea Postl Mahatma Gandh,1
TM evachan Mahatma Gandhi,1
H,1
i,1
Mahatma Gandhi,1
A man is but a preduct of his thoughts What he thinks he becomes Happy Gandhi ayanti,1
y   ha h 1acll Mahatma Gaedh dailyhunt,1
ha y,0
3cicch,1
ANI,1
y 2 06000,1
Mahatma Gandhi,1
t9 dche U-:,1
BHAAT THE PHAK,1
d,1
Pe,1
h,1
never M. ness is f the ndhi not gold a QUOTESDWWw.IN Manatma Gandhi Inspirational C inspiringquotes.in,1
hhhnbH qaqwrafa,0
g shPhh h e hh ha b,1
ANI qodit,0
Beebe 2 a Post Mahatma Gandn,1
f,1
fhave a Boyfriend,1
Postedon @454637248 ##Memes Goode,1
3 EPOSTEPA,1
dfc f,1
"2 Posted On: @smarted editzs ShareChat i""5I I2 2) fhd yHdq i""e 4l #100% GETIT ON Google Play #100%#Memes#",0
3-4 h/ah,1
99Bol.com,1
2064126 O Pyhh c ihhk Ph 10mamjm 10 BMames g,1
h innn,0
Osharochat 467724284 Jok efi,1
nh 7500 H,1
bhh UPScff 332 UPSCR 335HI,1
7. Kapi,1
EPee 226 fa ch hT f3<hT3233a y dR g y 4a hlh y pd,0
IQkharidugi,1
IQkharidugi,1
MASTLANO_JOKEC,1
yith D.HelO,1
AAP,1
Faisu Punchar Shop,1
Swimming Pool vimmi TTER,1
ePoelps ft 2e,1
: .. c e,1
fDekhbhulapahadijokes Dekhbhulapah DEKHPHULAE n,1
machal JokES asTf 2.,1
"Ye Raju..!!idharAa!! Mere Ko Bhi ismein""WhatsApp Chalu Kar Ke De Rey Baba",1
6 .,1
DEAR AMBANI JI. 1500 1000-2000 -nch,1
Fe ah os   Shhp,1
SMILEWORLD.IN 3. SOWEA,1
Rat a fatat,1
@454637248 22 Memes,1
80959577301 6g a a,1
y Thodi si business allowed hai,1
ff e.  ab. LoveSoy,1
NF 3,1
moj,1
fa ...!! ie cooe,1
Tension   3    91444 90,1
hindi funny jocks,1
h 3f 30 29 30f100 100 4.,1
6 dinChot-POST& EARN,1
a OLEWORLO.M,1
@Hasi Ka Hungama,1
ch<f #AT aA3R  eP e kk yt b oeee,1
@32502856 ShareChat dnno 5 ... .....DONTCOPY..,1
I have a boyfriend nhe,1
anchi memes,1
AGAL h  Tryf 4848604 IG-@pagal_writerrr VEER,1
"csT backbencher  frar Jifna mil raha hal, utne mein khush rho,warna yeh v ni denge",1
2Eh,1
Rqs 2000 1,1
8 tollow like commentsha,1
teean 99Bol.com,1
wifif f,1
Girs - Post aPost Comments f,1
95 3 hPh 08 10:38,1
2hh hc M 9 q Jio a  t,1
iPhone X Flipkart Amazon Credit Card 3i Debit Card  H  Option,1
ReR i ie,1
cht a.. 2,1
n,1
MILEWORLD.IN Hhhh e SHPOWEDATN,0
f R200 #ITZS2K,1
alE gap ga Ihg a 3rict qT Swag eq de! w3mirchi.com,1
bh sh  f 3 33,1
SMILEWORLD.IN 333 MEEWORLD.E,1
Memes SPadaxs,1
33 - 99Bol.com,1
@Hasi Ka Hungama,1
R Pitara App,1
3st at aifr a fGa7 2 H4 l2 2 tb ft cedt rtcPRc6 5q hT f3<hI32s<c y< aRft Sch a hH 5ch 5h,1
h cabh 2020-2021 MEMES aChee Ne Welcome 2021 *Indians FAU-G,1
IndyaSpeak hP[ h 2H IhWJIE I2 P yt 2hly i!34 2hlg L chR- 3-3  fi shtI',1
MASTILANDJOKES 1a JO,1
] Ih|W b Ib HIh |pH2 IhPh IPh 9 hlhP I?h Ip https 600onym .com/nrihimk halwale FnHiS immehmvole,1
Ph,1
O Visltfb/ChirkutBobo HReod More Posts RaaRtathsf @ChirkutBaba HCCTV bChirkutBoboInstoChirku Baboinsta,1
Ih Bsharma at Bittu f,1
SALE SALE SALE 3,1
= 6/,1
"rero NF newsflicks You don't worry. My love, . NF H  aaodd aR newsflicks NF 52424",1
faur 229,1
You don't worry. H  aaodd aR,1
mhl 3G Ihlh. iip?,1
3lgchRt adi.. GR ii >be?!b,1
SMILEWORLD.IN IHtBh ht Dlie POSTEDAT MILEWORLD.IN,1
H Hch th  fA <I,1
fi,1
FJ  ah OS  Ip Shivam 2dlW pE 2 UPP pP RI IShIh Ig IK yPIp RAPUTSHIVAM RAJPUTSHIVAM Share RAJPUTSHIVAM tShivam,1
R 3R 30 29 100 3,1
hindi funny jocks,1
3 Dekh aaaagd R . . 888838 i3 w3mirchi.com,1
i3 aaaagd ppprrele HGdarat . - cochBehe P2 R . hotdoRnt P   0680887e 3 888838 DB5EREEE8,1
Are you free tomorrow? fo itspahadiswag 1eT Hc< 3 31? aT qR R qR 3gc # ? dar a?,1
P2H Posted On: @kaka13494 ShareChat Posted on: @103409331 h-h 100% Google Play GETITON 3# 100% #Hiea jokes GETIT ON GooglePlay #He Jokes #Funny Memes #V..,1
Gajendra Chauhan @Gajjusay # f G1 3RI   f sIch< G3IT 3 h,1
a,1
NEELWORLD.XYZ 26B3,1
100% GO SchT: a???,1
@funky_life_official FUR LEF f@funky life  t,0
"dh hIE  FWI?!E 2hcbH ThIEHG!cp, NEELWORLD.XYZ op 3 h * Ie2 *!bb 5 3Rd f4I qT q4T 9R4qI 26B3",1
2 asted On: @navneet official ShareChat #funny memes coglePlay #funny memes,1
Are you free tomorrow? i h,1
2GB3,0
wifif f O,1
@navneet_official #funmy memes sfurnymemes,1
qof d a] afad  qr  ad Heh lelle e PhPRe m    d  d ee h kh ae  s134etstJagatguruRampalji.org rone sfurnymemes @navneet_official #funmy memes SAINT RAMPAL JI MAHARAJ,0
2Min BC M,1
2h Posted On: @aarush_17 ShareChat 3 ht Oppo Vivoq Dones h #funny memes  GETIT ON GooglePlay #funny memes#100%#..,1
Cl B2,1
Cl B2,1
a gap oa hea cap ba bemsu wminthi.com,1
ie je2j r 2 dealaaleda,1
8000 Nahi chahiya kesika sath jab dagad me ho pahadi,1
a,1
Timachal JOKES 1.n 2.,1
U ih eeeeeeeee,1
4,1
"...! i""Ee",1
cichsi3han Angry Boy Jokes 000,1
DEAR AMBANLJL 1500 1000-2000 hh-chhc f. ch5. iW,1
at f ?,1
OVER58.5 TARGET App,1
bhesh a f 3,1
MTMrth Dekh Bhai faR .. w3mischi.como,1
BETA TUMSENA HOPAYEGA HOMEIN TUMHARELACCHAN BILKUL THEEKNAHIN LAGRAGIEHAIN,1
chaatichauda.hegava hamasa Ee toh saala hona hi tha Ihh+,1
h T,1
y 4-7500 H,1
O Vislt:b/ChifotBabo Rond Moro Posts Raatathsf @ChirkufBaba HCCTV DOO bChbn,1
hHhpH hh Phhlhh,1
48 Bsc,1
g527969793hvinodjcshi 2 ANY TIME ANY-TIMEMAZAAK 100,1
e at Bittu,1
Rq,0
IndyaSpeak -f 2y,1
Wif  Wife   s  33,1
Pahadi www.paglistatus.com Ga oGo o,1
g Haz pqla GOP ao erer,1
99Bol.com,1
"mhll IhIh e iii""ee",1
aarush_17 sheiche ht Oppo Vivo,0
elne e ell Pe el9n Pe w3mirchi.com,0
Bachche Ki Jaan Loge,1
charchits9s6 ShareChe . R,1
... HSRIE R tBP,1
f w?h d?Ut[W4J www.commercenewsguruji.com Google 1 Youtube | Facebook | Instagram | Twitter | Telegram | Pinterest - Comrerce News Guruji  lPe lpIEE q IPE dE,1
10 10 9 1 o.con,1
paag aahPbpale ap EO eyeee aloaah galfaecoe R2,1
4 3 f,1
P 10 jc h3K  I Facebook.com/HindiJokes24,1
pAH c mh Inhlh hL,1
frar:,1
- 3iatT3T3 iieeeeh 00000 Jokes11.com,1
yalfa 20 6 GDP f 10a 60f,1
q44PM 7PR 6666 F3.com/HindiJokes24 HindiFannyJokes.ine,1
7PR eganph Rah Dollen eea Qin  le Ja pa lelle n h,0
fasasf,1
qf...,1
cheR2 040 3 thte cthle 22    htc,1
Congress leaders be like to BJP nowadays Zara si dil mein de jagah tu Zara sa apna le Bna mein chahun tujhko mere jaan bepanah fida hun tujhpe mere jaan bepanah. -Anti-Defection law~ R ote.ir,1
B0eDwaniModik Congress leaders be like to BJP nowadays Zara si dil mein de jagah tu Zara sa apna 4 mt,1
OWhatsAPpText,1
HODDOR,1
Mummy ft  Mobile ndi OS HindiPics.co,1
e y.,1
5 1500 13- Mllshpe 5A 2500 23455,1
3g - - a  ag  s 25   b,1
100-100 . yoyte e,1
22$,1
AgSG Ihnlle fo af 12%0012 Seaeopa,1
fasf,1
2,1
afat 3i-in,1
35 35 f3 25 f  10 lesh i IAC,0
# e,1
q2qcs hpeh f glafa fratyolld glall- f feegn  Ore,1
hg  162 hb lhe b  lleechln -  9 h,1
DESHMEIN MODIKI KOI HAWA NAHIN HAL ABEY-HAWA HAI MUFFLERUTAARKE DEKH TOH PATA CHALEGA.,1
R,1
#ChorNiklaChaukida,1
GC 8 af,1
TUSSINA JAO,1
yeyp Friendlyd,1
f 67 3 00,1
PHE,1
nie faf,1
maskaree.com,1
BJP. BJP.,1
Irs? 2jee Plne ralrafaa aalafay 3 PhPgg2 htbP,1
#_ad g,1
ETEI- EE Ih,1
6000 t ftf contract,1
SUSHMA  EXPOSE,1
h!2hH  f ISt$,1
f HindiTrolt.in,1
#dedlg,1
Fonky Lie ot . Funky Lie clelal,1
"faraaet ywasfair ayaet aaf3P ""Ph Jotfae",1
en3eheeoo3s yw3 eln  Jonae s wOmirchi.com,1
"He iil""llele Laughandmasti.blogspot.com e",0
AAP qcs 330,1
330 AAP qcs,1
ShareCha,0
JRI,1
Ree ReR,1
maskaee.com fsf,1
fsf  pa e  bes maskaee.com,1
"he2 h h  -3- dur,,,",1
farn 39RTY,0
www.lli,1
21 ed f TRPLEOJOKES,1
TELEBrands Before After,1
serfere,1
WRA e.co '192 h,1
H5griat at up  3,0
Haft...,1
Facebook.com/HindiJokes24,1
3 1998BP3 3 lle mh h,1
h iey -i kes 3i.-yi johdens Jokesll.com,0
-,1
R6 hdh P  h ee,1
SINS HAL.,0
f,1
FUKREY SPOOP,1
eraa yele,1
pppe hce 33.,1
e obn c ah h  p ele Pe a3,1
a,1
MEDIA NOTSHOWING X Xfff f XPM CARE MONEY X XGDP MEDIA ONLY SHOWING SUSHANT KANGANA RHEA SHIV SHENA,1
faafaa 2lc2hh,1
2lc2hh faafaa,1
Jhehle fay,1
2024  ft... FB.com/HindiJoltes24 HindiFunnyJokes.in,1
3 PIEI hlint,1
3 4000,1
ShareChat f Pasasd VIVA,1
h f,0
H Ph fa HAKH RAOEC,0
2 l h  Pe HRR 3,0
2 l h  HRR Pe 3,1
poapapoan fegcipe jaqple,1
3PR,1
=,0
33 Corfaruya,1
m ollsom eecg wHroL.om,1
Fhtbhit j 2 eJtIc It  Eb>tJ KPcy  upre? 314,1
S+RR=y P=Plo+h,1
Brefra PiClips  adlel 12.17% 41% 10 s   pat   3 a,1
#_t_ar SteL,1
3 IhbaPhlle Phllaps,1
3mirchi.com,1
eaa.,1
14 ma,1
pa aq aahPppalle ap 20,1
HE,0
"MIrch pa aq aahPppalle ap 20 HHo BSP HHo ma 1P RT-HH hH w3mirchi.com 3R ac3t qR, c at y  IbpE Ke $hH aT3IT, aH $I 1h JPhIE",1
fado ait 3 E aanespah Focel HindiJokes24,1
ABME 70 4,1
hhe h 12,0
Nle  Hindi Troll qUR,1
LO Fonnydo t ep ae,1
Fonnydo Facebook.com/HindiJokes24,1
hp h,1
Girls 3 Cheezon me Expert hoti hai 1Selfie lene mein  2gol gappe khane mein 3)Bhai banane mein,1
f   g sco Rn 56R beei ue jawalle,0
56R jawalle f   beei ue g sco Rn,1
Brefenra MiMo India 12.17% 41% 10  st pt   3,1
eadapale Icp@poSchbh13n gIPhle3 f,1
Hhtit9 HRRT ARTE,1
31 h e h     08 60,1
3 Hindi ICS Joh thl lh HindiPics.com,1
epo ne e  n pe aa bo3sdoaaoa PRaRTET,0
Mrale Irhwg aa Teehhplagle,1
hh2hhdh 9hbhp FB.com/HindiJokes24 HindiFunnyjokes.in,1
Modi`s China Visit ohh,1
Modi`s China Visit ohh FB.com/Hindioxes2 HindiFunnyjokes.in,1
Jalh Jnlt fe Helwh hlwe Wbeh ln sht lh,1
"h h21a $34R4 Se lih 3RIggR ewsnighe ""Thle lhlh",1
130 67 TnNAMO 3 AMO,0
RIE 16 3IR LatestWhatsappStatus.blogspot.com,1
Italy lost. Hike the petrol prices again.... ss JacR,1
RAHUL KEYNOTE,0
3 e,1
. www.HindiTroll.in,1
. af,1
a www.HindiTroll.in a .,1
BJP CONGRESS,1
Me- f She-,1
38T  dTu 3 30T Hindi Too https://www.facebook.com/HindiTroll.in 33y,1
00000000000 H H n,1
2019   feuet e22 f  ee dedlshta...,1
f Ph h 6666 F3.com/Hindijokes24 HindiFunnyJokes.in,1
pinseanle,1
f hhhh ohyaaro.com,1
hhh ... HSRIE Geell BP,0
i2 iPHSeE,0
hed,1
bP ble ch9,1
w3mirchi.com   fj,1
yanny ye 8 n8 HmztTroll Ipale,1
RR Bittu,1
BJP BSP H . 2 w3mirchi.com 3   3  .,1
1 s a sT a) Ih?] Wch Ich WHch he Ih  ssW #at BJP aT yR 3 T aT dsht- 3il # Congress wt...,1
HdiFarnyJekcc.im f-ai h ne-n More Visit SmileWorld.in,1
ShareChat ID:429915330   VIVA,1
9RI Entire Political Scier,1
More Visit SmileWorld.n,1
3 missiontR,1
HoH?h,1
SHR.,1
faa EPTT...,1
2 Demonetization. GST. hy h     3,1
Ynea H6TOZ htc,1
G. 3hh 3 ilhle,1
i22$4S h nphpt htc H6TOZ 4More Visit SmileWorld.in Ynea,1
PAnDitlAanN 75R3 ch,0
. 3 fa.q e hhle,1
90%f5 iip Ry i,1
atfibe 3a a ait.ey. ine,0
3a a Rp ee 9220 ait.ey. atfibe ine,1
"e   ""EVMaa Re FB.com/Hindijokes4 KindiFannyjokes.in",0
Rq1 3 mh mh sph MODIFIED J2L INDIA mhnhh faeRayy,1
HindiFunnyJokes.in ilhkWhP-w 4More Visit SmileWorld.in FonnyJokes.in Hindi,1
"""BJPta..."" H.. atBJPai.. Facebook.com/HindiJokes24 HindiFunnyJokes.in",1
RAHULGANDHI,1
Innn y irale he  i8 1n HindiTroll.in 8  4 # qc  Ipale FFFFUUUUU,1
"SARTRCR ii""llee Laughandmasti.blogspot.com deh",1
HindiFunnyJokes.in 3 t ele g cc  2hyP ..t.,1
Pole3 250 31ciqqj ARI Hindi Troll HindiTroll.in qI@RI,1
OK O0 eie 9aepbps dod e.,1
Itble,1
emfaao MB,1
NDIA 3 aourind hh BEHC!cp hi 3 3 3,0
LO Hia L Itble 3ite,1
MODIfied India qf,0
Poch lalb f,1
Gaa acrfa3 ag  a 3tar a at fa3 lIh 2 e2 IP3 ter faurs... ad oea anet!,1
PE O4IqI: Ha44a4 4,1
nce M asi a byq IRc] 2Jbb [ahcg] 2JPb P>q .333  lh IPh IE PH!,1
Pt,1
"Je hea qddo2 q qd aicd gC qoqq qc Jnc qu POLITICS SOLITICS 2le c blob, ""yu ax uld  Pt So|qt(fEog3) e@h aW ""2$pa Ichlc le ll leag lle!g lops /PoliticsSolitics f/PoliticsSolitics",0
Rt rle dh 00 JokeScoff 12b dlele Paeats G oe okeoc dat at lelle G roke plebe Ra TRt ke P TIRt,1
HindiTroll HindiTroll.in,1
..,1
26  3c t Poh2 HRdYOR 3RHR Poh th Phe 26,1
cph>H9r Lr Is2 s Thhe Ir!H I EFIc dDI  3ERS SRET. RST..  22 L Ih K PIe IPJ EhlE,1
Helnepe Helgnpe,1
Dan  Wielle ag ga gaan elle st fd sd S-400.4-16d,1
hP9 4000 3000,1
eq Kpjb JokeScoff JokeScoff Pocai at,1
"3lalayt, fe fgt iPh$h3a antoan i3 qRR 3RR3",0
3,1
5 1500 15- agaenieit 2500ri 23455,0
Inh Dop Hindi Troll R-he,1
Gltalt t t,1
21 f TRIPLECJOXES !,1
fagq-f yo . yel go gsoal,1
f y.f.3f ipha RaRt 3 3f,1
Ro y y,0
Wlch a 3 f,1
4,1
3. 446 9.H 2019  fr,1
q1 3 faceft are yy INDIA mh  hh faRy,1
Cat adoageaoe 4-5 a s) 1nRlopb ppW o3mh Sb,1
..,1
hn,1
"erfagel, srat ageit fauTe JITET,",1
ph 3 3,1
Viral-Status.com Viral-Status.com,1
ye,1
yelle art   ee,1
aat MODIfied India,1
BindTrolr 90%5 ii g,1
RGR a,1
g BindTrolr 90%5 # ii RR,1
13 ipeke feaet p sa2a2a ah la2pho 2 22 fet 22,1
EVMaT R FB.com/HindiJokes KindiFannyjokes.in,1
gf,1
Phb c  d faol,0
e Ip2h 3 Hp3cp l33 pl2h3e,1
e pl2h3e l33 Ip2h 3 Hp3cp,1
Ra,1
nc e pae g  ..,1
ORE,1
2019 3gte? w3mirchi.com 22 fe ait aree ded sestt...,1
afbe 3d a afoay Ra ait.ey. w3mire,0
Al 5 25 ie SRY 4,1
21 22.. f 242024 FB.com/HindiJokes24 HindiFunnyjokes.in,1
f,1
3-4 h/ah,1
Ph,1
O Visltfb/ChirkutBobo HReod More Posts RaaRtathsf @ChirkutBaba HCCTV bChirkutBoboInstoChirku Baboinsta,1
"2 Posted On: @smarted editzs ShareChat i""5I I2 2) fhd yHdq i""e 4l #100% GETIT ON Google Play #100%#Memes#",1
A,1
Ih Bsharma at Bittu f,1
"rero NF newsflicks You don't worry. My love, . NF H  aaodd aR newsflicks NF 52424",1
99Bol.com,1
ch ch ylth R,1
SALE SALE SALE 3,1
- 533=60,1
faur 229,0
mhl 3G Ihlh. iip?,1
3lgchRt adi.. GR ii >be?!b,1
3494 331,1
H Hch th  fA <I,1
FJ  ah OS  Ip Shivam 2dlW pE 2 UPP pP RI IShIh Ig IK yPIp RAPUTSHIVAM RAJPUTSHIVAM Share RAJPUTSHIVAM tShivam,1
fi,0
R 3R 30 29 100 3,1
i3 aaaagd ppprrele HGdarat . -8003380545-439080 43984924388589/2323/4940/866 tffr - cochBehe P2 M-. . hotdoRnt P   0680887e 3 888838 DB5EREEE8,1
3M rch Dekh Bhai R SHRT w3mirchi.com,1
hindi funny jocks,1
ch RT-C ihg Ih,1
Are you free tomorrow? fo itspahadiswag 1eT Hc< 3 31? aT qR R qR 3gc # ? dar a?,1
Osharochat 467724284 Jok efi,1
a,1
Gajendra Chauhan @Gajjusay # f G1 3RI   f sIch< G3IT 3 h,1
NEELWORLD.XYZ 26B3,1
100% GO SchT: a???,1
"dh hIE  FWI?!E 2hcbH ThIEHG!cp, MB 5G op 3 h * Ie2 *!bb 5 3Rd f4I qT q4T 9R4qI i Ic?",1
@funky_life_official FUR LEF f@funky life  t,1
2 asted On: @navneet official ShareChat #funny memes coglePlay #funny memes,1
nh 7500 H,1
Are you free tomorrow? i h,1
wifif f O,1
2GB3,1
@navneet_official #funmy memes sfurnymemes,1
qof d a] t d df afad  qr  ad Heh lelle e PhPRe m    d  d ee h kh ae  s134etstJagatguruRampalji.org rone SPIRITUAL LEADER @SAINTRAMPALJIM SANT RAMPAL JI SUPREMEGOD.ORG SAINT RAMPAL JI MAHARAJ,1
2h Posted On: @aarush_17 ShareChat 3 ht Oppo Vivoq Dones h #funny memes  GETIT ON GooglePlay #funny memes#100%#..,1
2Min  BC HDAEBC 2Mn  g.,1
ohnm sins RIGHTHANDBATSMAN MATCHES 177 RUNS 4812 301 5Os,1
R F40 -fun4you fun4you_rj17 ffun4you,1
8000 Nahi chahiya kesika sath jab dagad me ho pahadi,1
a gap oa hea cap ba bemsu wminthi.com,1
ie je2j r 2 dealaaleda,1
Timachal JOKES 1.n 2.,1
a,1
4,1
U ih eeeeeeeee,1
"...! i""Ee",1
@412379930 Suraj Kiran  Roshni Sandhya  Varsha s Megha  100 10mes,1
cichsi3han Angry Boy Jokes 000,1
at f ?,1
DEAR AMBANLJL 000 1000-2000 cichsi3han Angry Boy iW Jokes,1
MTMrth Dekh Bhai faR .. w3mischi.como,1
af 2000 anfeal 184,1
61-1,1
BETA TUMSENA HOPAYEGA HOMEIN TUMHARELACCHAN BILKUL THEEKNAHIN LAGRAGIEHAIN,1
chaatichauda.hegava hamasa Ee toh saala hona hi tha Ihh+,1
y 4-7500 H,1
h T,1
hHhpH hh Phhlhh,1
O Vislt:b/ChifotBabo Rond Moro Posts Raatathsf @ChirkufBaba HCCTV DOO bChbn,1
e at Bittu,1
48 Bsc,1
g527969793hvinodjcshi 2 ANY TIME ANY-TIMEMAZAAK 100,1
- 79 IinstaSgajabta e  Apple Watch,1
Rq,1
ffa hhS,1
528212589 Y 9336949760k 9 50 Plehep Cehl9p Ihe H9 R a 100,1
g pqla GOP ao a,1
IndyaSpeak -f,1
China  #hap narge Memes Meme100,1
41 NF sracks NF,1
Pahadi www.paglistatus.com Ga oGo o,1
Wif  Wife   s  33,1
h innn,1
aarush_17 sheiche ht Oppo Vivo,1
"mhll IhIh e iii""ee",1
bhh UPScff 332 UPSCR 335HI,1
lPe lpIEE q 09Bol.com,1
- 09Bol.com,1
7. Kapi,1
charchits9s6 ShareChe . R,1
IQkharidugi,1
EPee 226 fa ch hT f3<hT3233a y dR g y 4a hlh y pd,1
MASTLANO_JOKEC,1
R2 Ph BC,1
AAP,1
Faisu Punchar Shop,1
Swimming Pool vimmi TTER,1
machal JokES asTf 2.,1
ePoelps ft 2e,1
tikimaces.com,1
: .. c e,1
fDekhbhulapahadijokes Dekhbhulapah DEKHPHULAE n,1
"Ye Raju..!!idharAa!! Mere Ko Bhi ismein""WhatsApp Chalu Kar Ke De Rey Baba",1
DEAR AMBANI JI. 1500 1000-2000 -nch,1
= 6/ H,1
@454637248 Memes G,1
Fe ah os   Shhp,1
SMILEWORLD.IN 3. SOWEA,1
80959577301 6g a a,1
Rat a fatat,1
y Thodi si business allowed hai,0
Ph,1
ff e.  ab. LoveSoy,1
2064126 O Pyhh c ihhk Ph 10mamjm 10 BMames g,1
NF 3,1
fa ...!! ie cooe,1
moj,1
Tension   3    91444 90,1
hindi funny jocks,1
3f 30 29 hindi funny jocks 100,1
6 dinChot-POST& EARN,1
351.0-00T05 6 dinChot-POST& EARN,1
Gajendra Chauhan  @Gajusay,1
y 33 - 30 29 30100.100 9n 3,1
fhave a Boyfriend,1
memecwalaxd. DAILY MEMES,1
94n -,1
a OLEWORLO.M,1
@Hasi Ka Hungama,1
I have a boyfriend nhe,1
nhe I have a boyfriend  eP e kk yt b,0
anchi memes,1
AGAL h  Tryf 4848604 IG-@pagal_writerrr VEER,1
3 EPOSTEPA,1
-,1
q1ell,1
8 tollow like commentsha,1
. 60,1
wifif f,1
Girs - Post aPost Comments f,1
dfc f,1
95 3 hPh 08 10:38,1
Sheka13494 O 100 100%,1
2hh hc M 9 q Jio a  t,1
cht a.. 2,0
iPhone X Flipkart Amazon Credit Card 3i Debit Card  H  Option,1
ReR i ie,1
MILEWORLD.IN Hhhh e SHPOWEDATN,1
f R200 #ITZS2K,1
n,1
SMILEWORLD.IN 333 MEEWORLD.E,1
bh sh  f 3 33,1
alE gap ga Ihg a 3rict qT Swag eq de! w3mirchi.com,1
hf,1
Memes SPadaxs,1
33 - 99Bol.com,1
@Hasi Ka Hungama,1
h cabh 2020-2021 MEMES aChee Ne Welcome 2021 *Indians FAU-G,1
R Pitara App,1
3st at aifr a fGa7 2 H4 l2 2 tb ft cedt rtcPRc6 5q hT f3<hI32s<c y< aRft Sch a hH 5ch 5h,1
MYREACTION WHILE TAKINGSELFIE Vajakia BOY GIRL WITH,1
MYREACTION WHILE TAKINGSELFIE WITH BOY GIRL Vajakia,1
IndyaSpeak hP[ h 2H IhWJIE I2 P yt 2hly i!34 2hlg L chR- 3-3  fi shtI',1
Result aa gya...! Ye 3words hanste khelte insan ki pl bhr mein duniya ujad skte hai,1
] Ih|W b Ib HIh |pH2 IhPh IPh 9 hlhP I?h Ip https 600onym .com/nrihimk halwale FnHiS immehmvole,1
Rt f,1
f B t in /Bhopali2Much 3lldqdigt,1
RT 5- IOOW EFFECT... wh,1
IN THE.CHAIR,1
SHimanshuFs BookExprsss.in BookExgresind,1
THUGS OF HINDOSTAN SAL NARGERA FEMALENARENDRA FAKE DEGRES KA KAMAAL,1
moonsms.blogspot.com,1
3r Hnaeepe 1 1,1
fca Ra! Mastimaste,1
SHinunshuFa HinancheFo BookExpressin e a pa h  fa,1
FUNNY BRBAJI,1
2019 3gte? w3mirchi.com 22 fe ait aree ded sestt...,1
Funny call Dubbing video,1
BURA NA MAANO HOLI HAI Zindagi Mein Life Partner Hona Zaroori Hai Nahi TohMann Ki Baat Radio Pe Karni Padti Hai,1
Inh do DO Hindi Troll R-he,1
h 1 in Jokesll.com,1
djn i,1
-,1
lc1-3 sisn18,1
9q 3dF,0
Shoot on OLDMUSIC KISAN ANDOLAN,1
Dur former PM Lol Bahudo JAI JAWANJAIKISAN 20 yeors ogo.in his PM Atal  spoke JALJAWA It is now a time to toke one more AI VIGYAN.JAIANUSANDHAN,1
SidhuMoosewala +,1
D SAO,1
hgch c sJokeScoff,0
w3mirchi.com HT$ $Ie h p HIh  $a13?,1
fasasf,1
Ph de lE PH de I,1
-1h   a 12hh 1212,1
THE NEW PRIME MINISTER? AA NGAR TUHN MIN KE LIYE PMBANADE MAIN MAGGIE BANAUNGL TOH KYA KARO617 5MINKE LIYE BANADE UMM.R KUCH NAHI N TOH?. MAGGE AUNKAYEGA.,0
Vocalfuba a2+b2,1
*nch,1
ASbekKosA s?AbbekEKass Abbe ki koss? y KEE .. KKos,1
News channel- memes 14 Le Modi- ZOR ZOR SE BOLKE SABKO SCHEME BTA DE,1
THENEWPRIMEMINISTIERE ALIA. AGAR TUMHEIN 2 MAIN MAGGIE BANAUNGI MIN KE LIYE PM BANADE TOH KYA KAROGI? 5MIN KE LIYE BANADE UMMFIR KUCH NAHI.ITN TOH?. MAGGIE KAUN KHAAYEGA?.,1
HappyNew Year 2021 PM E AM Ohyaaro.com,1
ISHO TERA TADPAVEFEAT MODI.KEJRIWAL A HILLARY CLINTON,1
Jo admi paani pi ke itna bolta hai...... Wo daru piyega to kitna bolega........ ..?.,1
WE WANT !!! A PJABDULKALAM PRESIDENT NARENDRA MODI PRIME MINISTER SUBRAMANIAN SWAMY HOME MINISTER VKSINGH DEFENCE MINISTER RAJIV MALHOTRA EDUCATION MINISTER,1
Hinahua CHirnansheFix Shayara.com Raa 200+QUOTES,1
NARENDRA MODI HERECOMES,1
"Hgolt erteciyd tot ""$h yoa",1
... hehsh,1
.corf NARENDRA MODI,1
AND THENI PUSHED CONGRESS OUT FOREVER,1
GC 8 af,0
.. ohyaaro.com,1
"MODI TOOBAMA ""Here's my number, call me maybe!"" MODI OBAMA",1
14GST 28% sC 4 2h h h53h Ph 100%,1
AgSG Ihnlle fo af 12%0012 Seaeopa,1
T H,1
IS 209,1
2e,1
faa EPTT...,1
LKG  R,0
Rahul Gandhi declaredhe is NoT going to marry... its justasmall tributetohisparty'ssymbol THEHAND.#O#,1
NDTV,1
2015 Brut Don't we get anextra 2ab?,1
"GSTRE ""n  Sales Tax VAT GST fr customerf h",1
Sales Tax h VAT GST fr customerf gar,1
J0KEHRC VS WhatsApp Status Baburao Vs Narendra Modi FunnyVideo,1
Irs? 2jee Plne ralrafaa aalafay 3 PhPgg2 htbP,1
swww.tamiltbphotosin 10GE CuMNG m,1
12 PM,1
Corona Virus f  Made In China,1
CHireanchuFix Booxgremsin s cokopressin,1
updateN Youta Status,1
2014 2015 2016 2017 2018,1
gPM,1
Ina Punjab,1
"ScrapU.com Tet,",1
DD NEWS-D,1
EKHEGFBANAO f /Bhopali2Much LEKIN MAALHO,1
We Ihle lg,1
g,1
Acf,1
Modi chaii wala 0395 General Raheel Shareef Facebook/@Babarali909 Modi chaii wala,1
ScrapU.com ScrapU.com Vo dekho Narendra bhai apnu ko 272 seat dikh reli hai,1
2014s 39s.,1
Hello Kaun Funny Video,1
Dharti pe hoomne ko,1
4009 2019,1
Reason Why Modi Ji Can Be Every Girl's Crush WEAR SUN GLASS DSLR GUY HAS SEXY BEARD TRAVEL FREAK GUY KILLER SMILE,1
aRTEc... RAHUL'GANDHI HUGSMODIFUNNYO,1
@gujju_aadivasicommunity THORCUGHEAREIOMCOE CCCC F8:Gujju aadivasi IG:Guju_aadivasi follow this page,1
3 h iieeh i RUOKES CON,1
Sww   2014 ge. 2014 2019 PolticalTaon sit-www.talertedindia.ce.in,1
1 HRE hle  Ploj a Tht 12,1
TIK-TOK HO YA MUSICALLY MUJRA TO MUJRA HI HOTA HAI MY LORD,1
GST  50%.  t 75%      99,1
Election Campaign starts for 2019 . www.HindiTroll.in,1
"auco E3r f !E IPe kPIPe. 3lgr e eeiar"" Punjabi Dharti .Com We yfJgr el P9k PaJ PunjabiDharti.Com Punjabi Dharti .Com Search In Play & App Store Search PunjabiDharti.Com On Play Store &App Store",1
Instagram:Babar,1
fay fta,0
...,1
"Main Congress Ka Saath Lekar Dharti Corruption Ko Punjabi P9k PaJ !E IPe kPIPe. Dharti 3lgr e eeiar"" Main Dawood Ka Saath Lekar UnderworldKo Khatam Karunga",1
Top50 Narendra Modi COKO Status Quotes,1
EK CHATOR NAAR 1:01,1
H IHresn,1
COMEDYWHATSAPP STATUS,1
What's your Sinchan! and yours favourite cartoon? Rahul Gandhi,1
ASTER,1
FTTE5,1
RELYTOTHMOON,1
3 idiots video,1
TUADAKUTTA TOMMY! SADDAKUTTA KUTTA!,1
h 34 i 3,1
Amir Khan ne gaaliyan,1
... The  of 3f is  from the il of Hgl with very - The Heg  from the door & ..,0
INEMASTER EXELUSIVE,1
A picture is worth a thousand words,1
Mitro.. Aaj konsi tarikh hal 25 tarikh hal.25tah nal.mw Mitro... Kal Konsi tarikh thi 24 tarikh..24tarikh. Mitro.. Kal konsl tarikh hogi  Dekha..Mitro. Hamara Desh Badal rha hai.  Aage Badh rha hal,1
AAPKEPAAS PATLI PIN WAALA CHARGERHAIKYA?,1
t t  r  f 4JokeScof 50  tt . 75 CHARGERHAIKYA? AAPKEPAAS PATLI PIN WAALA  t   . ee %0 e,0
3,1
jh,1
LIFEIS AWESOME,1
3M\rch Sir this is apple lP IPn2J dh RT W$IpH ???? w3mirchi.com BeleT joke qt a!!,1
COmE HJokeScof,1
shan h$ch2,1
Consulting Producer Frank Sebastiano MadLipzApp,1
"Chutney ke bina dhokla hai bekaar Ab Ki Baar,Modi Sarkar",1
R... 9h namoian.,0
Comedy_111 an atgh,1
h n,1
PUBG  atardeor,1
3 PIEI hlint,1
HR,1
COMMUNAL COMMUNALRIO,1
BL ua.,1
hos   no presece essge dees not resonate Mod  y y grs to do thi,1
FUNNY ARABIAN COMED DUBEDIN HINDI URDU Chacha Baklol,1
H 5 - gafg,1
PStop_Cero,1
32 3,1
ITSH FOR FATIENCE A A subscribe please.,1
First Times,1
HimanshuFix ?HimanshuFix BookExpress.in 2lleg 1 1?2 R$ l ll2 1?le 1?2 E tc eilat ale c fal gell 3ge dot fagedl BookExpress.in 66,1
ga g g,1
p poph Lphle b Hindl,1
f-,1
Three Bahubalis of India MAHENDRA AMRENDRA NARENDRA babubali,1
te Ih4J 2hh L bB RI4 Ke gsT f RT 3< GT 3RyT 3 Indianh,1
Help Wanted en h2 h  h  h P,1
4636570n Johny johny yes papa modisarkar Yes papa Rahul Gandhi Yes papa Nikhil yellidhiyappaaa Hahahahas #hanny rals,1
www.Rkalert.in GST,1
05-08-2020,1
LSTV Status Whatsup FATD Corona Comedy With Baburao,1
ANDSOME LAUGHS FROM OUR FILMY PARLIAMENT YESTERDA,1
f OHIR PRESENTED BY,1
2 ih,1
2GB y,1
3 Ryceys,1
2 ih,1
BHinuanshuFa HirancheFcl BoekExpress.in yst,1
Narendra,1
Othe cpsangt,1
P,1
Clip India,1
TER EXCLUSIVE 2015 Bhartiya Sbort,1
y-g f,1
Bhagwan ko diya hua sabkuchh.. AADHARCOIdH? yaaro.com,1
Happy Birthday ToOur Beloved Leader Shri Narendra Modi Ji,0
@ChayGarm 3 Phone  3 Facebook Friends,1
Funny Status video,1
subscribe,0
3 3WORLDTOURGI3,1
"NaMo: ""India has won!"" Alia: ""Aaj match tha?""",1
... sicRyHefaa!,0
Jo admi paani pi ke itna bolta hai......Wo daru piyega to kitna bolega..... ??,1
aT nltk 3 ScrapU.com,1
at instagramcr tik tok pubgh marks  2me HinaiDigital.Com,0
.a 5000 Ceon 005,1
oll HICT,1
f,1
416,0
Kesa Baap hai FunnyTube.in,0
tak Hye odi OMHAADULGAO tation,1
OMHAADULGAO tak Hye tation odi,1
ARSHAYARISIRU hhb,1
2hh,1
DESI VIRAL MASHUP LipdateNe Anetwor,1
le Pae  99,1
When 6QIQ Says gR OIB l gn OIbI 9939 Me:,1
"A Boy""Rajni Sir how effective were you as a class monitor..?"" Ranjikant:""Once I told a boy to KEEP QUITE, he'z now DR.MANMOHAN SINGH..!!!""",1
4  2 GB 3cT  Iph IPp? l,1
pep Nationalityt,1
OsmPiccom eapdfaede Jarpleaegan,1
st at   LOVECOVE.COM,1
Modi to rahut t,1
f www.dilsedesh.com,1
2019 le220 12.5 100    f ..,1
Icafl.coI .. 3500-1000 exchange  g 12.5 Fix Rate... Jokescoff.cam,1
LSTV,1
e    PM  CM .,1
C1000 G  .15  FHOEDRCO,0
MASTER NAMO HIZBI DUBmaroyendra Modi O,1
"Jis Tarah Se Hum Log. Gharon Mein Band Khaa Aur So Rahe Hai.... Fb.com/Avpjokes 21 Din Baad Jab Modi Ji ""Mere e Pyare Hathiyon.",1
..,1
afe hlle,1
1.3 2. 10171 3721 dE 2  A f@lncArushKumar @IncAyushKumar,1
R . de 9. 9. UniGreet.com,1
By Ronul Bhati,1
c8rqcopor,1
c8rqcopor AND MODI JI NHI RAHE Thoda sukun milega,1
2 bh I2 fanhara,1
epo ne e  n pe aa bo3sdoaaoa PRaRTET,1
14GST 28 s Ph 100%,1
HarfamaHaa f3 Oharti   t fa a t  g fe,1
Ohyaaro.com,1
askaretd,1
Modiji Na Mari paad,1
8 3. deaye edbe MISSION 900 MODI2019 2002 Des ye eabcsn,1
ehhpntt y,1
pnufe RStv,1
ah ph  e Sa phc.lp@paqjph 2019  4Ec act@ Cdja casa,1
MadLi @puppetsh,1
- r  t..,1
Modi`s China Visit ohh,1
e Poe 5,1
News channel- memes HR14 MChSTaGRt? Le Modi - ZOR ZOR SEBOL KE SABKO SCHEMEBTADE,1
MIRZAPUR MODI VERSION,1
$ i tatus Shayari Quotes in Hindi,1
Bjp,1
a ... shayaripapers,1
3q Holi kab hai kab hai holi,1
Bhagwan ne tumhe 2aakhan di hai chawal se pathar nhi nkal sakt SON Bhagwan ne tumhe 32 daat dyo hai 2-4 pather nahi chaba sakta +,1
FunnyDubbing,1
40k Arrest views please m Funny,1
LSTV LIVE,1
faf gaa  stataaa,1
@gujju_aadivasicommunity rarftan Ihe #pm modi jokes,1
DM,1
PRIME ORIGINAL MIRZAPUR MODI VERSION,1
HinanshuFix OHinanchuFo Booidxpreos. 1,1
SONFSA 3,1
FunnyTube.in,1
..,1
C..,0
l he Warning-Hth,1
fHe5 kaeppikaeee aelaatsa Jeeetaa,1
FRIARAR h,1
3 33,0
CLO hh 4 (=48) ere Ra  g  - 491,1
NO 1222 Polracert Petrol & Diesel Price Hike Funny SPOOF,1
Ye hai hamara pm,1
. - . CBI uJeke Cof,1
O2019 hs,1
2019 HRd 2,1
UN PATI,1
vote pottuta pothumae,1
samese tatusd Dimpua,1
ca Ice IP$Ie TikTok,1
ca Ice IP$Ie TikTok,1
Mrale Irhwg aa Teehhplagle,1
Jalh Jnlt fe Helwh hlwe Wbeh ln sht lh,1
"Cause I got the Swag,Mitron!",1
Sh3R hhh kes eoe Jokestl.com,1
Hhtit9 HRRT ARTE,1
20 3 f M Political Tican Vet-wntds.ein,1
3 esai,1
-mhttps//goo.gl/ sTzoT6   Bausnso ung  Gam 9,1
www.pjpatakha.in @PJPATAKHA,1
3,1
RarateSpecial,1
Mr Xi.I have a joke for you Modi.lam Bausnso ung  Gam 9 did Chai pe SighI liked it   when Indian PMs Here we are couldnt talk Miss sTzoT6 Chai-na pe Charcha. OMGROFL HAHAHAH,1
25 ValeNTee .,1
t n reinda,0
-h iee,1
iee,1
f se Modily d s ap e adrdee modiforpmore,0
EK CHATUR NAAR 1:01,1
"odi Ne Kaha Achche Din Aanewale hal. Uspar Amit Shah Ne Kaha.. Achche din Aanewale hai, Lekin Achchi Raat Ka Intezaam Khud Karna Hoga",1
FaleNTee 22 Ayodhya Political loon Vist-wew.talentadindia.csin,1
Abki Baar Modi Sarkar Sasta Loge Baar-Baar Mehnga Loge Ek Baar... -Kejariwal,1
HGTo 2RE - -,1
i 909 3,1
Modi chaii wal Modi chail wala,1
PunjabiDharti.Com R biDhart Dharti,1
Modiji To Indians Fatafat Ye Lockdown Khatam Karoge To urant Aur Lockdown Mil,1
h,1
Government:Abse sb Chinese appsbanned. PUBG wale:,1
Chota Don @choga_donTh,1
Mrchi What's your Doraemon and favourite cartoon? Sinchan! and yours? india dectared by UNESCOand voted by me andmy 10 other fake pronles Rahul Gandhi w3mirchi.com,1
2RMLA5RMP a,1
iE,1
WS.,1
4K Views,1
4K Views,1
4K Views,1
IEWELLERYMEHENGI BEAL EHENGA TAHL,1
PHO ..00,1
-  wk r  e,1
Hf- 9-h 3315-16 fea fa agt fare faa,1
czozwnEny'vo IG/BESAVAGER,1
h    eb  s g  f-fbo Seencf,1
Save Fb.com/Esttusharmajokes Follow poya Followgoy ingpins,1
SHinanshuFa BoekExgress.in at t 3 3,1
ChotaDon @cho,1
"Main Congress Ka Saath Lekar CorruptionKo Khatam Karunga.!! 3 Ha Ha Ha,Aur Main Dawood Ka Saath Lekar UnderworldKo Khatam Karunga",1
PHE,1
Reliance Petroleum Mobile Defence And Fools think Modi is,1
Jis Tarah Se Hum Log Gharon Mein Band Khaa Aur So Rahe Hai.. okes 21 Din Baad Jab Modi Ji Mere yare Hat,1
Death Anniversary Of Maths a2+b2,1
E,1
auee famro pekeie sreed RPK PunjabiDharti.Com Search In Play & App Store,1
Modi Ye lbaburao ka style nai,1
INDIAN DELhI E UIp S Video  Delhi Boyz,1
INDIANGRDELHI Delhi Boyz,1
Hh  QuotesWalls.com 18 hh,1
WHYLOLCOM,1
fHinditre,0
2014  9n oneanS,1
bP ble ch9,1
HAPPy #OL1 BURA NA MAANN HHOH,1
T+|T=lTIndian talent+ Information technology = India Tomorrow99,1
MODI JIONFIRE FunnyTubein,1
Ple h,1
Pubg,1
Ple h,1
so woLowrocr COOCODCO goetorw,1
w3mirchi.com   fj,1
n,1
2019 n f  ? feuhet 22 f  ee dgdlsb...,1
Study ior-tnc testr 01stbench studen Mchadhivesa..,1
SLa,1
yanny ye 8 n8 HmztTroll Ipale,1
NOMOREBURGERS START FAFDA.HANDVA ISCOMI,1
w3mirchi.com,1
HATERS.IFYOU TGROWSTONESAGME facebook.com OSIEECE WILLMAKEROADSOFTHEM,1
aat MODIfied India,1
SARSWA,1
n e  h n,1
3 e okeScoff,1
h Schaelbh 3IR 3ffs,1
ERAMLOCEN,1
VS CHINA Hare h blbn  h2 h b h  a  2h,1
eov PARTY,1
f/HindiTrol,1
MY PARENTS DURING MY EXAMS 21f,1
Teeircl3ll,1
S HinanshuFix OHiranchuFo BookExpressin e 2h l be eha,1
TIKTOKOSERS AFTER BAN MEANWHILE PUBGUSERS Ee Gola Ma Ab Nahi Rehna,1
Sharchat 2,1
Yelto /Bhopa2much,1
f- 3,1
Jab-Tak Tumhare Paas Paisa Hai No Pucheg Mera Baabu Kaisa Hai? true modi ji,1
Osky ynuy,1
2009 100% samwssemo 2019,1
Sidhu Moosewala + Babbu Maan Kisan Union hPp!poW,1
RoflGujarati #UrbanChor @Rof_Gujarati Modi 54...! Yogi foT.. Modiata..? Yogilll Translate from Hind 11:05PM25Dec18,1
an leWlelle yare eat et e e S-400.4F-16d 2 I?gy lelw a5 pma yh[ph pgy Ja?,1
Ih2JUt PIb Sh  > l2p b 'SIPb lF he t 3 54 f,1
t..,1
LIVE Tube @GrarriTechDC RStv R,1
HRJOKEHRT VS Status FunnyVideo Baburao Vs Narendra Modi,1
HH call Dubbing video Funny,1
$4qT HindiTroll,1
NALCA,1
"a, LexL R",1
"12 qT 3II4ql www. HindiTroll ain https://www.facebook.com/HindiTroll.in, Ca gl3it ac qq3 $dgR qe 2aT",1
Iewt www.JokeScoff.com,1
https//www.facebook.com/HindiTroll.in www HindiTroll in qII JRI JR,1
e kI Ia IhIe InbId H 34 NWW. f/HindiTroll.in HindiTroll: F\q 2Jbe L I2 k h  IFkbbK,1
2019 3 HRd dG L w3mirchi.com Riys a at,1
qTgTGT TET eTT HTe4T Irllt TET JokeScoff Now ge okesco,1
"3od3g /hatsAppimages.blogspot.com A K Online Sena fert, R",1
NEWS VS,1
?IrIe hP ch<l H 343 f2d1dT  A.AG uote.in,1
12.,1
W e yaba lg Pln ynA aqy!  ac Ie3a lalle3 5I q Joa3 Qe b yna o e3a g leW Ie] w3mirchi.com,1
3 fa,1
EVOLUTION OR 2004 2014 2024 GROWTH ANDDEVELOPMENT,1
Hindi Bp lp h ae3 ep Troll HindITrolt in dH qi ffc eHTer d ed  3 sor ache 3d,1
HP  3y  33 BJP Attitude Status Shayari Quotes in Hindi mahakalbhakt.blogspot.com,1
To *qcn c a  chd,1
SHinanhuFa OHinancheFi ah leh  lh  l,1
t Ph|lE eis.. WhatsAppText.com dR] + Kl2h L JnlbSIe 3R4T,1
bn a be hlc ah e 3 jAh PE IP f /HindiTroll.in,1
-,1
PHOTO 33b 3Rnc,1
HindiTroll-in Modi`s China Visit q|o3it  aIy aRI yI R3dI  P3q  Ph  I  e bJr IE P lP  P Ie a I] ? IPIpp hI2,1
ADIAN DU a Baklol,1
TIKTOKUSERS AFTER BAN Ye to sachhai ki Bhagwaan hai TAMNGEW POBGUSERS EeGola Ma Ab Nahi Rehna CREDIT:TWITTER@PM MODI 99/@EXTINCT TUSHAR,1
"#PMModionDiscovery Bear Grylls -Sir i can't understand Hindi, can you please talk in English Modi ji - BIRSTUCR LIVE B 3aafR CHAIR 15:38 by thePreside",1
IL. 2019,1
www.tacebook.com/Hindilroll.ir 33 ce  Hindiiro Yolg oia e?,1
Innn y irale he  uT 8? HindiTroll.in 8  4 # qc  aTedT FFFFUUUUU,1
y!h WtJIt os are aei ad tet $er... Sigyae faat!! Oh yaare,1
oete,1
ae lle agla,1
f www.okeScoff.con,1
MY REACTION WHILE TAKING SELFIE WITH GIRL BOY,1
ale l lle ale l e agta www.facebook:com/VishalKundraOfficial ww.twitter.com/kundra.vishal,1
2019 DONTMISS,1
HELLLO. MODI. 1,1
3       a  a a   a   LatosShaymn,1
3 =A.AG.,1
GHOST Shah to Narbhakshil (mar managed to be the nation's official rib tickler Iwill make Bihar's roads as smoothas Hema,1
Weaba gn Eeacao ea le n ale,1
HBt dh H f/HindTroll alir,1
Mirch Sir this is apple faarat ??? w3mirch.com T joke,1
"ndia lockdown tor three weeks that is 21 days, 21 din mein corona bahar",1
TOMJHAADU LGAO tion t atle ltak Hyo Station odi,0
THUGS OF HINDOSTAN BAL NARENDRA FEMALE NARENDRA ORIGINAL NARENDRA A TER FAKE DEGREES KA KAMAAL,1
VS 1:05,1
Marc 19 DB 1:05 HEO. VS,1
funny status,1
3iHladu LINEUS OFB.COM/,1
! A OSATH,1
h,1
GOLOLWAGO h www.facebook.com/FunniestStatus,1
BindTrolr 90%5 ii g,1
PUBG pubgf BAK HODI TAAS sTwitter H,1
MadLipz,1
800000 53000 0000 00005 GSPC 23450 15000 12000 SUMER n t he 8000 HARYANT -5000 1760 750,1
3 NATS,1
hschaabh 3IT 3Ratafs,1
Ph,0
3Ratafs 3IT 5SR 4fa 3 i hschaabh,1
f a ..!,1
EVOLUTIONOF 2004 2014 2024 GROWTH AND DEVELOPMENT,1
R og www.gyanipandit.com,1
NAMC,0
Balla samhalta nahiinse Ye kashmir lenge,1
afbe 3d a afoay Ra ait.ey. w3mire,0
t JAIPVBG VI ModiIndian students should be allowed to Play pubg during dasses..,1
"Nibba-Mat ro baby,3 may ko to milna hi hai hamko. *Modi ji-",1
"#PMModionDiscovery Bear Grylls -Siri cant understand Hindi, can you please talk in English. Modij-",1
BEAUTYPARLOURS CLOSED CIRLS MEETING BOYFRIENDS Civil AFTERLOCKDOWN,1
Court,1
wh,1
Modi's New India Petroleum Telecom Education Defence Reliance Reliance Petroleum Mobile Institute Defence And Fools think Modi is working for India,1
3 IDIOTS Ft. MODI,1
Govt.Planning to ban Pubg Pubg players to govt,1
Pubg players to govt Govt.Planning to ban Pubg,1
ISupport Narendra Modi,1
TEACHER BRINGS HER BABY IN THE CLAS. FIRST BENCHERS. BACK BENCHERS.,1
MODI JI ANNOUNCES 21 DAYS LOCKDOWN LE INDIANS: VIDEOSFORSTATUS.COM,1
eh hai tumhre facebook friends 20 Yeh hai tumhre real life friends,1
h,1
- 3iatT3T3 iieeeeh 00000 Jokes11.com,1
33b o bcl feRtlicdoaR,1
R aee,0
- Mard 19 DB HD+,0
ss   101%.,1
fFOGG T.V. AR INDIAN ARMY T igry@samaydhara,1
ae-lg 3   -  33  d g - 3.. -,1
3gelelabealg aled ne a,1
RBl t fs f   g...,1
VIRUS qRgfgq2ft # a4 q1sT    CORONA JUST AJOKE     - U[l Z Kt FlP>4Jb A Rq1E aMRq 3r 5,1
h PP RT...!!! mastipke,1
edcd Hafo,1
Hafo edcd,0
thaaais. A JOK,1
pple nlle ire Pakistani NEWS REPORTAR $1eh 1e Ha c3 gtd  e,1
f ag if 67 800000000,1
Mrh 5 tension  eShoh,1
Q3Mrah w3cnirchi.com   fj   PH,1
t af aia a ce  #foree ne,1
"Mark Zuckerbergafd dE.... ""Candy Crush Request""",1
Mr8 ye w3mirchi.com   e    Ph,1
26 DeinikBhaskar.tem,1
"""5""",1
fea oamae: 1HDFC BANK 2)ICICI BANK ERF 3)AXIS BANK 4) KOTAK MAHENDRA BANK 5)IDBI BANK Instagram 6) YES BANK  sBIPNBBOB  f tera_deep111  A.C.SLOW ... Post Office  fasas t t  fafa ffasi fe,1
tst. 7:55PM 7:55PM,1
G w3mirchi.com 33 ieSh HeeInlteh TR d ip,1
haayc,1
iidenn taa  at d  v3mirchi.com,1
n,1
w3mirchi.com H ie h  Inleh,1
leas aa - sic aet.se  re   f t3-e,1
f,1
Phh @@ Jokeswala.co,1
Mlrch h  FIP>4JIb 1PP   3 r  w3mirchi.cor,1
OC. -,1
9b mg,1
BANK IPL e MODI RR,1
4 12126120 aeitoe,1
125 1250 12126120,1
3R3 oneindia,1
12 13a #Respect Indian Army & Airforce,1
Breaking News nle le? slp,1
h Dp3 On uoor,1
Mren 33 w3mirchi.com 3 PP4hIPh,1
31 h bhe    80 60,1
h,1
R,1
PP f expiry date,1
.. ohyaaro.com,1
315 3.,1
osdh RAJYA SABHA alfry... 55,0
oto WR ET WR 3IN love,1
Imh Inhlh d2h,1
en3eheeoo3s yw3 eln  Jonae s wOmirchi.com,1
0 3,1
NO NO CASH CASH Hhara.com,1
Hindi Troil,0
m,1
RAHULGANDHI,1
maa eenly 1 fayar .. hh 3,1
o  HR qudg,1
yfa ... e4 he $ b     ir? www.duniyahaigol.com,1
fa bhhlh 2060066 1:15 pm,1
4 Nes Jokes11,0
ga g g,1
'128 h VOHEUM,1
ii',1
WR h,1
.. ohyaaro.com,1
Marc 19,1
anveer +Deepika Pniyanka+Nick=Piknik Funny jokes and memes in Hindi,1
0 3,1
a a A,1
FB/Funhy Life,1
2      h hk h   be anya le,1
ff pocal party h  h 15hs 72000-,1
OKO0  pa e  bes 3 oo  geloTa r. R2,1
Ple ARIGaIRT H,1
m,1
taalaa,1
31  h e h    08 60,1
en3eheeoo3s yw3 eln  Jonae s wOmirchi.com,1
ga Funny English g 3,1
3 Funny English,1
I92hhHH S R? RR 1-1-8 f .2-2-,1
o  HR qudg,1
PePae  P Re P,1
Modi's China Visil,1
. ...f,0
Bhalyyaji @bhalyajispeaks Transiate Tweer,1
31 ae y3 epa,0
faataa iig,1
Bhalyyaji @bhalyajispeaks Transiate Tweer,0
dl en fsa3,0
CA Hodjo lo Citizenship Amendment Bill  asl a Citizenship Amendment Bill,1
SANDE 33R,1
TARUN Dcealc Turp tes aigedk S6 Main kya karu fr ob chhod d,1
5,0
33 3 eIdgie,1
"Result  a  tat t. RCO I don't hack EVM, hack hearts. TERAHIJALWA",0
Delhi se hu Bhenchd 9nh 3id,1
Delhi se hu Bhenchd 9nh 3id,1
Prajwal Busta PrajwalBusta Follo h 9:14AM-9Apr2018 121 Retws 479s 2,1
SHASHI THAROOR SHARED AUGHING COLOUR .MEMEO Shashi Thareor  The most powerful cartoon I have seen in a ong time! A SMALL STORY BIG MESSAG Hello.Sir.calling from old age home. We saw your ad of missing dog. It has come here and playing with your mother!! AUCHE HOME AND IT IS SIMPLY A PLEASURE FOR US #ShashiTharoor,1
aRdfa Lockdown 3pt aa?,1
"q< 4d fAchfy! gg AAci$gr fa,q I E  YtP IhgJ? I48 IhgJ? www.livesach.com",0
99 WStayAtHome,0
h2bah12 t d bh LIVE SACH,1
Coronavirus 1  S Lockdown-4,1
3 i  Rd P16 DD  q 3al Sdi ait laedr oa Iele ID Snkib,0
h man 3 hb phhbhh 3 funny husband wife memes in hindi Archives-LOL Baba,1
kesvlas. oee,1
"aIPrT fsf 3re Yeit ara apit. wjawrch.com "" eule Jai Hind",1
Coronavirus fGeet q fHst faat afa Lockdownd HSR Oneindia Hindi,1
NAND SONTIgER N SMILEWORLD.IN -,1
... The  of 3f is  from the l of gal with very - The Heg t from the door & ... ohyaaro.con,1
3ch< 3qt c,1
"3q at g 2a  qA a41 a arT ?, ai4de 3ch< 3qt c R aot www.livesach.com",1
shan h$ch2,0
o e g bitsve! er aht!,1
Funkeytune,1
IR psk dtJ Smirchl.con t3,1
h Th cch,1
en3eheeoo3s yw3 eln  Jonae s wOmirchi.com,1
yIsdc siiq q) TET LIVESACH.COM,1
HindiTrollin,1
VWW.GOLUPUTTAR.COM,1
FB/Funky Life,1
h2bah12 t d bh LIVE SACH,0
bh h2bah12 t d LIVE SACH,1
ch U HAVE SO MUCH ATTITUDE!!,1
f h af FB.com/Hindiokes24 HindiFannyjokes.in,1
ha,1
Imh Inhlh d2h,1
R.CON 1. GPETAR 2.,1
n lelleaagmanano,1
GH4S 162hb hhe nB  E-9 59 le 9b h,1
P3hJ sJ 1Ps a2 PlhIr s>cp c a2 39 aq a Rat w3mirchi.com,0
"WR 5, h",1
33 WWW.MANOJPANWAR.IN,1
hb,1
.,1
lives i.com h 33,1
pleiple qe q elsd  e sae   a en s a  ce p ap 003pe   3 ait,0
hth JORLS,1
h iey -i kes 3i.-yi johdens Jokesll.com,1
3Mrch PM t 3 a yGRt  t an 3iTsaTo,1
SMILEWORLD.IN,1
"f 3  Ph ""AR. U2 HHST""",1
f 3 HRIcICl ToRyRaf,1
3f fae Has Lover....,1
3,1
YES BANK  SBI,1
Snehil @Snehilverman3h Fadanvis right nowMaharashtraPolitics uaahicay V MAYANKSTUOIOS,1
#AkhileshYaday S.#Mayawati.#SPBSPAlliance dd 512,1
af E tE W3p!=U3KPh ItzUe2 Ib2hlE Hnt   9  RVRAORS Le u egpble albn MHARAGITA,1
PAParis ..,1
HORE,1
-le lh D coff 35,1
3Mr8h #e LIP+4JIh lr >2op ph {lH9 w3mirchl.com 3,1
50  e2P JeP 3 P Pleh Jep ilehlbg Ihb H HRaart qT Faafar,1
hindikahani360.in  ph 2e   eHH e e dR ych q&HT #d aT Hhfa ...,1
HINDISHAYARIANA.COM 663R ad,1
Mircht FhLlP+JIh   33 mirchi.com  3,1
faR AnmolGyas.com,1
3 Dr.Abdul Kalam welcomenri.com,1
3,1
wcouslfeupoe,1
3 21 H 12I,1
fo EdR HlG Iaie,1
Dr APJ Abdul kalam 3 faaR,1
KATION si.e.gt.s 3rodle dao,0
33 cc P2,1
i. storyshala.in,1
hn 2hh Abdul Kalam,1
Small aim SDuoteWorld is a crime A.P.J.Abdul Kalam pa h p ...,1
w.wwwQs www.InspiringQuotes.in 3 bb bh lhb ih,1
DRAPJABDUL KALAM INSPIRATIONAL QUOTES,1
R,1
P epe eh hll 21phh ph  hhe,1
APJ Abdul Kalam 3 ARUIGRAC qia,1
dR clolleild 3IcGCIDC,1
aR- qoRot 3fo G6 ait Brerp molGyan.Com,1
LATESTLS 3R 3q a) t   t a hd,1
Ratn P9h hll  pe      HINDISPOT.COM,1
sTy,1
AamolVachanin hh Hhh 3 jhhh h bh,1
One best book Is egual to hundred good friends but one good friend is equal to a library... Dr A.PJ Abdul Kalom,1
One best book Dr A.PJ Abdul Kalom hundred good,1
mpjie 314314G 3IIcd acd3 A.P.JAbdul Kalam,1
h APAdutKam,1
36Ge www.happyhindi.com,1
t sit R gaa f at olsc Rh oh Thinkdear,1
R Dr.APJ Abdul Kalam vari.ll,1
H  DDDDPD Dr.APJ Abdui Kalam Inspirational Quotes,1
3 3g,1
GRT foI aHR RiooR 3iclany qGcI sIQ cMGr 31q pldrld,1
iimh,1
nfacfasaaa Pp has 3rfaa hl e  9faa ELPSIn,1
3  a AnmolVa,1
#QUOTES OF THE DAY 3IG  3lolcd,1
si.,1
Sdic a www.QuotesAdda.com peprape eage eee con QuotesAdda,1
-ff Like Us for More Focebook.com/AnmolVochanin,1
fR T 3R Gyan.Com,1
Facebook.com/A olVochen.in,1
Facebook.com/A olVochen.in,0
hh 3 AnmolSuvichar.in,1
ga  a 3 D,0
Sot 9 P. P. J. Pbdul Kalam,0
SmileWorld. IMore Visit SmileWerld.in 4  hh in  h o,0
"""t ct anyt ga  T cRycht,  rt a yc fa 3uR t  t a f",1
4.91.37 Wpote q,1
"""aitat dofa sitaar .",1
InHindi99 3 . P. J. bdul Kalam,1
2 fl,0
ata A 3R.,1
. Oye Hero,1
INSPIRING OUOTES FROM INDIA'S FAVOURITE BHARAT RATNA,0
1d 3 Jvanihindi.con,0
R3 Rs. -3cG,1
bbh  h he h f ...,1
3i.g 3Icgel Cbc,1
Be nice to nerds.Chances are youend o Jo Bupodn HindiParichay.com,0
www.InspiringQuotes,0
thph n 3,1
e..t. 3tegct o 3ta,1
A.P.J.Abdul Kalam Quotes,1
ee thh thH 54 . www.SuvicharKosh.Com,1
poql all CGolol IDE2 faoRl DT 3IEIR AnmoGyas.Com,1
UELANA.COE f,1
DI K I6I K edlR   l fa     d Dr. APJ Abdul Kalam www.webshayari.in,1
P2 k 2F hlta hlle I  lk Ehh 12 e   2,0
R,0
3 RR,0
Hindi Quotes 3 www.bharatyogi.net,1
-APLABDULKALAM,0
hhH IthtE L4FJ,1
AnmolSuvichar.in H.. 3a H .. AnmolSuvichar.in,1
3,1
3,1
LATESTL alle e ae eg ale 3ie  Seta al al anlge. nd,1
INDIAN -Abdul Kalam,1
Rgoed Rcod www.happyhindi.com,1
4,1
y P.P.J.Pbdu Kalam,1
W9h e EHPhH  $ PUa 2 PhE bduteka,1
mPanchang yaare,1
3 Like Us for More Facebook.com/AnmolVochon.n,1
hindionlinejankari.com ppe E PF Flb $C L > t Iht2 H$ ~3....3h,1
ch  3   H APJ3G H 3G 1003 fqaR Best Quotes in Hindi Supportmeindia.com,1
R     3 f Thinkdear,1
Dr.A.P.J Abdul Kalam,1
R PpF h3 DS dq faaa a R e,1
aoiae Radfrad,1
2  sy   a  -AAbdul Kcom,1
S: Proud SiR Quotes fanrais ia ShudhVichar.com,1
aPihng pe yae pa  p  e n Ph aeR h    y,0
FREE 3q,1
LATESTLS  atast a 2 2]P l@hlle le  lP 2hl?,1
3 Smile,1
3 DhekadBaate.co,1
R3 a R,1
You cannot believe in God until You believe in Yourself.,0
tnhe #terafax-54 BOLTECHITRA.COM,1
NATIONE .si.e.t. LRAME e 3rodlledgo!,1
33 1 AP] Abdul Kalam NAVABHARAT digita,1
. Oye Hero,1
HINDSHAYARI.COM he  fa,1
341e onb 3f nnk,0
"$43 45 314 447 H4 31, 314ct 49 ii WP e>4 Ie tb>?",1
SmilingExpert,1
eehH 3 pan,0
pan eehH And Surely Your Habits 3,1
Hh,1
Dr.APJ Abdul Kalam Education Quotes In Hindi,1
R3Ie sR IPID Ie[2 PP fs3rl AnmolGyan.Come,1
d. c335 .3 eccessd Sw A.P.JAbdul Kalam,1
hE h Thinkdee lear,1
SmileWorld.in 3t it at,1
Ph K episode,1
tps,1
Best Quotes On Api Abdul Kalam Apj Abdul Kalam APJ ch Freestatus.in,1
~..3,1
"34dT aldt , F4f H4ddT hT 3dg 30d -Dr. Abdul Kalam welcomenri.com",1
h f,1
33 HIqaR . Armotaicar.in,1
3 34 faa,0
HINDI QUOTES AND THOUGHTS 33 www.hindtera.com,1
a  a e,1
SNMOLVeCHON.IN AnmolVachan.in,1
i,1
Sdesl_balak_00 er Osharht 3 S Ofle,1
zindagigulzar.com,1
www.tindiTechGuide.in TaaR fb.com/hinditechguide @hinditechguide,1
h cohsgvan.cor,1
Thde 3,0
SmlewWorlds,1
hm Anmolsuvicharir 3,1
CRHRARGAIGIY eforait,1
PIPY dllloall.,1
Losh.Con,1
h 3,1
INDIANE 3f  DrAPJ Abdul Kalam,1
p hh p,1
ahph h ehh .0..,0
i   stef,1
qfac  3 fr AnmoMamnan.in,1
fe af anf af  55,1
On,1
bP DhakadBaate.com 3114g RR b5 GIS,1
SHE hlf 3 You have dream before/your dreams can come true Inapsringo Abdul Kalam,1
qf f #,1
SHinanshuFia HireancheFixs BookExpress.in hea APAaa,1
r  f    n  ne   f  fa edt!,1
IIbH2 9>P Iy >H HP drE Thinkdear,1
Indian Former president Dr.APJ Abdul Kalan Live funeral from Rameswaram,1
- f h SMPOSTEDAT,1
q.,0
fAaI$cAT' yfRgfa pFha 10 3THI fqaR,1
3 3 f Agmeivachani,1
3 .. jIPhJ IPIt,1
phb 3,0
3 Ph Mithori,1
fy,1
arrd .f 3 on  bcd  3 nmo/Gyan.Com,1
2hh ihh SMFOSTEDAT,1
www.hindimotive99.com,1
PJh3 ph e.qt.31.31gc,1
HE H  h,1
a f,1
ta t,0
34g a HR ao7 qT 3dT e 2 IPph F s8 lP H|W WP T h d I,0
e Abdul Kalam,1
"P J hI el Rdol ad el, auedrf  REicoR www.happyhindi.com",1
hyh h - Phshle Ta... Facebook.com/AnmolVachan.in,1
Phshle hleF Hela a?n IE h pahll ..+ 3f. qqa 3aa ay **,1
Hh,1
InHindi99,1
WB9tE Phd !E,1
tells,0
@khushi4550 R,1
#QUOTES Of THE DAY 3I cG CI 3odlc cdo INDIA,1
HindiShayariBazaar.com,1
h$ ts H3 HHh APJABDUL KALAM,1
3 3 R op be www.Hindis SthiryaDarpan.in,1
thH 4 W9h tHS 3Tqct ay g sI .t.t. 3egd chay  HindiShayariBazaar.com,0
3 ... Oye Hero,0
INDAN I2 3R fa aTwR 9 E FIuH ISR H9H shayarindian.com -Dr APJ Abdul Kalam,1
34y PeJpd PJK h8Fhla phlla 3g chaHindiSuvichar.in,1
"3  HD2 FhH JeP  3i    , I hIH $P Idh HEHIUS DhakadBaate.com",1
ThH HeIo  ThH $ He HEl IR P th u DhakadBaate.com,1
si. g.t.gt. 3egel chc  Ebb Quotes Status Thought. 34,1
"fTgR ach ygat a fay alcd afy slat $,ar? at a3c yaR LhlIe Ih IE E>It] I qet !! chT",1
xt ar en aall arcose. aueltl suakart at aglara cee ao o odd4 JnanaKadali,1
f 3 3 farafed i www.chirkutpapu.blogspot.in-3g chl,1
Eha qqT 391c r fqdR,1
Dr.A.P.J .3 3G,1
ONMOLUeCHeNIN l3p 3n K3 inp 3  3 Prafeat i  3 AnmolVachan.in,1
3a www.dilsedeshi.com,1
RH ThH 4JE9h HS Tb2 th bhle  Abdul Kalam AchhiKhabar.Com,1
e. qt. 3t. 3G qH PhP H438 101 39q fqqR Hindishayarie.in,1
dgidial A.P.JAbdul Kalam,1
3 Thinke eal,1
TqHT qhT yRT d 6 ElKe Fip Faq hT 8TShY cqd GR2H,1
Fr F3 55 I els. a A.P.J Abdul Kalam,1
Ph IlSk 9P bP hlle. F3 fa 3Ty Y hF lFhI 55 I ?h I els. Fr e ple yd.  yb h hle ... hlle k2he thd !F ...,1
3i. 101 gde...,1
"""h"" chel 2$ qGd gnoredpost.com -APJ ABDUL KALAM",1
tchp H Abdul Kalam,1
3i. 101,1
NAVABHARAT fRT&TT chT HghHg digital 3R chTRTl faatysdl hH fRT&TchT &RI - APJ Abdul Kalam,1
he igat C ALAM,1
DRAPJABDUL KALAM INSPIRATIONAL QUOTES -,1
T 3TR qHR e9h P bhartiyaupdate.com,1
Quotes Status Thought kh,1
SduR,1
2h Posted On: @khushi4558 ShareChat Real cRifa Ga fAcdl h IEPE #33 GETITON GooglePlay 3,1
344 Future,0
3 Iic bcdlRf i. storyshala.in,1
R,1
"Rdd,3ican fean d aldie A.P.J Abdul Kalam",1
qR 3q y<sT aT aReT qHqdT aI5d a     I4 IPH  .... qt  3egd heI. www.bharatyogi.net.,0
frf da I2pa2e2,1
3 3 3 3 3d3 Abdul Kalam,1
3114 3TGa 3149l Future,1
Hbe GyaoChenkcoe,1
ficoit arsc .P.J Abdul Kalam,1
@162835624 ShareChat che as #Anmol thoughts #anmol thoughts,1
Do we not reallze that self respect comes with self rellance? e Dr.APJASDULKALAM welcomenri.com,1
www.OnlineGainer.Com he,1
d 335 P.JAbdulRalam,1
fogs at Hbedl  33 A.P.JAbdul Kalam,1
pdh 2d,1
3 APJABDUL KALAM,1
hPhh G,1
e h hE  h a 1 2 3 4f 53 SmileWorid.in aea,1
Penh    APJ ABDUL KALAM,1
LATESTLS 3 f l.,1
THE MISSILE MAN OF INDIA APJ Abdul Kalam [1ith Presdent of India] Happy Birthday,1
he . HindiSuvichar.in,1
LATESTLS lle,1
Ha.. AnmolSuvicharl,1
3 FangmLean .,1
oq   3 au,1
a 4 ke Us focM,1
33 ...,1
hlt-hlhb n3- -f 3 SmileWorld.in,1
2h @greatriyaz ShareChat www.dilsedeshi.com # ##. Google Pia,1
Ha,1
k . storyshala.in,1
f h Ofle,1
hindikahani360.in f -...,1
HindiShayar,1
Srdt a aat hc 2h lh IPh e y eype HINDISPOT.COM,1
3 t h www.AnmolSuvichar.ine,0
3,1
hphlle 46 1442,1
HINDSHAYARL.COM 6Hqc qR H chT qIR HchI 3laT  HlW4p W5te hd IE-,1
4  f,1
Hy 3 y        1  h h 3t get sa fr fb,1
hlehlPee www.happyhindi.com,1
IFCO,1
..3 fauR,1
0303 NORMENS ANROL VACHAN P   3.    IVARININDI.CO,1
Sevendaymotivations.com a h 2,1
3d 333 QuotesDekho.Com,1
QuotesDekho.Com 333 3d,1
c5t atat aa 3[gcl c 20 3ta faare,1
hh ... HindiShayariBazaar.com,1
Dr APJ ABDUL KALAM TUOTES IN HINDI si 3sqe hdlH  3aAid faqR,1
eh,1
R h,1
3 'lhllrl t,1
H3 APJAbduKaan Focebook.com/AnmolVochon.in,1
- Hh,1
f APJ ABDUL KALAM,1
77 -Dr.A.P.7.Kalam,1
H33,1
H33,1
. Ah  h  Me.ScientificWond.in,1
"phnn DRAPIABDUL KALAM QUOTES IN HINDI BITs-Pilani, Gea Qamaus",1
YOU HAVE TO DREAM BEFORE YOUR DREAMS CAN COME TRUE,1
hhhh,1
e AnmolVachon,1
3,1
SmileWorlds h  3. 3 deaf,1
69 30 $ dao ed 2n pa 3ogc c www.shavari-sfory-quotes.com,1
"TECHORIENAIn Hoal 3it Hol, aat, 33",1
9h bhartiyaapdate.con,1
HSICH Hale,1
3reheal f,1
3,1
aa  8 a,1
hH-  16    f www.motivationvatika.com,1
Dr.A.P.J.Kala,1
ANILCO 663A a g,1
-3 GyanChowk.com,1
eNmoVecHeN.IN Man Needs His Difficulties Because They Are Necessary To Enjoy Success. -AbdulKalam,1
f hn Pamo Vachart.,1
SmileWorlde More/itit Smileworld.in,1
HimanshuFix HimanshuFx BookExpressin,1
R.. 3393 Qutes www.lnspiringQuotes.in,1
SdoRWo dcil qIRd 3rollat Mde JnanaKadal,1
TOP15 faaR..,1
3 3 ffed www.chwkutpapu.blogspotn-3gh,1
e el chR,1
HRGRE 50Syi RT 33.. GR S$...,1
q fqq131T,1
ipe Ihlthpe UEEB R AG,1
R-TR- . D3,1
3 aet aR angt... IhH K hQJE bd I9p t alc fayr ael 3Ht 4 te BJP IIh?? 2[P Lb,1
i. H,1
Maithun Following @Being_Humor h Translate from Hindi,1
HindhJokes a-o   ol -20-30 ed -y,1
w}hlh IES 1w$?F >h,1
-. .. I love youH  i .. h hhch,1
JokesFb.com f f   fa a jh,1
Smile-Langh-Love 12- -,0
22 Jhle? KAPIL SHARMA He,1
s-R S-3 f3a,1
frHead Shoulder -Jokes.javaTpoint.com,1
H4$T T6f 3dT dIc 4T4q 3ls+e adf q.... LtJtJ UhIe Ih $ Et  +T Cac fanOeee,1
1  f e 3 engh,1
TOTALTASHAN.COM h S I9F b2Ih Dp IpWp'I I$- p] Ieh hIH - hIH  9e lIrW 9Ib dh Ibkp c Ib 2 Wlh H?bd'E TotalTashan.Com IdP'plIh -Jp I>h IlIP'plIh hlp Pp? plh l?Hp 1eI 3 a#y3I q $I Head & Shoulder! Rea,1
H-f bhh-,1
yq aT   Hh dl  f fh 3h Hh y H c  33 -Jokes.javaTpoint.com,1
"TOTALTASHAN COM . qq q,  Ph  f Head & Shoulder!",1
www.whatsapptext.com,1
JokesFb.com   2,1
33- - -yf Tht  ahee,1
Rabri-3  y f  gFunny Lalu Yadav-3tf TwitteriyatfaR ..,1
- 3,1
3 ft  Message - 4S,1
h,1
fgf,1
h P- nb  33 6 b,1
112-1,1
.  LOVE YOl  t . g,1
HIGAT,1
- Readfulljoke.onLOLChutkule.com,1
HIGAT,1
Readfulljoke.onLOLChutkule.com -,1
Student-. B.com.. f-. Engineering.,1
eHT dIch qh fa q13,1
3 33ilci,1
RdILove You ET 3 fRy ILove You hT 3 f f y ? I'm falling in love -Jokes.javaTpoint.com,1
Fb.com/BittuSharmaokes ie,0
1= www.Rkalert.in,0
FATHER SON JOKES,0
3R Sllell,0
oth qRRd 4gd R i 9 IE9c Ihe L@hIK hgyle IF9 h B F 3 c lt,0
SANRE Funalysis CBI Raids d22 4,0
a fIlove you  Hd    ..3 h yffh -Jokes.javaTpoint.com,0
"HindiSatire.com R FIc Ie l2$hK IhRJE    .. "" R alc Q2 DE b2In D Rldl, 3t Jokes fay",0
Hhah h Hh 888,0
Nine pipe pour pour pipe pour pipe pour potty pipe DAFAQ u saying777 Thats my cell phone numbe. 544545445,0
ACTING,0
f eg,0
31749 cace CT sdoir freanauna 4,0
bh20002K f. -Jokes.javaTpoint.com,0
=Examy =Shoepolish f ron n thebestshayari.in,0
"qyf-iat hha2he-mh 9aha-ah d3nbi ""-P 3",0
"fT.. fc,   t...? 3 -Jokes.javaTpoint.com",0
hll alk3 P k,0
ftf 1- Soon,0
Rohiet kumar Dwived i,0
What the F##k Sakya.in,0
INDIAT,0
Utpal Sharma Foll h 3AM1Ag2017 16,0
. ho,0
h 16 3AM1Ag2017,0
feogedla fdaR 2020,0
h,0
Watch  Wife    . Watch f     -Jokes.javaTpoint.coon,0
Maithun Eeng_Hamo Follo,0
inuter Folow 1.g- 2- 4 LKES 12:21P-25My2017 P,0
Facebook p FacebookCEO and Founder MarkZuckerberg,0
sheh,0
qtaa qeit ak aR  s ci ar,0
"Reporter:Sir,What's Your Opinion On Demonetisation? Lalu Prasad Yadav: Mushkil Se Intolerance Bolna Seekha Tha.. Ab Sasura Yeh Bhi Seekhna Padega",0
Tom cllgl olt Talking Vs Tom Hind Talking Tom Hind,0
eph oh yoh  rI ysIqe 1D22,0
Ashish Dratirecaet 7:19.AM1Aug2017,0
anann,0
doll dl. NEWSI8 S1S410  10 3,0
3i t aR nt... f4 afBJP Ih 2P,0
undergo vasectomy,0
Aaj Mera Maun Vrat Hai!,0
HRd fpIEE Pt UP # a q?f I h Pp Ip he,0
leh BR,0
7yo:  e Ib   2 b yn? R oit I$ cbhlh3JE  PIqjlt 9 T,0
a2 ft hyoh R3t thebestshayari.in,0
ra -qta h b bli ra...p,0
h,0
- i 3-f H 1 - famar? -3 -f,0
q Rsa jg  Rh  h     aR,0
RR Bittu,0
HAd NMF NEWS,0
B!h $ &@P D!h r 33 i!p Jesn!c SP Ip inkhabar,0
e Posted by@BuPAsansolO rton aa,0
"le in tle Un - hat ge to. t ant it, pta kaie d auara? Jas  ushse ayegi -3 Sardar Sa Ha Ha Ral su bha 9 baje hon hee ene Sorte",0
"- 3 h 9rd, aR aq qrd aT y n qr e  ya   f  --Head & Shoulder-- -Jokes.javaTpoint.com",0
e-R l?Ih l r l>b 'l Jb - I9 3r f,0
3 amarujala.com,0
Love You t  f  Love You  ff I'm falling in love -Jokes.javaTpoint.com,0
NZWS follow us on 8+ /+zeenews,0
ohny Lever SFollow h ff3 as hamiind 267s797,0
"Air hostess ask to Lalu Prasad Yadav.. Sir are you vegetarian or non vegetariane. Lalu =I am Indian. Air Hostess=Okay are you 'Shakahari"" or Mansahari"", Lalu = Hat Sasuri I Am Bihari.2 thebestshayari.in",0
OLOLWAO Theme song will be.  h  www.fb.com/FunniestStatus,0
12 whatsapptext.com,0
BJP e 3PMrat Srfaarcarer 92$$,0
SHR.,0
Ph,0
ww.Rkalenin GST,0
ww.Rkalenin GST,0
W1212 2 FAV,0
RsAT .. #NitishKumar,0
. f.. ie . qf...,0
amarujala.com - f -.. 2-e,0
cp,0
fove you  .. -Jokes.javaTpoint.coon,0
o cel.....y f 3nar  aie. fyll.....dlggit :  5. S44l?......3I : 54 gI 3 qId R6I 6I,0
PM 6,0
S-3,0
Mamata Sanerjee TMC voSole Aa Amit te LOL,0
$  I lOVE YOUl atadg atatat? i y dm HP e re       3  S  rR 3h lcp www.biharipunjabi.com www.biharipunjabi.com www.biharipunjabi.com ww.bihan pgat ots  pleh$ Ch l2,0
eUEOr,0
cod,0
FIR,0
Sisdin Baut kharcha ayegall!,0
Laugh very Dey KejriwaliWififree denge poori delLimein. Sisdin Baut kharcha ayegall! KejriwnWfka password kisi ko nai dengej,0
h H 3,0
elea 12hePle facebook 2 Lalu On Line $,0
"Banta caity likh raha tha aajmer ehan ko baccha hone wala halpata.na i ladka.hoga ya ladki isliye muhe bhi pata nahi ki me mama banunga ya mami""",0
"welcomenri.com Russian President, Vladimir Putin: Mere paas gaadi hai, bunga ow hai vodka hai Russia hai, fumhare paas kya hai?"" Our PM :Theek Hai.. LaUgH &Stay HeatHy",0
es.s ple-ej2 e-e ea ba .-<d SIDS ...? 3 ...,0
FIR HAmcuas,0
"www.whatsapptext.com ""Laalu contributed to the development of Bihar"" ~Sonia Gandhi Yes Maam.. And KRK helped ISRO in designing Mangalyaan 33 #ApmanRally",0
EldlE.,0
n p h Uralh 900629006 yaR SHR..,0
dqsit yq qT 3qHI  5FRI qT fayll.....dldgit :  s. qId REI 3I,0
faaR h h,0
R10 O C 3  P 3.. WRI2 EIND,0
WhatsAPPText P2 k dP?h HTqUT d s ] Ih?lPhK H k Sh 3q 3IS- aTE! $ pch Jc2 IbIr,0
"59h l Dhq : PB  RT3IdI, 3RT 3Ty qq|c qI ydqI Ie2 P gE I 3RT... HindiSatire.com",0
WhatsAPpText y1eq q..... 35q faaR pIb yhl8 Ih E E  cac qT,0
Rohiet kumar Dwivedi -Follow @RDDwivedi ibph 33.. Translate from Hindi,0
"H Jokescoff.com pJ 2 2r RT... 3Rt""5 Rt silst ou. SRR dq a qcaR JokeScoff",0
3 R,0
"3T dG cbbc Jokescoff.com 1e2k D lpoR] 8e,,       t t  s ! Jokescoff.com JokeScoff",0
lhIr db hI9 HIh q DIQ IPpIhIH dg - HqI  ay 3 t? clc -  qdl.. h ggc,0
Qal : snaat faaac ait atf .  1 ai t aa-aa  at g... 3itR 3nq 3qRl JokeScoff okeScoff [:3R 3t Rc P Be rR & ePp R Jokescoff.com,0
qtRabri-3 Hsfy fy  t h gFunny Lalu Yadav-3tR Twitteriya.R www.duniyahaigol.com,0
aMr Sll www.jokeswalebaba.com,0
7 6AT Sll,0
Funalysis HINDI SATIRE CBI Raids dIc] qI,0
"Ra_Bies Following @Ra_Bies Rahul:Congressi shere ke bachche hain aur Lalu ji, aap sher hain Lalu:Bitwa hum sher nahin na ho sakta Rahul:Kyon, Lalu:Kyonki sher kabhi ghaas nahin khaata",0
43 267 797 +Follow @JohnyLeverr,0
Johny Lever +Follow @JohnyLeverr hbh Translate from Hind 267 Retweets797 Likes 43 267 797,0
ACTING,0
3 5 eha ee  h-be eh hbh Translate from Hind Johny Lever pawantoon@gmail.com 267 Retweets797 Likes -f- ShaeDeh .,0
f b Student-a.. B.comf. f Engineering..,0
SLOLWAE bhhhh  Theme song will be..    www.fb.com/FunniestStatus,0
33 lhh-bh www.duniyahaigol.com,0
Politics Jokes,0
47 485 75,0
It's Not Funny W...,0
"""",0
SAes Transiate from Hindi 75 Retweets 485Likes 47 75 485,0
-Follow @akshaistgi R3 1g- 2- 3- Translate from Hind LIKES 4 1221PM-26May2017 L Tweet your reply,0
RR e IP4 I Bittu,0
lock P1onotionalC,0
HR  qR f pIFE IPE IP?bl9Ech 2Ip UP d qn?f Yogi e I2>b E <h 2Ip lpIFE thI,0
f... qfaff,0
www.BittusharmaJokes.com HId 2050  Idhp hFH dE WEJE qy,0
Fb.com/Bittushamrajokes,0
HARFAK fg,0
9h chch hh,0
EEOT 10,0
b.com/BittuSharmaJokes,0
Post kane wale @110616739 ShareChat tusharmajoke b.com/BittuSharmaJokes Memes,0
Fb.com/bittusharmaJokes ible,0
Fb.com/BittusharmaJokes 50,0
Jokescoff.com Sotlcat RRa a fa cllagit 3iaat a ena 1 alal e.. 5  3ilaa foput.. JokeScoff: 00 cllagit p :  Ruasat ? 9JokeScoff Bat : 3R ! al.. Jokescoff.com,0
2 Huggies fa,0
h R E,0
Fb.com/Bittusharmajokes,0
BittusharmaJokes Bittusharmalnst 2017-01-179:55 201 -1710:04,0
Fb.com/Bittusharmajokes d www.bittuSharmaJokes.com,0
...,0
"Fb.com/BittuSharmaJokes ff i""pllaE",0
y,0
Jww.BittuSharmaJokes.com f.   Lh,0
4H+ Eh Emergency calls only..,0
f|BittusharmaJokes Bittusharmalnsta F9p y Ihb,0
PEEb,0
Raas Bitt,0
#couplechallenge  pp www.bittusharmaJokes.com,0
maeala dsrederidlelg pale sp 3,0
NOENER. .om/BittuSharmaJokes,0
100 40-45% 95% Bittu f,0
9 chofah Bittu,0
Fb.com/BittuSharmaJokes agRyT,0
BittusharmaJokes |Bittusharmalnsta faf,0
Fb.com/BittuSharmajoke h,0
@kingboyce ShareChe,0
Fb.com/Bittusharn a...,0
ihpnh,0
fhe,0
WWw.e,0
sat yn-n,0
Bittu,0
Fb.com/ ojokes 3,0
nlh 20 tt f phittusharmaiokescon,0
www.BittusharmaJokes.com l 3IPIh k Hd,0
..,0
narmajoke iine,0
ehle Bittu.,0
@520929162 h instagram@haryanvi_chora) 3,0
.. d FILMIGO,0
@520929162 eSranichat I'sME uma jckes,0
www.swsusrsrrejakes.com h,0
eft ychl Bittu,0
Ph Shorma,0
Fb.com/Sittusharmajokes,0
461 nd,0
www.BittusharmaJokes.com pH WIH Lp IPp ullsT fayT ?,0
b.con /Drtur rmajoxes chchfc Hachfay,0
2016,0
3ITT hnh,0
1Gf,0
www.BittusharmaJokes.com sps 10,0
ah wshaaePb-e,0
370%,0
PH,0
ha yo at... Validity fahaafa Bittu,0
www.sistusharmaJakes.com,0
www.sistusharmaJakes.com,0
"Aapko pata hai, Vaise toh dono hi oatni aur Kashmir samasya hai.par meinkya padosi dekhe toh, samaanta hai? gussa aata hai KAPEL",0
15,0
www.eittusharmaJokes.com,0
www.BittusharmaJokes.com fqqRy HlcyI q q fqIdt at H4I$ y hT Rt  fa Jh,0
@imrishabh h ttu Sharma jokes,0
f ww.BittuSharma.Jokes.com,0
www.BitteSharinaJokes.com,0
78,0
- -,0
- -,0
HRd A 9qH oyIqI,0
www.BittuSharmaJokes.com 2020,0
www.BittusharmaJokes.com h,0
LBite iPhone f f Redmi,0
dhhe p www.Btt.shama.okes.com,0
TV Bittu,0
t. Bittu,0
www.btwsharmadokes.com LUDO fSB,0
"19 h 24 ,",0
wwr.Biseusharma.okes.com,0
3f d,0
- Plz Do Not PlzDo Disturb. Not Disturb f fBittuSharmaJoke,0
P,0
P,0
R4T 3 39RqT q 104 HCdc yq  qC  HRd  fdy as at  L PIe,0
13,0
ap RCB Team Ke Coac Banoge? Star,0
BittusharmaJoke Bittusharmalnsta ...,0
www.BittusharmaJokes f,0
www.BittusharmaJokes f,0
yafaarec  h Fb.com/Bittusharmajokes chala ..?,0
cuSharmaJoker,0
www.BittuSharma.Jokes.com,0
ch,0
2 1,0
e Bittu,0
3 phh,0
i,0
y  CBI5-6,0
gfal3  at h fah- . -. Bittu 4,0
chdlchdchy,0
hhehlla ? h Memes Supply Bittu,0
Fb.com/Bittusharmajokes  CCTV RI..!,0
TAZATALA DADI OND -0sov ALDAH c12 DAS It! N DIPIE IPIh IPB SHoT t feRT yI$! www.BittusharmaJokes.com,0
aa R c.,0
R s - www.BittusharmaJokes.com E $H Hou[7 q] 314 q\fa fhyT u1 aIyI,0
- thdndp ft Bittu,0
What Colors1 KOW sThatKapilSharma sA Bigger Brand Than Them,0
www.Bittusharmackes.cam,0
@devi7p sharmaJc a it,0
h  hh Sharma 2 www.SttuSharmaJokes.com,0
erait cee aetaitgeer DOR DO Seiatcea 441,0
520929162 OstanChe Bittu. P,0
h ih,0
Sabhishekthakur02 KLRAHUL #BRttUShaRmA,0
www.bittusharmaJokes.com,0
@imrishabh om/Bittusharnajokes t jo,0
"HE ""ls tfa   Bittu",0
h   ht,0
@imishath sanCha Sitt Same joks,0
Hb a .l l 3o 3 ReR RE2RD lbr aaen al,0
. Bittu,0
9800e P nilo Sharma fyat www.B.t.shama.Jokes.com,0
Bittu,0
2000,0
BiTtled af hl  www.bittuSharmaJokes.com,0
Bitlu SuanCho 00 129 3T4T.. f Bitlu Ottu Sharma jokes,0
BiTTUS 2020 www.BttuSharmaJokes.com,0
www.BittuSharmaJokes.com OWLA JhdP3|h EU 2h qT ud qT fu$T 1R yd F,0
"edervi7p 441 ""locked Profile"" hR Bittua  o",0
bhingph Fb.com/eittusharmajokes,0
hlle -- 310 www.bt.hama.okes.com,0
www.BittusharmaJokes.com Hed a fdy h|p,0
BiTTU Sharma www.Btt.hcma.ckes.com,0
Bittu,0
Fb.com/BittuSharmajokes iyyhe 21,0
Fb.com/BittuSharmajokes 21 iyyhe,0
R 17 Ph,0
Ph Pb h P d 17 www.bittuSharmaJokes.com,0
Pb h P d fy S1TTUS www.bittuSharmaJokes.com,0
tacha Bittu,0
dh,0
ith,0
Rahul Carg BMW e ?..!,0
32 hch  i e 29 47 4,0
h,0
qyR Bitt.,0
..,0
HIDe 3,0
y ehi,0
ekes.com,0
i ehy3h R Bitu,0
19n,0
www.BittusharmaJokes.com 6-7 y qIq Tqc gc q d3q  y8I: H! $ HI 3I8 3i f?qIdT a IyrPt 33 Ie IF FPgJ,0
6-7 y qIq Tqc gc q d3q  y8I: H! www.BittusharmaJokes.com $ HI 3I8 3i f?qIdT a 3 IyrPt 33 Ie IF FPgJ,0
614 PRESS DBit Press fr,0
Faku tgcp-itagng-testng-tg,0
500/- 3,0
he 5e R ww.bittusharraiokes.cor,0
om/8t,0
oegee 4 h  Shormd h www.Btushama.ckes.com,0
www.BittusharmaJokes.com H 3JPUh H b IrJkUUs Ik I dJ JPIrh lft I FhI8,0
Battus aniakes Batushard aV q...,0
KKRa RCB RJD Bittu,0
hyh P,0
www.oistusharma.Jokes.com,0
h Bittu,0
Bittu Sharma Jokes R3,0
f f tsharma olce),0
ihgh,0
wwwbicenshormaJoys.ce Pbeiltk,0
www.BittusharmaJokes.com Indp Fh Hp H,0
e,0
Fb.com/Bittusharmajoke,0
oahae,0
104,0
3333 3333 33. Bittu.,0
2 2 Bittu,0
Fb.com/BittuSharmaJokes PAKIST ...,0
www.BittusharmaJokes:com  The Boss,0
Fb.com/Bittusharmajokes,0
Post karne wale: Posted on: @110616739 ShareChat Fb.com/Bittusharmajokes ielhlla AR4RH ftMemes # GETIT ON # f Memes Google Play,0
www.sistusharmaJokes.com,0
Fb.com/BittuSharmalokes NEXT H i,0
.,0
tt,0
fatt gaar,0
BiTmU Whatsapp Group  A Delete For Everyone lckes.com,0
Fb.con/BittusharmaJokes,0
Fb.com/Bittusharmajokes - f..,0
Rahul Garg ANI Time Squaretfscas FILMIGO,0
Your Life Your Choice BiTTU! Sha'rma Swag www.BittusharmaJokes.com,0
32 seh Bitt,0
h2 IRORRRL f,0
www.BittuSharmaJokes.com 31T ihIp IdP Ip,0
Thlh-Jhee far- - Bittu,0
SBI BANK 1...,0
h y,0
g chh h Bittu,0
www.bittuSharmaJokes.com f dh ff,0
"RCB  RCB i""We ne htat 3a i""We Bittu",0
wew.BittusharmaJokes.com 2050,0
www.BittusharmaJokes.com # 2PUpd H P phI3 q f4 3y faoTl PIPh,0
fb.com/BittSharma okes 8sch..?,0
iihP BttuSharma otss PCoeay,0
naJokes H,0
BiTTUS 3 4 33 Www.BittuSharmaJokes.com,0
a 2h2 h h www.bittusharma.okes.com,0
2 fy   ww.BittuSharmaJokes.com,0
I IPh Ih  rma.ox.se.com,0
3ichar 3y 33 HR? fBittuSharmaJokes,0
www.BittusharmaJokes.com H,0
Fb.com/Bittusharmajokes,0
dI o fdy Sharma t T daT 61,0
800  h e hk f www.B.tt.shama.Jokes.com,0
...9 RR4i Bittu,0
Fb.com/BittuSharmaokes A,0
. 54,0
Fb.com/BittuSharmaJokes 2,0
yass A shf Memesfa,0
aa nh ittu Shma j,0
nh aa ittu Shma j,0
R oaRyi  Ppp Elt3 L 3 hle Shorma Happy_Dry_Day Man! www.bittuSharma.Jokes.com,0
c2h Posted On: @nawalgarh ShareChat fBittusharmaJokes |Bittusharmalnsta si PIe y t yhle hlle #bittu sharma   GETIT ON GooglePlay #Bittu Sharma s,0
PeL Ihh,0
2 BiTTU,0
455 fOh.. Bitt ca,0
Ph,0
Fb.eom/BittuSharmaJok GST 37035A,0
hlle tle *3 *3* hpybhhlla ..,0
q4 Bittu,0
"Fb.com/BittuSharmaJokes i""y",0
COMBIT 1,0
fh HHpen Bittu,0
c2h Posted On: @vikramgupta401 ShareChat BittusharmaJokes O Bittusharmalnsta shacRAc5 I A 3419 #bittu sharma jokes GETIT ON GooglePlay #bittu sharma jokes#gR  #f..,0
Fb.com/BittuSharmaJokes a i2,0
Confirm Dele 35w -Friend Request 3,0
Fb.com/SittusharmaJokes d 2. 3.,0
BittusharmaJokes Bittusharmalnsta yh  h R Ri,0
www.bittusharmasokes.com it,0
Teacher3     BiTTLE Mef  AP www.bittusharmaJokes.com,0
@12345amansharma Coned,0
2021 312020 1159 www.bittharmajokes.com,0
www.Bittusharmadokes.com h,0
"Fb.com/BittuSharmaJoke e yt faif,afn4T ch<) h.",0
"Gourav Fb.com/Bittusharmajokes st ch, Ad fich",0
m farchsit.. h,0
#SendYourMoneyChallenge 3 www.Bittusharma.okes.com,0
j WWW.BITTUSHARMAJOKES.COM,0
YBittusborm,0
Bittu Sharma Qokes,0
hl b Rs-fy,0
Www.Bittusharma kes.com,0
Fb.com/Bittusharmajokes 3ot Jhlle,0
Ph  he  LED   Sh3rma,0
RA .. Bitt,0
..,0
3 thlhle fatat atfa..,0
hK blt ER Bittu,0
h. Bitt,0
Fb.com/Bittusharmajokes,0
Fb.com/BittusharmaJokes Hh,0
Fb.com/BittuSharmaJokes 0,0
ff Bittu.,0
3527441815 2014 3 ch 266 ooglep,0
2h Posted On: ShareChat @imrishabh Fb.com/BittusharmaJokes qlq c yn h E HWJh yP?4Ir?JU #Bittu Sharma jokes GETIT ON GooglePlay #Bittu Sharma jokes,0
Toet  BiTTU 31Dream11,0
iihePh,0
OTTU   www.Bttushama.okes.com,0
3 fa,0
www.Bittusho,0
Idee,0
Bitl Bittu,0
wwwBittysharmaJakes.com h,0
www.BittusharmaJokes.com f f 3,0
- Rattaighsal,0
bcom/BiztuSharmajoke n Me Too  MeToo fh.,0
b.com/ harmaloke ai,0
Fb.com/BittuSharmajokes ff i,0
lah,0
wwu.oittusharneJokes.een,0
www.bittu$harmaJokes.com,0
2h Posted On: @vikramgupta401 ShareChat BittusharmaJokes Bittusharmainsta JrW hlPIIIt RRcolsA45d 1dS p h! #Bittu sharma jokes GETIT ON GooglePlay #Bittu sharma jokes,0
O Pcom/BittuSharmaJokes i K1,0
h.com/BittoSharmajokes,0
h,0
BLEU yaaat Bittu,0
ShereChet fes Bittu,0
@unofficialbittusharmajokes Fb.com/Bittusharmajokes HR ch h #Bittu Sharma jokes  #Bittu Sharma jokes  #Meme's,0
6 . 2192 ie,0
t   w.bittusharmajokes.com,0
@abhishekthakur02 K ** Achoa. ** iigeu y online,0
anurGarg ..! f HUMS,0
a,0
pine 19-20 2020 Bittu,0
c2h Posted On: ShareChat @12345amansharma Comedyloverspage L btI>lIe  #Bittu Sharma jokes GETIT ON GooglePlay #Bittu Sharma jokes #Bittu Sharma jokes..,0
@vikramgupte401 sancat 3-4 itishara oe,0
DP .. 3rd  a Bittu,0
RahulGarg,0
.. . ..,0
191273203 Jhepete chG.. Bittu isVs Boys Grou,0
Raulc com/bittusharmajokes TikTok,0
@soul_snatcher OsranChat BUSHARMAJOKS,0
@nawalgarh ncat Faunsimla h e wittusarmaase,0
wittusarmaase 500/- h e HARRA [OKESD),0
Fo.com/BituSharmalokes 2183 8149 0994 ih,0
liteusha,0
nle h 2   Bittu,0
BYJUS GO,0
inbox T35 SStatis Photo Pstatus Photo F Anna Williams m looking for a two SF.Anyone heard of anything Tom Diaz Mobile Upload www.bittusharmaJokes.com Aharonson<3 lelen Rogers - Romi y,0
Fb.com/BittuSharmaJokes R CID,0
Offline  Online Dream 11a Bittu.,0
RahuhGarg EREALUNGNEWSI 4ta Eb.com/Dittesbarmajokes,0
wwwBt.onamajokes.com,0
Fb.com/Bittusharmajokes,0
yafa Rapp Bittu,0
f,0
# p  l4 F e L IhPpe eiy OQi y FIp>hI2 Bittu,0
WWW.BITTUSHARMAJOKES.COM,0
ff f3 www.bittusharma./okes.com,0
Fb.com/Bittusharmajokes 14,0
2h Posted On: @soul_snatcher ShareChat f|BittusharmaJokes Bittusharmalnsta ht h aa #BITTU SHARMA JOKES GETIT ON GooglePlay #BITTU SHARMA JOKES # #.,0
1 Pm# www.Bttuharmaokes.com,0
Plt Johth IPL Bitt,0
hhin pny hih,0
"@imrishabh 5.com/Bittusharmaioks , tt Sme jos m4",0
H TiRToR  App a. Sokats Bittu,0
RR Wetee? I?4 FHUe f Ib,0
UX 750 lux14 h,0
Fb.com/Bitt namraJok,0
Phh p,0
h  hp Phh p,0
2h Posted On: ShareChat @unofficialbittusharmajokes Phapsh . . Fb.eom/Bittusharmajokes L4Uh-EJh$It TeT..? #Bittu Sharma jokes  GETIT ON GooglePlay #Bittu Sharma jokes  #Meme's,0
pc2h Posted On: @vikramgupta401 ShareChat f|BittusharmaJokes Bittusharmalnsta a 3-4 #bittu sharma jokes GETIT ON GooglePlay #Bittu sharma jokes##gR.,0
nl 1PH 4p 1ht ch$d ad qiq ahr.!!,0
P  h Sha.rma p carma.okee.con,0
Fb.com/BittuSharmaJokes,0
R4,0
BittusharmaJokes,0
e de?,0
2hh Funky Life  h2,0
BrandLogo,0
"BrandLogo i""e Bittu",0
Hara eeal,0
Simrishabh SuarCho N-95 h Bittu,0
3Memes a A Bitl,0
Bitl A www.BittusharmaJokes.com 3Memes a,0
PIH,0
E2 A9,0
2h Posted On: @155335970 ShareChat rioaltceNaanenkes . #bittu sharma jokes GETIT ON GooglePlay,0
"6,6 a. . q..! Bewee 3",0
Fb.com/BittuSharmalokes 2,0
wwm.Dittusharm,0
Rahul Garg Fb.com/SittusharmaJok,0
SareCh IPL CCnB Bittu f A,0
com/B narmajokes hlhh .,0
ihp bht Sharma e  H www.BittuSharmaJokes.com,0
m .. Bittu,0
Meme Page  ch Meme  Bittu,0
2h Posted On: ShareChat @520929162 instagram@haryanui_chora1 3 ychT #bittu sharma ke chutkule GETIT ON Google Play aldi bhar do #bittu sharma ke chutkule #..,0
www.BittusharmaJokes.com,0
Bittu,0
www.Bittusharma.okes.com,0
www.Bistusharma.skes.som 2020,0
22 ww.BictssharmmaJetes.som,0
2 45 9hh fa... hb,0
Memes Bittu,0
chfa Omg.. How Cute. Rip English Bittu 4,0
www.siatushdrma.Jokes.com y,0
"ChHRT,",0
rmaJokes,0
3iff Bittu,0
h        e  t p   tt www.Bt.onamajokes.com,0
"2h Posted On: ShareChat @bitttu sharma 1000943  ratio57 ... 573 3 yogi ... 9433 f BittuSharmaJokes ##Bittu Sharma memes GETIT ON GooglePlay ##Bittu Sharma memes #A meme""Tea",0
Hi.. 45 33 9h9yh fBittuShar,0
1000943  ratio...57 573 yogi ... 9433 BittuSharmaJokes,0
122,0
Bittu,0
alea fga 3Rs g 2a9  pbltkah boltahindustan @boltahindustan,0
5 E   59 www.bittuSharmaJokes.com,0
hh RR chfhchc aRye heple hlbhE,0
24 RR chfhchc aRye '3R iaR deh Bittu,0
Bittu,0
Bittu,0
Double #CoupleChallenge,0
Bittu,0
500 BI 15000 QGiiigme,0
Fb.com/BittuSharmalokes hIhh ON WhatsApp,0
Khbe bib www.BittusharmaJokes.com fe 5/- f 15/- 10% aldd 49R 20%,0
www.BittuSharmaJokes.com Hh,0
Bittu Sharma Jokes 13October 2018 222 Fb.com/BittuSharmaokes i 4.4K 60 comments 1.3K shares,0
"Fb.com/BittuSharma okes HT$ 3IqA TV 3iR i""hIH UU",0
www.BittusharmaJokes.com Ie h Ph JIr q alyqcfa fach 4g $..?,0
fBittusharmaJokes Bittusharmalnsta iPhone f f   Redmi,0
Fo.com/BituSharmalokes 34 2183 8149 0994 ih,0
"e fs ATRIMONY   Chatterjee 37/5'7 yoga practitioner Share handsome,fair non-addicted, advocate in high court - and researcher Lawyer family having   ehie ah present.Village house 3 hh in social media YHS qT qI4 Rhis 3il a T$?",0
You have done this at least once Bittusharm 10099,0
Appwalabrope q5 A dRRT qR IPI cT GeT 3IT E,0
RahulGarg Fb.com/Bittusharmajokes TikTok,0
3:44PM 4G Search Bittu Sharma Jokes Jun 7 at 7:23 PM 082019 / Fb.com/Bittusharmajokes ehie a4  QA al Like Comment Share,0
"Rahul Garg -b.com/bittosharmosokes i""kPt FIEMIGO",0
RahurGarg f|BittusharmaJokes Bittusharmalinsta 15 FILMIGO,0
th.cond R,0
na b.com/Bittusharmasokesx eh FILMIGO,0
GaGals Fb.com/BittuSharmalokes iiii'slt,0
Fb.com/BittuSharmaJokes iy,0
@nawalgarh iy wbitt sha   Gog,0
y,0
com/bttu majokes,0
Fb.com/Bittush,0
Fbxcom/BittuSharma okes .,0
.y,0
h |Bittustharmalnsta d Biztushanne oke,0
|8ttusharmaJokes O|B-ttusharmalnsta ffq,0
"b.com/Bittusha i""e",0
Www.BittusharmaJokes.com,0
@vikramgupta401 . #bitu sbarme jokes,0
Fb.com/BittuSharmaokes Nice Pic Dear,0
Fb.comyBittuSharmaJokes ch hch ghch chch chch,0
"2h Posted On: ShareChat @155335970 dW htH e fa SRYRAR 1 i""hnlle #bittu sharma jokes GETIT ON GooglePlay",0
@unofficialbittusharmajokess Fb.com/Bittusharmajoke t Sherme jokes,0
ya . 5-10,0
Fb.com/BittuSharmao .,0
35 65 f Bittu,0
www.oitcusharmaJokes.con f Sign,0
okes.com LED 2 2,0
EOVAC CKALLENSERS SANSACCRE 4 2020 Point Table   h,0
ttuSharmaJokes.com 6-7,0
pIE EP KIh?P RFRID,0
SAHARA SAHARA-,0
LUMINOUS EXTRALONG POWER BACK UP LUMINOUS Invertast www.BittusharmaJokes.com Hq 3Ei yed t q  Luminous -dc I  DE,0
ibe,0
"Emirates w3mirchicom ii""?4 Ihb H9 e C-CRICKET.CO NISSAN",0
"epsi NISSAN PO C-CRICKET.CO #WT20 Emirates Isdar NI otsta w3mirchicom ii""?4 Ihb H9 e",0
IPl Ka Josh IPl Ka JoshDil Main Lekin Exams Ka Bhi Hai bukhar Match Main Kisi Ki Jeet Ho Ya Haar. Par Ham Indian Ha Cricket Ke Is Jashn yaar. YES BAN ASRAN,0
h-h eaaa aee  a eh-h yeger d e-ai .,0
31 GRG quy a idl gdc fo...,0
cheeku g Ry g t Fathers Day Point ee g,0
w3mirchi.com 162  at 34RT 9R4 w3mirchi.com,0
h.,0
pst NISSAN PO C-CRICKET.CO #WT20 Emirates N Otst iie,0
e,0
RVCIE fsfa faf,0
p>cIhh q +hPP giy a !,0
RVCE ffc...fa 3 ostox SCRED yartfoitaet,0
"Beti tumhari shaadi wagera nahi hui kya Shaadi to nahi hui,lekin wagera bohot bar hua hai",0
lF`tJ  h$ IE >h c9 TENGE 6650 NZvIND 188-6 P344.5 FERGUSON 3359 NEED52 RUNS FROM31BALLS 00060,0
RCHES 2,0
3 h 3  ipgR,0
astcaht  ipgR h 3 3,0
RVC nn,0
l>h Lp IhIh S[,0
JORESTER In Gali cricket,0
s #THANKYOUYUVI,0
900000006,0
www.w3mirchi.com AYAES DRESS,0
2,0
@Hasi ka Hungama ii,0
-3 ol-Tabbacco wedy -  c.. GuestBlo,0
qiPhoneX 3Makeup  -Makeup Face Id  Password,0
66 Ai,0
Okescot.con Ans: Seon t,0
RVCI,0
h Jokes11.com,0
@148285385 h2hw DARA ficial_Pn_Peashar,0
Mantra 3 3 .,0
SAYARA qGRdq f c 3g q q  265  q3t a dTaR aRHT 3G aT AT g GIgT: 3HGrT acc!,0
f. 5 A. Oh my heart you are very simple henceyoutlcyfo nothing and aftermeeting these beautiessyou-yill UMHARE HAWAsuffer alot..,0
dd JMU 3 IND,0
h e   ffc,0
U Ph Inbh t rJJokes.cem,0
299,0
a WRITEYOURARTICLES.COM,0
ca Ice IP$Ie TikTok,0
ndia vs Pakistan:7 viral jokes,0
Tle 2sI lptb g at  hIE FI 4 b,0
Solve This p0Ih2 2h 2 www.duniyahaigol.com,0
. iie-h www.duniyahaigol.com,0
Rqch3och Rochfch 2h,0
Hindi Funny Jokes Do Pagal cricket Maich Deh Rahe The Player Ne Cakka Maara Pella Paagal Bola waah Kya Goal Klya Hal Doosra: Are Goal lme i Crk Men Hota Hal,0
"Wife TV par match dekh rahi thi, husband smart banke aya or bola DARLING MEIN KAISA LAG RAHA HU?"" tabhi wife zorse chillayi CHAKKAAAA!!! http://potbharhasa.blogspot.in/",0
RVCI fa fsfsf,0
-,0
F le fFunkeytune@ P hb bp hc,0
2 2 kat all,0
3R,0
hh  h bbbPb2phle www.duniyahaigol.com,0
bbbPb2phle,0
SAA,0
RVCS #2 Hjh hlE 3y2 k2 lE,0
hlh9h  FL h9hh,0
q4 JOKES,0
INDIA # d4p2,0
offea,0
World Cup 2019 1-/s 2-aqfv/sR,0
H BINI hI bIPe,0
19R cT e Ph 3c  a HchGartI w3mirchi.com,0
f HindiSatire.com 3c,0
f 3c HindiSatire.com,0
Mag after Result RSJOKES Maa Beta after first cut offlist,0
ff enaff afgrorat  f cf afcr et tf ean,0
RVCA Cagfasfe 21,0
funinhindi.com fa cc,0
R oultimate iokes,0
kes 3 ? Jokes11.co,0
R3 S,0
itc Fun fFunkeytune@ S4 AAg 4t 5dI the3t $ q1S A<T RqIsf a<qT 2,0
ipRCB,0
5. he Fp 244 G4IGTERT OPPO  >jIh,0
hs Players h,0
3 3MUTE3 SIDDHUMUTEC,0
"jokesmantra.com Acolt: go yer fo fbpe dd  I ?$ ? Ie ""I 9e  h    h 3",0
162 waleirchi,0
f3... 1. 2. 5. 9 7.3 8. 9.g 10.,0
3,0
hsh Players f,0
3Mrch HUM KOHLI KO NAHI BANANE DENGE KYA KREGA BE! HUM 10O SE NICHE OUTHO JAYNGE,0
b2 alh Ee h JOKES,0
S 9hP hh Ih lhle,0
-3 2003 fta-a Ph faaf 061 Allout www.duniyahaigol.com,0
hph hh,0
okes 8-10 zicnsl1.cor,0
JAAN!!MAIN TUMHARE NAHI! SAPNO MEIN AATI HUNA? KYUKI MAIN HAR RAAT HANUMAN CHALISA KYU? PADHKAR SOTA HU SA M\rch,0
#ta,0
Rjjokes.com 3,0
hblh  Fu ... 4,0
APRID S,0
l  f dgdan,0
RVC,0
upstox upstox SAF fcf,0
Jhehle fay,0
3,0
P9h 2pbP Pafat JOKES,0
India-India facd Pak-Pakaff   www.duniyahaigol.com,0
aftusTa RE,0
Indtoa-uayPteturs.com .com ann h apan t fc f,0
is ne,0
1X,0
@445236649 HRRasy hlShSch DELHI S456 t #cricket jokes,0
RVCA ffcf 11WCKETS fa,0
12.4f f,0
aai  i 3 33,0
SUN fFunkeytune,0
RVCA AIL WV f,0
Breaking News nle le? slp,0
t af aia a ce  #foree ne,0
qg3a JOKES,0
yaa .. .. 33. GuestBlogging.Pro,0
RVCJ 1055 1035 44 3f .t.t.w,0
HRtfR A/D  Phlpltt mastjoke,0
esh.agare    a7   t  3 33f,0
HDIA PAKISTAS Haet!,0
www.rajnikantvscidjokes.in Afridi:Rohit ko200 nahi banane denge Afridi : Hum 190 pe All Out ho jaayenge Misbah:Insallah! I must say Afridi is smart*,0
oCon P 3. IPLR w3mirchi.com,0
siH CRICKET  1 RT MEDICAL REPORT   EMATCHES TSCORE   OSantaBanta.com,0
TON SNAINN qRdnT a ac $G  q3qs[ aiT,0
thtlc lhlE tUlEs G3 ET t hll lhte IGFEELTHEWORDZ,0
IPL INDIA Jokes www.akadstatus.com he mallyaa,0
-h hc Catch yasl-Chatch ys hhhpp duniyahaigol.com,0
.. 3Mirch rchl.con Hp jsh 2,0
"WRT-AT, ICI- m VB",0
dRE FaceOfCricket  PI   D bsd ?? 3 P Hadl FaceOfCricket:Cricket News & Cricket Jokes,0
JokeScoff.com,0
JokeScoff.com    aP5T 3 qe 7 q tlB 1Fln3h] It JokeScoff.com,0
2h Posted On: @srrajpoot ShareChat instagram@HindiJoke ICC IhIIb #cricket jokes GETIT ON GooglePlay #cricket jokes,0
45 35H f i'tP?e,0
3Mrch w3mirchi.com TV t Brightness   a,0
Ph  s,0
HSPeHHPHH h h LHie  iPIe THE 7bCYLINDERCUP INE ILANKA 3 eye ee Cheers!!! fwww.facebook.com,0
pff 3 IPLR w3mirchi.com,0
n a 7 n y,0
Miren et,0
..,0
cas f,0
16,0
R f fs,0
RVCE ffa,0
@Mirch as 3,0
9h phhlle,0
RVCEE -0-20-3,0
Jokesme.com y 31135.... coll,0
Patni: Pura Din Cricket Cricket Main Ghar Chhod Kar Jaa Rahi Hu Pati Comentry Ke Andaaj Men:Pahli Bar Kadmon Ka Behatrin Istemal LOLChutkulecom,0
epnpern,0
RVCI 20203 SR,0
Am GROT faic IPL epnpern vijay mallya. HRT hT F $ q19H w3mirchi.com 3Mrch,0
RVCS 1-0. JRN OR HARDY F,0
2 Ib>?h Le P?Iht at U4 PE 9I chf t f ch? P>Ih hn 2 L?Ie h>9HJ La JOKES,0
Hcb h,0
Hedld LOGH w3mirchi.com 3T 6hT  $1 IPIE pr I4$r 3Mrcs,0
Pehh HalleEgEgh GuestBlogging.Proe,0
qhh. Se 9hh  q at a  ach 3f ARTICLESBILDING.COM -NFEPSORTW.FSEEROOC.OSMARTECESSKSING,0
RVCT Hh MT,0
MUBARAK HO BHAIJAAN SHAHZAD HUM SAB KO BATTING MILI,0
Ra h. h3Tf 3layfasya iiih,0
3,0
SOHF SIC,0
He  f  w3mrchi.com,0
h pPethe 33 tth,0
RVCE ffa,0
JOKEof the day g f Cricket-Cricket. fCommentary Ke Andaz Me,0
dhh,0
R,0
dh9b,0
dh9b,0
2 it taish- s,0
9tqfa- erfafacfaa 122 qfa dealscda 3000 RRAYARIDAAHN,0
IPL CsKai y faca a  f,0
RYCA 1KES,0
h h  ie p d 7*CYLINDERCUP,0
Jatessms.n J44....,0
g  9  bb  WIS OIr 9hH9,0
Catch -Chatch  afCatch3iyh hn,0
Rohit Sharma :I love you Girl : What can you do for me ? Rohit: Mai tumhare liye Chand Tare laa sakta hu Girl:Really ? le ke aao ODHFL Rohit Brings Aditya Tare and VIDEOCOn Unmukt Chand from MI team 3Mrchi,0
gde.,0
h PP RT...!!! mastipke,0
3Mirch .. zero  out,0
olycc 2n,0
333 Dh For Mobile Repairs Call 02242763636 Mgcare,0
"PhheR Ib D?lIt t h4b RgJ HS q$r Game arnr, World Cup at sla 'le w!V Lb D?IIt gPrebie",0
. eab,0
@arbaz7 shareChat #paltar e aapal_cricke he gps e  sdfo fe fa,0
bbh hbh Sms,0
w3mirchi.com 3 IE 4S[B phlHt IbHP,0
PL Wife PL,0
hPh,0
IPLUP 13h dh I 5,0
JBYI WWWAKADSTATUSCON .,0
HRR 2-2. f,0
3.     33,0
COAD .s,0
PAParis ..,0
h Jokes11.com,0
IPL Jolees www.ahostaho.com yyy jh52,0
142 ph  hlgeeDe  JOKES,0
ih,0
4 c3 3,0
. y Breakup  FL t,0
AB TODELHI BHI JEET RAHI S CRICFITE HAMARA KYA HOGA?,0
agram@Handijohe,0
3 3  H GuestBlog,0
You don't worry My love,0
3P Ihlleyt fGuestgging. c,0
# www.duniyahaigol.com,0
Raa  y$ a  a  t.,0
"ETIAD AIRAIE ROHET    a aaR R  ac Jedr, aac aiR dsa aa... 31dot ac 3iR Td it gat.",0
@Pakistan ndia Tapori Baba,0
afatag Star,0
P 500.. rirchicne 3  hh p h P,0
2,0
33,0
3M rch hB$hb IND w3mirchi.,0
IPL  vijay mallya T T  h w3mirchi.com,0
9'y?h Fy kPq] hD aga  i Aoan RJJOKES.COm - qc sals foc qis RJOkes.cem,0
Funkeytune  a Hhy,0
R 3IR For Mobile Repairs w.fonecare.in Call 02242763636 necare,0
ers eae,0
RVCSE Cricketer gCaptain  Demand  f c g - Shot ft Dive  WordCup faag,0
5t o-T ee s a iq  sa u as ehc e e e o Qs p,0
4,0
W3 M\rch DIAA - VDECCOn t...Rc w3mirchi.,0
BORIER-2 RELEASING ON 18TH JUNE 2017,0
AAP SAFELY LIJIYE NA SHE MEANS SELFIE SCOOPAHOOP,0
bh9,0
n 1. 2. 3.$ 4.c3 JovesWola,0
3,0
"Afridi To Misbah. www.ran antseidjokes. Chill bro,itna tension mat le,waise bhi aaj tak kaunsa match jeete hain India se World Cup main.",0
CricketStatusin Hind Englishiocecat CricketLorertates Sta uolsi snlelc,0
q   i a f aCT aR si9 H a 3H3i!! -     a H  a  a   HIT illThle Deh Wen,0
des a  an $H Url I5H h Dd(h$e,0
h iey -i kes 3i.-yi johdens Jokesll.com,0
Ihavea Hey nice DP boyfriend! Change karle DP Chudail lag rahi hai,0
3p  f . 3 GuestBlogging.Pro,0
2 P p2,0
Wife- 3 WEDDING ANNIVERSARY'.! Me-3t  .32f . MOKES,0
e  LIF e  4 h9h,0
g 3,0
h,0
9RI Entire Political Scier,0
h,0
.!,0
FB/Funky Life .com,0
1  PM c #M,0
-,0
FB/Funky Life .com,0
onasdasia 3 38. e,0
h H,0
Pe Sule Jals SHE,0
Marc 19,0
h,0
Nle  Hindi Troll qUR,0
.!,0
2019 DONTMIS,0
1  PM c #M,0
FB/Funky Life .com,0
'128 h VOHEUM,0
9 9 19,0
E POGO er Thanks Dude!! Yeah Chota bheem S,0
Krishna SAttai_Ershra Chalao na naino se baan re Jaan le lo na jaan re..,0
INDIAN - aRC R,0
DESH MEIN MODIKI KOI HAWA NAHIN HAI..! ABEY-HAWA HAI MUFFLER UTAAR KE DEKH TOH PATA CHALEGA.,0
Funny Modi Ji,0
Hindi Troil,0
a3 Modi Rahul Gandhi Funny Video,0
PM MODI,0
..,0
mh 2h Le hlle,0
3mirchi.com,0
3mirchi.com Troll R-he,0
Mrale Irhwg aa Teehhplagle,0
en3eheeoo3s yw3 eln  Jonae s wOmirchi.com,0
"""AAP"" MAIN MAIN MAIN ASLI ADMI AAM AAMIR AJEEB AADMI AADMI TO AADMI HUN... MAIN",0
afbe 3d a afoay Ra ait.ey. w3mire,0
www.pjpatakha.in 3R 14H141???,0
Result  ss. H,0
Mrale Irhwg aa Teehhplagle,0
RAHULGANDHI,0
Hindi Troil,0
f f3,0
a a A,0
WRA e.co '192 h,0
mh  h,0
VM T h,0
g 3,0
onasdasia 3 38. e,0
oqac,0
3EVM fbrhdade,0
in Delh 2015 2020 O G,0
e,0
3h S,0
-,0
Ph,0
3 esai,0
w3mirchi.com 25 3R 60  3,0
IE g J3n 2IcE i lp .25.1P 3 h3-!e i I2p 2R,0
9RI Entire Political Scier,0
e2,0
Raj anand Grajanandbip Follou - hh 3 . dt #Mayawati #akhileshYadav #SPBSPAlliance,0
#AkhileshYaday S.#Mayawati.#SPBSPAlliance dd 512,0
-/0hh qR f,0
TETET.,0
... # LNG  Nala Gas,0
5000 0  al 600 -12018 Ia lelle,0
"Result a  I don't hack EVM, hack hearts. TERAHJALWA",0
#aLad pe e,0
12,0
p poph Lphle b Hindl,0
3 e3f3 af,0
Who said this is Man vs wild This is,0
mh  h,0
epog,0
Ssa,0
o  mh  h,0
agla,0
.!,0
3 Income taxy,0
MY REACTION WHILE TAKING SELFIE WITH GIRL BOY,0
f,0
OMHAADULGAO tak Hye tation odi,0
tg 3is3,0
docs.google.com C F1 AREY YAAR MEIN TOH MAJAK KAR RAHA THA ULLU BANAYA BADA MAZA AYA!,0
48,0
25,0
AR,0
Rahul Gandhi counting the votes of Delhi elections 2020 AAP AAP Phirse AAP!,0
Mrale Irhwg aa Teehhplagle,0
NU h ee l iii n Pb he hh,0
LOKSABHA CONSTITUENCY INDIAY BANAYAD JS RAHILGANDH PPSUNEER,0
Ye apne aap ko didi bolti hai o Ye BC Desh ka Youth Icon hai INC,0
ale   ale l ne s,0
12,0
.!,0
faataa 3Rgdt. 3dt at .!,0
staft aaa,0
en3eheeoo3s yw3 eln  Jonae s wOmirchi.com,0
H H,0
25,0
*Le giGur!! PunjabiDharti.,0
tg 3is3,0
ACHHE DIN MEMES,0
ACHHE DIN MEMES,0
a a A,0
HRI aSHGR hh  odd Even,0
Fb.com/BittuSharmaJokes h2 3fa,0
h,0
Vella    f fhefot ce,0
www.pjpatakha.in @PJPATAKHA,0
3 P,0
Icg3R,0
L    Phh hPp!z# Ihla e,0
3licpci  cisfabe ail samsung Hc,0
GF  valentine a,0
2ne aerararer erri Fb.com/MohanShekhawatPage RARICh s..,0
20193 Fb.com/MohanShekhawatPage,0
ch,0
bP2lh H 11,0
thl . Funky Life h h h h,0
Fb.com/BittuSharma okes h Nice Pic Dear frg,0
HAAATT!,0
nNT Joke,0
2,0
2-h ** 19 3 92 199 1:04 PM,0
"Jaa Simran jaa,he is a responsible citizen TheIndianEXPRESS",0
Ma oorlo nimma kayan emantamo thelsa? Emantaru? -Ni amma....,0
WWW.HASLEINDIA.COM,0
dn e h n en,0
h2 t     h g,0
3  g 2019,0
OF PA PARAS official_Pawan_Parashar he,0
"""Bohot Hard,Bohot Hard",0
Blurky Micialn,0
t   . Faky_ulfe,0
HindiPics.com,0
"yET.. ""ee .. -h **3",0
h,0
e e HIqq l o  f  R,0
bestie ohyaaro.co,0
135,0
Kids Have Gf Men Have Crush AND LEGENDS,0
joke C/accemass Men Have Crush ACCUMASS,0
December o.a   2018a A .. 2019 JekeScot Happy Nw Yea,0
fqa fa,0
5 i n s JCB,0
hht 3 4. 3,0
AAARE aledlg,0
Election Campaign starts for 2019  2lb  FlhP 3Tq aT qR RIEm Jiet... www.HindiTroll.in,0
OOiliepe,0
VIHAL INC 1. 2. 3.,0
a   aty. UN Feny e.lt  story Ask me a question.,0
4 t  achhestatus.cem 3 34GT,0
"OsmPic.com Jab tak ye khel khatam'nahi hoga, appun idhar ich hai.",0
3ff2f faigfaaaa qRf,0
Log on ZeeHindustan.TV,0
is App Lock,0
.. @majaktak32  Love You  af,0
atg,0
HindiPics.com ihk,0
f,0
Friends- fh4. Ve Nojoto Virat Vikash,0
Amit Shah mode  5M262019gp,0
sa fgf fsave. hb hhe,0
45 R INDIAN-RI j hopach,0
- UPSC BYNEVS1SNN A3201919PM Madhya Pradesh BhopalWife Husband Divorce,0
ardedu Byeysd 9,0
p 40?,0
ohwaaro.com,0
a Breawe,0
$??,0
"Daya YeDarwaza Tod Do Sir, Ye RefrigeratorKa Darwaza Hai IseTo Chhod Do..",0
ihh  hhgP,0
fhechk ehh 46,0
ME_1AX q 5OOO,0
6000 t ftf contract,0
...t3....satyaprem sir nojoto T meaning BTA rhe. Nojoto,0
BF GFgf question   BF? GF,0
t...,0
When someone gets you all the seasons of Game of Thrones JOSTI HUMNAP,0
f h,0
i Joroswale,0
kiBetiKi Chahrye Haath Ladki ka Spar,0
Hb9W BHh,0
e  IPI  Ihlh ch fy TikTok  HRT,0
aa,0
Bhai dhokha ho gya dhoka.. Kaise bhai kya Ghar se books ke liye paisemangwaye the.ghar walon ne books hibheidi!,0
"Samosa khayega? Nahi,Aaj Upvas Hai Mera Bhai mere taraf Meethi chatni se hai Dal ke laana",0
How Much DoYou Love me ??? 78.00% Why Not100% 28GSTon Luxuriousltems.,0
*When ur best frnd starts ignoring U* Rishton ke bhi roop badalte hai,0
3 h h,0
h PI,0
e9n,0
t8-Feb tPrapose  e April t  t at Cool. April fool... Happy Propo In Advance Valentine Day,0
kurukshetr university Passing marks,0
WWW.HASLEINDIA.WORDPRESS.COM,0
- r,0
SAB PE TEAM INDIA SAWAAR HAI! Whatsapptext.com,0
NDIAN BUBBLE SONG COMPILATION!,0
hT Entire Political Scier #,0
34 5a,0
- Bra  -a Brah fa- Underweear ch5T 9088898,0
9088898 Underweear f ch5T - Bra  fa-,0
Beta.ek zamana tha num bhi gareeb hua krte the,0
H3.,0
a o  s a a o De   Iele ghlle Happy New Year in Advance,0
Prchl 31c birao,0
Nle  Hindi Troll qUR,0
Election Campaign starts for 2019 . www.HindiTroll.in,0
www.poetrytadka.com,0
2hh Funsd 2hh,0
3f f,0
. ha....,0
The irionEXPRESS,0
y  h t t  Googk play,0
ell ne chee,0
@Hasi Ka Hungama,0
HR-  R,0
OCB LOST INFINNLS KAEL,0
Sasural MeMe Bhosadika,0
Me MeMe MeMe MeMe MeMe Sasural MeMe Bhosadika /MeMe,0
h. i,0
Bhaiya Captain dikhana Thode saste me,0
3-What is this? 31 -What is Dahi? -Milk slecp at night and morning become tight,0
loveyou SorryIhave HANDS Sakhti dekh rehe ho lounde ki,0
Regd.No 1535210  ...,0
suhagraat hai ghunghat utha rha hun main.. Bhai update dete rehna hum onine bai,0
Phe  bh   Hs f. .. y yt,0
Rjjokes.com 3,0
"Ab bhi Time hai, SUDHAR ja..",0
Biggest confusion for 90's kids!,0
RCBfan,0
R... 9h namoian.,0
F8.com/TamizhanDaa Fridge'la Iruntha ChocolatsEnga? Bro/Sister Athey Dhan Naanum Kekkuren.,0
Last Bench Student  Question;- P h,0
2040 ik n ee pahie #PUBG e hh o e,0
yar yeah JCB ki khudai dekh k kya milta h Nasha hota hai bhayankar daaru se bhi bhayankar!,0
*RCB *Gayle Pehle aukaat bana. fir aana *RCB *Gayle,0
Abbey Chaand pe.hei mei,0
Kaisebhai kya heannh Ghar sebooks ke liye paise mangwaye,0
IPhlle *Le aiGar!! PunjabiDharti. Seareh In Play & App Store,0
1G fft,0
freepngpics.com Whatsapp  At asll...!!. Rlaic : Joke atar ! Rger ziiet : Busy  PM ant #,0
h y Hi t  .,0
"Happy Women's day to our comedy star ""Pappu' 304",0
"No,that wont be possible",0
oppoo  fta,0
Baal Diwaski Aapsabko shubhkaamnayein! For the people who were waiting for their favourite BalDiwas photo.. TheIndianEXPRESS,0
The and,0
RUaR:,0
Rf  Art Hoppy Friendship Day,0
h,0
IP>2h,0
Ph 1947 h 3...,0
R h 2h .,0
@pappu_ke_papa 3,0
"Hg HJakesd O,c2 P e 1e2 n12`i, '3d, qat eiu art geen"" ose",0
Ladkiya Har Kaam Soch Samajh kar Karti Hai,0
749:44PM Instagram Log in Sign up eow H42519 . 24 R 900 .. Snd swe,0
e fafa h,0
MyExams To Me Aapka Dimaag Toh Chal Raha Hoga Lekin Aap Kuch Soch Nahi Paoge RVCJ Aapke Kaan Toh Khule Rahege Lekin Aap Kisika Answer Sunn Nahi Paoge Aur Sabse Badi Baat Aan Sab Kuch Padhke Aaoge Lekin Paper Me Kuch Likh Nahi Paoge,0
ff hl Net- h,0
h   ha ha ha! 3it   ah ah ah ah!! h,0
"Aajkal ki duniya me sache,shareef aur pyare dost milna bahut mushkil hai. Mai khud hairan hu tum logo ne mujhe dhund kaise liya",0
WHENMOMSCOLDSYOU IN FRONT OF KHANDAAN,0
1phbmh dmh 2019,0
R at g . Jokes11.com,0
nnh R.ff,0
fhf Nojoto Vishesh Tiwar,0
Si,0
e e 3,0
online rar offline ERT Digita,0
chis App Lock,0
3R a ic R df fl T QR AC T H oel qd5 Rn5 5odI<DI 5oI@DI rc f  d,0
Couple   hh .. eoeeeeeeeeee,0
ayaer,0
2G 4G,0
9P 0000,0
2019 s ..  M tts h,0
S- afay..? q.3 3 hhh- -y.aa,0
12h iii  Mylndias,0
3 R... 19 iiich0,0
@BigbossPart02 After watching Aishwarya behaviour Viewers Ithuku Antha juilee eh paravala da,0
2h see,0
... 3 a ii royto,0
ie Chal beta joke sun iyb,0
SMILEWORLD.E SMILEWORLD.IN 1121 .,0
eeses,0
MMnhpp,0
2019PM eph pgelee n e hle b,0
2019 3gte? w3mirchi.com 22 fe ait aree ded sestt...,0
2f f,0
h,0
Science Students Be Like BADMINTONPLAYER? 2019 IT'SPV SINDHU...!. w3mirchi.com 22 fe ait aree,0
Munni badnaam hui Darling tere liye.. Aisa Kheech ke Lafa Dungi,0
hyh. h..,0
9h DAZ Dazz comedy officiallimsta FE,0
"TET. HCT, fgqa.?",0
1.E Mail 2.Female Oii,0
-10 -20 -60,0
members q y  R4,0
freepngpics.com  ye ye     ay yu Ra q TH*A #t APe,0
orBOY HARMAMEMEZ 0000 PUBG Real Cricket Mini Militia Fir,0
E funng mashup,0
JR,0
neechey se check kar...neechey se,0
hb,0
3,0
e e jeb h,0
TOWEL,0
2 2 af HiN FFmyHn_bate 5-6 ll hlb,0
3 Idiots Boy3:3 p12 tat. cl...,0
3 Idiots Boy 1a..tat t.. Boy 2f.tct Boy3:3 p12 tat. cl...,0
Rd Fb.com/MohanShekhawatPage il,0
#CloseEnough #IFA2019 #lFAAwards #iifa2C #IFA #IFAAwards2019 mRofiGandh colors WIZCRAFT,0
f hhhh ohyaaro.com,0
Exm   hpr hihe x69n 85x 12,0
ii,0
TT- h e h TTf yar ry TT- 900600n,0
HsRy3 iiaulytWma,0
"""h KE WW hWp Teacher:- pe yo ? h Student-3  subject",0
..... . he,0
"i""pnne",0
They 4C,0
csas h,0
00 HixonFun2019,0
3 i BIOKESD Cou,0
D2018MEME CALENDAR acmavet JANUARY FEBRUARY MARCH APRIL MA JUNE JULY AUGUST SEPTEMBER OCTOBER NOVEMBER DECEMBER,0
sanket,0
qfy 3q c  t aft. R at. schaet.. ph hle   Phe pg  .,0
hd e h h,0
e hd h h,0
RTat Next M No,0
Inihllb .,0
10 ai?,0
cing to get married 5 Wo Indian ladki se shaadi kiya toh baaraatmein naagin dance karna zaruri hai kya?,0
hmm hmmm Nojoto kjlshuklaangel,0
SRK showing points table to RCB Sab Match Kaise Haar Jaate Ho? fans.,0
P h hlE  fos,0
Rt? h,0
hlle lhh,0
Bhai waha kya ho rha hai n -JCB Wahatoh,0
Good Morning Babitaj Durse pehchan lete ho aap khade khade Are Wahh Jethall Bade,0
. UNK SOFE,0
# sch,0
4GData Phone T Signal Coverage Offline,0
fa  Proe7 Hi FFmy_Hnd_bat  a  nlne faar,0
T-t gt.. 2000 2010-107 2019-255 2025-5  qqia fs,0
10 Years Challenge,0
bestnow..n .Rf  Good Morning,0
GOOD MORNiNG,0
ancnanDatepeGP Arey yeh kaha ekar ag agl..Logamarte hae,0
340 2,0
Indiama #tiyo ki kami he ke,0
f. hp,0
P9nh2 3 ?? 99990,0
t t  ee  Eid Mubarak,0
Funy Le efical 530 i,0
Niche aaja Rajnigandha Khilaunga.. Galat Aadmi ko bula liya tune t maa k7c,0
3 R ohyaaro.com,0
Hcha,0
2019 DONTMIS,0
yyh,0
be-m,0
h-hh ene-h -4 . ee,0
art kttioo,0
+ =3 sh+a = chsch+c = dchsh+ 8000,0
s g  at  3,0
"Mankish g You and yn ""g-LOL Ro raha bun maia Mawkish",0
s  A a  Funky,0
3R!.....3gR t3R....satyaprem sir nojoto hT meaning BTA rhe... Nojoto Anjali ahir,0
R,0
y2 3,0
Tere bhai jaisa hallibat,0
Result  ss. H,0
One Side lover t  f  Result  ss. H,0
t Girlfriend a Boyfriend  iPhonex frd.... w3mirchi.co ababu .. fs..,0
atat  @funhindijoke www.funhindijokes.com,0
33 Mirza Ghalib,0
fI MISSU3 n fadol,0
World Cup 2019 1-/s 2-aqfv/sR,0
BHEEGE HOTH TERE PYASA MAN.MERA LW AAO KABHI LUCKNOW ME www.fb.com/LucknowWaale,0
H 2,0
h,0
JOKES 8686,0
hh,0
Interviewer- Interviewee-ydr Interviewer-okadrf Interviewee- Interviewer- Interviewee-.. eee,0
HElcallaie nPhoh ed,0
SUN RAHI HAINATU ABEUSKKAAN SEHAATH TO HATA,0
3R n Indian g fix,0
"What'sYour ITrust People Weakness Easily. You're Hired Thank you,Sir!",0
Pratibha diye hain par saadhan nahi diye,0
f more jokes at www.jokesmantra.com,0
@Hasi ka Hungama,0
1980Bank of India Sel f 2010  Bank of India  3.,0
jeans hhh 888,0
When you are friend-zoned PYAR DOSTIHAI.,0
GoodMorning HaveA Nice Day ue Sdar alforg mele      rlie ian @ShayareDesiChamps.com f @DesiChamps,0
s,0
Betaq g Papa Betafas. qf .,0
h PEEh h2,0
-Noun y y-g q-,0
Ulle h,0
2019   feuet e22 f  ee dedlshta...,0
ayo-   fat,0
ayo-   fat,0
2019 .. Happy New Year ale... Han nahi toh.,0
"AUR BHAI KYA CHALRAHA HAI LIFE MEIN? MAA KA AASHIRWAD,BAAPKETAANE KUCH SADGAANE, BAAKI UPARWALA JAANE",0
MONTY MASHUP HINDI 3iR 45gT pT funng mashup,0
3 Posted@ WWW.SMILEWORLD.IN a    SMILEWORLD.IN,0
3 ihbhbhb,0
OsmPic.com tdlhp R gR jcb h,0
hhbb2 .m,0
3 thlle Punjabi Dharti .Com *Le a\Q iihge PunjabiDharti.Com Search In Play & App Store Search PunjabiDharti.Com On Play Store &App Store,0
Pole3 250 31ciqqj ARI Hindi Troll HindiTroll.in qI@RI,0
Vijay Shankar made 14 runs off 19 At No. 4 AURKYA CHAHIYE WhatsappFunnyPics.blogspot.com,0
2GB,0
RI C 3 9hh ff a  SmsJokes4u.com,0
Hhn 3 3,0
gonnatellmy kids thisis dora The IndianEXPRESS,0
@Hasi Ka Hungama,0
hehnytt,0
Jokeswala.Corn,0
HDVIDEO,0
9RI Entire Political Scier,0
2 - at   - - eh he  hh-2 every sunday is boliday,0
Nitesh mann bJe h ht h  g h b   h 9th   1:29 PM - 16 Apr 20,0
uff FUr,0
oullimate jokes,0
MajakTak.co.in Pmb,0
EKTHA TIGER FIR USKE EXAM SHURU HO GAYE,0
"l e  hlIr ""? Flh3 fa..?",0
f f,0
MISSING PARLE R-G Name Prakash Raj,0
25,0
Naan ipo Mumbai Indians team la iruken. OEPNNE Engala eduthu jeikuradhu romba kastham. RR2.0 ARGEL eduthu jeikuradhu dhan enga velaye.,0
Asian Paints 10,0
Fuky L c 2h,0
Chhotamt.,0
toh'shuruhote Majak Chal rah khatam ho.gaya,0
Hhhhhh  25,0
Aur Btao JCB,0
24q aifa 4,0
DANK INDIAN MEMES,0
new yearaff DANK INDIAN MEMES qfaryaia New year,0
New year new yearaff qfaryaia,0
2 Magic,0
nn,0
g,0
SMirch hee w3mirchi.coim ?? 2,0
h Onwrtcece 11,0
868 Instagram Login| Sign up hl fafa,0
f h,0
LOL   33 3 t..? s,0
TOMERA AJPUT& HID KAPOOR TOORNA EDTHEIRB YMRSHAMES,0
3   t..? s 33 LOL,0
. g g  f,0
.comBittuSharma okes Nice Pic Dear f f,0
UniGreet.com,0
"@super.tharki Log Kehte Hain Ki Dil Ki Suno. Lekin is Dhak-Dhak-Dhak ka Matlb Hota kya Hai, My Lord",0
8 21 iy,0
EPEP R he,0
- - Fchell,0
"Bachchan Bachchan Pandeyin Tashan 2008 Pandey in 2019 ""Ekdum se inhone wagt badal diya look badal diya, film badal di""",0
g  Jnicraet.eomd f  Ne,0
qp,0
Bh,0
BURA NA MAANO HOLI HA Zindagi Mein Life Partner Hona ZarooriHai NahrToh'Mann KiBaat Radio Pe Karni Padti Hai facebook.com/indiacom,0
aant! MAIN,0
A Finaly once and or an Modrs Himannkbaat,0
NEW LATEST TEACHER'SDAY Jokes Shayari Quotes Funny www.Rkalert.in frerq faRr R oll anfae RGed acqd,0
"Jokescocc.oom  g- p3h ""31""   n    - aite ""JokeScoff",0
Jokescocroon 25 adt citat Gst  sJokeScoff 50 aat t ar arnrt as 75 Tnry 3e len n eus aa Piea gR lp ue 99% 3 leP c slP RHe D21d  gll . ft 10%  t,0
HR,0
Raaja 4 3 STan H,0
UTTAR e CoM  t UTTAR 7ON,0
"t qt-What is monkey bath in India? JokeScoff s illa""Monkey Bath  bpp c cofifs coff.com  lE 2r g l P I gpnE ) 3t-3 It is Not",0
res ieleh b Jokesli.com,0
M B AKHOLIYA ABA P- FOCor/Horwm Uih-l l2h IE watchir,0
3 aat MODIfiedIndia,0
HTOT pph ithe H ne NARENDRA MODI E23,0
"sfafa TILOVE YOUBUTAS AFRIEND""",0
PaleNTee 25 .,0
Jolces11.com RTa 3,0
w3mirchi.com,0
w3mirchi.com hne h,0
..  - wJokeScoff,0
"whatsspptext.com Prize winning joke of the year A man asked Alia,why Narendra Modi goes for walk in the evening,not in the morning? Alia replied ""bhaiya, Modiis PM not AM +1-614-736-2443 whatsappTxt",0
"Q3M r8h ""LUX GOZI Jele e 3... w3mirchL.com ""og Pe 3RT 3.",0
"Hsta 3tR qt -What is monkey bath in India? JokeScoff Scoff  3t  - 3da It is Not Monkey Bath""But it is ""at t",0
fschaht 3GSRA ifeth hhh q: okes Jokes11.com,0
fch kes SISCR iE QUa 4lh hl Jokes11.com,0
IEyt ych fT yst iY2LB Jokes11.com,0
at! MAIN BHI,0
ihy ST.,0
t - keScoff: JokeScoff $Gsa ldt ait sit,0
a   copple BIR alao walk ataret . JokeScoff I le2 1kd 16 1e2e 1pgn i Sne d helee beie r... Jokescoff.com,0
2legS leb 100. H t  aRta JokeScoff    lok hr lep elcp Jokescoff.com,0
Jokescoff.com 2 lalbe 1000. 180 Pe t gen Ro GST ot.. rlle be JokeScoff,0
AA G,0
"AR QR taR Rrat  1$1n P [ et fRrat. AA aai as ait t f JOS G Te... alco, g2 &at qR Tilal Y2R 2 E Jokescoff.com",0
Rt JokeScoff coff: SRT dsai at Jokescoff.com,0
Jokescoff.com t-3RR d it. t t-   Scoffs JokeScoff 3IR Tit - Pb pr t   Gdg...,0
"Jokescoff.com c2 P ppe ! ed - e, Rioutait at atsa qo at $$ KBC foor! Scoff Ta. - P3o y PU i 3tR aEl e P D6 RJb2lcc cr-cn aiqa  JokeScoff",0
t   GST  JokeScoff f 50%. - 75%   99%. B e RrEC,0
BP UPJ f PAK www.dilsedeshi.com ii^S IP p?4 2P,0
3 2hle,0
"Jokescoff.com Hi go ad a 3 Rt) plelg ER ""sAad t  3 s  3 JokeScoff  i c2lh  R2p aRt...3sa   Te 18 AST",0
qchs THOROUGHFARE TOMOD Gujjy_aadivasi 2002 RIOTS CASE FB:Gujju aadivasi IG:Gujju aadivasi follow this page,0
19 AmitShahFans Amit Shah fans Lala  Uk hl,0
5 IVID-19 NDEMIC Schy q T HGaR JokeScoff,0
Jokescoff.com 12 % & Pb2  2 PW r   nle cpi aldt sit  gSt  JokeScoff 1  50% nle gi Henee e y Pue 75% nle s fapt  99%t nle cpis BR  a lee d l ue p lie e RT 100%,0
Jokescoff.com q T HGaR 5 3RT Cblck Pene dooe  lee et e Dop d NDEMIC Schy RJok    IVID-19 JokeScoff,0
"BREAKING NEWS CHILLYJOKES.COM ""Kya Sonam Donald Trump ne Modi Ji se pocha Gupta Sach mei Bewafa hai?""",0
Mka Thehwlkh S,0
"..  ... 33   ER R OJokescoff yelr,b",0
#f #BlufferMan or #Mufflerman YOUDECIDE,0
THE NEWIPRIME MINISTER? ALIA AGAR TUMHEIN Z MAIN MAGGIE BANAUNGI MIN KE LIYE PM BANADE TOH KYA KAROGI? / 5 MIN KE LIYE BANADE JMM FIR KUCH NAHI. ITNI TOHP. MAGGIE KAUN KHAAYEGA?,0
Jokescoff.com RTd naele   h 2014 - bple]pc a RaRa 3C pn G a  t... a. JokeScoff,0
33,0
"Jokescoff.com tle 15 loble dt aat eil Ra3 aai ee qrat... keScoff: rge ppr JE coppie .*nln ed JokeScoff cie-ite alae, de rle dle!",0
There is no word like IMPOSSIBLE in my dictionary. Ab bolne se kya faayda? Jab kharidi thi tab hi check karna tha na,0
R 2. 3. 4.,0
Give up subsidy LPG JokeS.coff.com 3. 5 3 3,0
"ncbele eea... ar leRei2 e.. ""Adet TG lrhyoope ne C netk 31 T Rt at . ""ourtaet t fa e siaee at re .. JokeScoff",0
COVID-1 PANInCMAIC Mchsl3 qd q+R T qGaR JokeScoff,0
ale  lne ale l lne tt www.facebook:com/VishalKundraOfficial www.twitter.com/kundra.vishal,0
JolcNTee 25 .,0
i 3 2f @Jokes11,0
Pple 32 Karnika Kohen kormkok.ohcn.com,0
#- ba ianpnn,0
Cbrmix.com yefe hale,0
HINDI #News Jokes SATIRE t Ih2JE h2 t LJtC ISIS : f (hindisatire.com),0
35,0
PM E PM PM,0
RU panchforo 32211 www.lacebook.can.iasirpach.fhoron FR Panchforon,0
6,0
HEP fe Modi-Shah Jokes,0
dnle G 3TRROT33 c8 aln lePh Jokes Tddtoiaroile... [lePh] .... 9JokeScoff,0
"t     t 3 fRR  Rhjl plc 1R dpbc2  p9lc dsJ JokeScoff I at f, 3TRROT33 Tddtoiaroile... PGRRTO 9JokeScoff lelh ddt at foalou www.lacebook.can.iasirpach.fhoron Jokescoff.com",0
3 - aa,0
4 12k2 - kaeo MRA Panchforor,0
3    h n Hinditvoll,0
Height of blaming Modi!! Jhh H  -,0
# TE #BlufferMan or #Mufflerman YOUDECIDE,0
facebe asterm hhabh 3R lhskahPhb,0
fraata RP .,0
Jakeaicodl.oxm e 2014 -   ait.. h  h . JokeScoff,0
"HindiSatire.com Jnle @e  leP q 2wrIn ?I fea ?- acr an$, 3Tq pAIe ye rh I l Ap",0
"$T3ILOVEYOUBUTAS AFRIEND""",0
- IPhdleh RIIOKES,0
3Mrch w3mirchi.com TET RG..3T w3mirchi.com 3T$T HIcT HS. 3135 h141 H CI$H,0
33,0
fgH . iede eovr PARTY,0
SMrch GR facebookf  SH AGe highle qgaT aa...,0
Jale,0
Ek Tarfa He Sahi Par Pyaar Toh Pyaar Hai Use Ho Na Ho Lekin Mujhe Beshumar Hai,0
pplebieelbppagep  s   gn  hhen .,0
gple E g fart gitre elg laln leph HENE Giadt oilaoila... lppcpclePhlphle Wish You a very Happy Makar Shankranti,0
q a b hl 2h e 3 3 iAhP f /HindiTroll.in seseern,0
Indasndadnod aingt pwpg  erTor testheay,0
sot. 24 1RMR,0
Mka at f Thehwlch S,0
PM,0
3 E hhhhne,0
Fact460 E,0
2019 sT..  sattas $ch,0
Palehge PMl   ie,0
ychfch THOROJKHEARE FOMOD Cullo_padavaa CCC F8:Gujju aadivasi IG:Gujju aadivasi Follow this page,0
or Golm Bigger Crispier& BJP Tastier Modi-G Original Gluco'Biscults Fogg se Jada ye chal raha hai.,0
Jeies11om RTd 3,0
ee eita leEop -eer cp le leg e lelbe lolg atge .. doicescoti.cam,0
#7 3cco f Ke....? 3  sasiag I...??,0
patrika.com aasita 1n Rp I hle,0
JPh dlSn RJIOKES,0
www.divy om www.divyayug.com dasi,0
pnnn sbmisra@gaonconnection.com IPE eq Ile,0
AZADSIPAHI NETAJIJAYANTI WITHE RAHULSIAGH HIND ETARIA,0
r,0
SSCMTS 2509 Important essay fc,0
sfe dd aye d fafa 2387181945,0
a+b=a+b+_ab tw0o...! so what's the answer?,0
www.24inside.com Girls after travelling 2 km : It's vomiting time 24 INSIDE,0
Aisi Madam Mili Hoti To FLANTCLL Aaj Hum Bhi IAs YAs Ban Caye Hote,0
SMirch hee w3mirchi.coim ?? 2,0
D Dr.,0
Relative On Phone Mom:'You Want To Talk? Me...,0
Ha  BiTrU Network Marketing www.Bitt.shama.okes.com,0
E 18 NEWS SURYALED Pro-ease 3R MODI RAHUL GANDHI,0
Kes,0
AAJ TOH HAAROGE JIIA JETHAJI CUMON JEET GYA BABITA IIS THE SECRET OF MY ENERG,0
Is Duniya Se To Mera Mann Kabka Bhar Chuka Hai Bas Ye Mobile Hi Hai Jo Mujhe HimalayaJaane Se Rok Deta Hal,0
Didi Ye Log Pyaar Kyu Karte Ha Batao Na Plz Leh Didi IG @lustygag,0
Bhai onlin Kaisa hai bhai? s7AM Bohot din hogaye bhai tumne call bhi nahi kiya ??? BSTAM- Haan bhai wo Tumhari yadd hi nahi aayi 853AM Itna Sach Kaun Bolta Hai Bhai,0
LE PRO GAMER PUBGKHELNEKA'EKTIP BATAU TUJHEP YEAH YEAH TELL ME? WHAT NONSENSEIKNOW THAT SHelo,0
Skes Jokes11.com,0
Y utreeld CTOSTMIERCG 100POLLUTION CERTIFICATEAT ..READ CHD,0
Me Mai ghar se bahar jaa raha hu Mujhe chod kar jo tum jaoge Ghard Bada pachtaoge,0
utreeld CHD Y CTOSTMIERCG,0
"Friend: Bank mein khaata hai? ""Nahi re,main toh",0
nnb,0
ych ycch AAcsR cht L Ihe hP DbP JokesMasti qRIT qTq,0
Life Mein Jab Kabhi Aapko Financial Problem Aati Hai Tab Achanak He Aapko Pata Chalta Hai Ki Aapke Saare Rishtedar Sudama Hain,0
"Zindagi Kitni Haseen Hoti Agar Saare Loyal Ek Saath Relationship Me Hote Or Saare Nakli Ek Saath Lekin Nhi,Bhagwan Ko To Maje Lene The OSdoracmonmames",0
.yu 5 s q,0
wa. Majak Tak,0
"Bhai,Patang Udane ka pose dete huye .......",0
NON VEG JOKES IN HIND HF epF!E-M3N LOL THEJOKES.IN,0
chT fO  @kadaklife,0
1= www.Rkalert.in,0
-qee lale3h 3 .,0
-3 thldh,0
3 Ielaipaae 333 sfee,0
"I?c IIa IIc f a e gH EoI  ""faollgd""  doI LOVESOVECOM",0
R Exploring Shillong |Shoot Diaries Mr.Faisu 23M views1 month ag 536K Share Download tYoutube.tik tokers  f,0
"""Please give us your feedback on our Facebook page.",0
"f If you have a chance to delete one of these from your life, then which one you will choose? Physics Chemistry Mathematics Biology 24NSIDE",0
Best Bhojpuri Jokes HlsRl adR quR lcd,0
32 1.5f1fa Jokesil.com,0
"Akh Lad Jaave, K fe qaaR f O/@kadaklife",0
h2 RJJORES,0
WhatsApp gf  HandsomeDashing e,0
"Friend: Bank mein khaata hai? aadoo.in aadoo.in ""Nahi re, main toh ghar pe hi khaata hoon!",0
h- IPh dlSh RIOKES,0
COm alegh SIEUIE HRTPRICE,0
"Hg HJakesd O,c2 P e 1e2 n12`i, '3d, qat eiu art geen"" ose",0
Shubhaen Rastogi Cwokeshubham Replying to CamMinat People:1hope 2021 aacha jae 2021 Ski guarantee me nahi de sakta,0
MILEWORLD.IN Hhhh e SHPOWEDATN,0
Sir Aapko Loan Kyu Chahiye? Challan Dena Hai Bhai,0
Love Line t,0
Ek taraf se dusri taraf Meeares Me in Every Maths lecture. Ye kaiseho gya Dornrnon pilasser,0
Me in Every Maths lecture. Ye kaiseho gya,0
HRS WHO wJokr par f g ffte,0
IK BINOD   o     DIE GR BR  IOR  R a co  oldo  fn  p?  P,0
#TikTok aa t f.,0
h f@kadaklife HRIG,0
byh he,0
Fb.com/BittuSharmaokes ERR,0
ych f2T 54 Hqcht HT JokesMasti fR cr? CO-RONA,0
Ra i h h hlle h kes 10-12 20,0
CoronaVirus Memes Funny for Facebook and whatsapp,0
DORINGEXAM Girl's Tensior BoysTension& Sala RollNumber1stBench Aaiay,0
Science Students Be Like WHOESYOUR FAWOURITE BADMINTON PLAYER? NRT SINDHU.. SLV'sCL T'SPVSINDHU.!!. BUTSIR PVBNR,0
3 3 33,0
"tik tok, t SIFchRch fo @kadaklife #MrFaisu #Faisu #Team07 Exploring Shillong I Shoot Diaries | Mr. Faisu 23M views1 month ago qh4I ch<c 536K 3.5M Share Download youtube  Youtube, tik  tokers",0
Kes 2119 Jokes11.com,0
qR1 H16q chT aT faet a ay faa  D!Ia IE 'E eIb HT h,0
5ch ycchT ARCISGR JokesMasti,0
"amarujala.com qu - ele, d oEd & f aoe $eg c] ""ah-mh",0
"Pe   lal lag ua e aletc - lPh lP2 l lpa lP$ le l ""W|e Jh",0
"P  Sdoll Im3p, ol dladci HRI"" I6 foldoll fdollg fidoll o dIdl qdid LOVESOVE.COM",0
"PU2 q EJh lPh 2h 32lgJWII2 !p0l Ie l2Ua We  IeW 2 yGe it, 3e $t T a  a  a i leac lIab hltc ""lPIeh 22 - Jh 33amarujala.com",0
t h t Sdoll qdid foldoll fidoll JokesMasti give us your feedback on our Facebook page fdollg,0
feedback on our,0
"alleahheha   ga a hlh-hlh e i3a9a ""3pfamh",0
mSq 3y qieys t 3y a+  fq  s. Js- ae a   d yeg 3el leh Wh - SgkFap nuewe comm amarujala.com,0
"Iall2 ca D2l2 36) Aoqe gee yt ee et... dait Cqd ye eedl all$ ql... $T - Et.. Jdu's -  adc a , qen a.. 31",0
I3 l h lh bl aps- Dh 3L tl IeWIc-IeWIc - lPh qol3... 31 3R35e amarujala.con,0
Is Duniya Se To Mera Mann Kabka Bhar Chuka Hai @doraemon_meme's Bas Ye Mobile Hi Hai Jo Mujhe HimalayaJaane Se Rok Deta Hai,0
"Zindagi Kitni Haseen Hoti Agar Saare Loyal Ek Saath Relationship Me Hote Or Saare NakliEk Saath Lekin Nhi,Bhagwan Ko To Maje Lene The O @doraemon_memes",0
lhI3Jh >h P63 y>4 Ihp ah Old Monk Rum okes R439R 83  #BEING HUMAN Jokes11.com,0
h 32 1.51 kes 1/2 Jokes11.com,0
alE gap ga Ihg a 3rict qT Swag eq de! w3mirchi.com,0
Sir Aapko Loan Kyu Chahiye? Challan Dena Hai Bhai w3mirchi.com,0
Last five minutes Of exam,0
qqqy t FP qG|G CT100 H|q BiTTU Ut lt FJP Network Marketing bit t FP LSIbo BMW H1qT Ph www.BittuSharmaJokes.com,0
P.,0
Ssrier SPVSINDHOODUSIRT,0
Shubham Rastogi @wokeshubham Replying to @CarryMinati People: 1 hope 2021 aacha jae 2021 Iski guarantee me nahi de sakta,0
BINOD H - clc RI BI 3d 3RT at csoll  a 3lqq 311G sildol feeell Hct sit LOVESOVE.COM,0
"*Me While Talking To Relatives On Phone* Haan Ji Hehe, Haan JiHehe Haan Ji Hehe Ye Lo Mummy Se Baat Karlo O @doraemon.memes",0
Ih2,0
il!h$lrpP MILEWORLD.IN,0
PUBGtGt Ih?Je 6qnd Plb BAK HODI ModiTwitter Ac Hack KA DI TAA PUBG 3d  E  sttTwitter3 Wds h gp fa,0
ReReae: iYE Ihb W9h hle hSt Okes 10-12 20 Jokes11.com,0
RJJOKES .com,0
3Tq 7 34qI5 q1 thI <sI  $ fG 3s4T T alS qi4h5 af 3ldI Fu ey f Funkeytune C qT 3q A a 3q A  2,0
Colleoe lrty @the_flirty_mind a+b2=a2+b2+_ab twoo...! so what's the answer?,0
Jokescoff.com Prlr ?t Hh tP s Sh yE1ST WHO JokeScoff JokeScoff T fs AgT qRaT Wry,0
LaoNaPlzE,0
LEPROGAMER PUBGKHELNEIKAEKTPBATAUTOJHER LENOOB @memes_kayam_rhe YEAHYEAHTELLME? OVEREXCITEMENTMEKABHIBHIPOCHINKIMATUTARNA TERAONTHESPOTGAMEKHALIAS Helo WHATNONSENSE.KNOW THAT,0
"www.pjpatakha.in www.pjpatakha.in www.pjpatakha.in www.pjpatakha.in Bhai, Patang Udane ka pose dete huye .......",0
Mai ghar se bahar Me jaa raha hu Mujhe chod kar jo tum jaoge Ghar Bada pachtaoge,0
Bahut din hua aaj local train se office jaunga,0
amarujala.con wh alethhejpmh Ie2apapaie,0
A Aafay I    POSTEDAT,0
POSTEDA 121926 MILEWORLD 13.20 14 SMILEWORLD.IN ddcp foclls ii,0
nh,0
YOOR EXPRESS ONS www.pjpatakha.in www.pipatakha.in www.pjpatakha.in www.pipatakha.ind www.pipatakha.ind www.pipatakha.ind www.pjpatakha.in www.pipatakha.ind www.pjpatakha.in www.pipatakha.ind Jab Teacher Bina koi Reason ke aapko class me khada kre.,0
POSTEDAT  fy... au SMILEWORLD.IN MILEWORLD.IN e B h3 I,0
3  T R... f  fy... SMILEWORLD.IN POSTEDAT MILEWORLD.IN,0
LoVESOVE.COM-,0
CD,0
200rs,0
"www.24inside.com f If you have a chance to delete. one of these from your life, then which one you will choose? Physics Chemistry Mathematics Biology 24 INSIDE",0
Me in Every Maths lecture. Ye kaise ho gya,0
DainikBhaskar.com 2000 12.50 http://www.bhaskar.com/news- fbo/JOK-DJOK-funny-jokes- pics-shared-on-whatsappsocial- sites-news-hindi-5467592-,0
"Jokescoff.com te S 8 A9r lep R2 .JokeScoff c2 P g 1e2 n2 D, 3R PQ nP eP ele, Writes.",0
"Dee Writes. te A w WyouTRrE c2 P g 1e2 n2 D, nK U1",0
QP>l2 l I 1tb)  ut cRT qaT qhq GTS,0
Pero Palayer @ApunHizBhagwanH Bulati hai magar jane ka nahi. Translate Tweet,0
hhab-h -33.. 3,0
Ip62bh cha-a IPh dI b9h RJJOKES .com,0
e a   ap e a e etyr-fdl...? t a- at.,0
suhagraat hai ghunghat Bhai update dete rehna hum online hai..,0
"Life Mein Jab Kabhi Aapko Financial Problem Aati Hai jokesmantra.coim www.lokesmantra, Tab Achanak He Aapko Pata Chalta Hai Ki Aapke Saare Rishtedar Sudama Hain",0
3 s-3 ehWh-Sgta,0
a gap oa he al ict  Swag eo deh minthi.com,0
Lagao Ki. TETTA PDATE Fvita aftere SAVPJOKES NOALLARS sra fieafgfaaataa frorscfr .a....fs.fc. Inko Kaun Maal Supply Karta Hai..,0
s Jokesll.cam,0
omeone unmi,0
2eh-t - MATAN Majak Tak b,0
aat 200s,0
Fu bh,0
$??,0
2h,0
lle phehaa -3 iee gpamh,0
My Wallet Before After Valentine's Day Valentine's Day,0
h   tik tok  Kada @kadaklife 3 qr Pubg   times,0
"t Akh Lad Jaave, V@kadaklife",0
Ladki ko ladka aisa chahiye jo kabir singh jaisa pyaar kare Lekin Cigarette or Daru na piye 3mirchi.com Aise Kaise Chalegaa Didi,0
faa SwnrworeDm,0
haaap tl a pa .. - s-.,0
NON VEG JOKES IN HINDI,0
n etlln opa,0
Last five minutes Of exam,0
ro Palayer Punitigitagwarh Bulati hai magar jane ka nahi.,0
Funny Jokes,0
P Rhk Iop gq  lct     666 fdo fdolg,0
JoRes bas kr pagle bahar aa jayega kaia dhan Jokes In Hindi Best Jokes in Hndi Memes. OtestNews,0
q-gn - MujasTaKiN Majak Tak -,0
YOUR EXPRESSIONS,0
FUNNY MEMESIN HINDI WHATSAPP FUNNY MEMESIN MEWEEIK WINDILATEST FUNKEMEMESIN HINDINONVEG UMNYENSUN MEM,0
1999 2009 2019 w3mirchi.com,0
"Khane Mein Kya bana Rahi ho Aaj ? Aaloo Ki sabji,But Pata nahi Kyu Aaloo Pak Hi Nahi Rahe hai hodi Der Baat Kar ke Dekh Aaloo Se",0
h,0
Lagao Ki.. af  O0 Inko Kaun Maal Supply,0
Girls after travelling 2 km: It's vomiting time 24NSIDE,0
Funny Status,0
"*Me While Talking To Relatives On Phone* Haan Ji Hehe,Haan Ji Hehe Haan Ji Hehe Ye Lo Mummy Se Baat Karlo drann",0
s  y. Majak Tak b/Insta-@MajakTakIN .,0
e    ah eyh,0
*When someone unmute their audio during online class* Teacher: @wtianme kaun tha? kaun tha?!,0
ekes Jokesll.cam,0
Mohalle Ka Pyaar Aksar IME Doctor or,0
Ae 2119 i,0
17:13 Funny Memes METE TO wa by The Times of India New.,0
suhagraat hai ghunghat utha rha hun main Bhai update dete rehna hum onine hai,0
aaps lehe d 122ph 3,0
pIE EP KIh?P RFRID,0
Furny HJoke,0
BREAKING NEWS 12 II ee It w3mirchi.com,0
3MrEn ii Ph hl  tension  history   extra chapter eShoh FPhI,0
2 RR 5,0
PUBG pubgf BAK HODI TAAS sTwitter H,0
en,0
"2U w3mirchi.com 31dndlaui, RT Wp b h IPh i l2yhhb",0
BEST FRIEND < IND VS PAK MATCIS PAKISTAN MAUKA,0
2 alle be P  15 .,0
p>cIhh q +hPP giy a !,0
cheeku g Ry g t Fathers Day Point ee g,0
h,0
instagram@Hindisohe h pecistan ol,0
h poh Hey.Baab Pbh,0
R  1t - 1. 5000.,0
eye,0
3h pphPh,0
ph  3Rjokes.com,0
Mireh h   2 w3mirchi.cor,0
RBl t fs f   g...,0
w3mirchi.com,0
2,0
"Ye Jo Tere Hansi chehare par gamo ki aandhi hain, iska jimmedar humara Gandhi Hain",0
. . mastioke,0
"wJokeScoff   a at f""",0
1. 2. 4. 5. 9 7.3 8. 6 10. 11.,0
ca Ice IP$Ie TikTok,0
ca Ice IP$Ie TikTok,0
. For More Pic Jokes:JokesFb.com For Mobile Repairs 8J83B80 Call:0224345 3333 www.fonecare.in,0
1000 400 f,0
HIND Funny_Hindi_Jokes_,0
0006 ie,0
"KYA HUA DEVASENA fSabseBadaMol RVCJ GALAT KIYA DEVSENA...IND VS PAK MATCH KE BEECH MEIN KOI DISTURB KIA TOH UNGLI NAHI, KAATTE HAI UNKA GALA",0
HR hset? RT fachc R FIP>4jIh et 7-1. mastioke ... Com,0
funinhindi.com 3 bh 3,0
i   hh Whatsapptext.com,0
4 3 3 bh funinhindi.com aeitoe,0
r   3 . nJoke,0
Mirch FhlPJIh      e 33 mirchi.com  3 P S H,0
@imAJeetRoy @Thedealtweets,0
TUM LOG HUME HAR BARKYU HARATE HO?? AADAT HAI,0
366L9 Girlfriend,0
BREAKING NEWS get oc |I qa f at aar fa AA w3mirchi.com,0
H BINI hI bIPe,0
2 2 kat all,0
e sJokeScoff,0
sJokeScoff rpa e .. .,0
Yuvendra Bahubali,0
Mirth w3mirchi.com PP ie h  Iolleh,0
h PP RT...!!! mastipke,0
UIh HIh 4 ElP>4Jh 2 f9 CHRT f4..0,0
"CT, 1300",0
YEBIKGAYIHAI BARISH,0
funinhindi.com 3,0
"jokesmantra.com Acolt: go yer fo fbpe dd  I ?$ ? Ie ""I 9e  h    h 3",0
3 -3 2,0
DIA,0
ndiaVs Pakistan iI lelEue 9x Je2 xb Jeie qh Lb,0
Breaking News nle le? slp,0
RRoR yqerlolfalse Ib IPR@) qifaperllol aft se. aolaae InnII62,0
R3 sita...,0
t af aia a ce  #foree ne,0
3 ii,0
@tharki_lumber 1,0
@tharki_lumber 1,0
Dekh Bhai Chillana Hai To INDIA-INDIA Chillana AK-PAK To Murgi Bhi Karti Hai,0
Whll h dh De 4fy,0
h$ y,0
ii  be  h tension  2 history   extra chapter MeSh loh PPh I pd,0
720R WORDCUPNSH ERSf CRCKETSOAR AN,0
. 3Mreh . lelle!le 3lle k w3mirchi.com,0
www.fb.com/FunnyHindiJokes ehlleble UD SD,0
Ha,0
4 3y 2019 fayay e,0
fayay 2019 Smirdi.coe 12 3y 4 f,0
e,0
CoMreh 3  w3mirchi.com,0
JokeScoff ********************************,0
whatsapptext.com 3 b-2 1-614-736-2443 ppTxt,0
Rjjokes.com 3,0
. 5chchatfaa HAPPY DAY mastjipke,0
Ra h. h3Tf 3layfasya iiih,0
Nawaz #WorldCup,0
EVMaT R FB.com/HindiJokes KindiFannyjokes.in,0
Google  Search funnyhindijokes4all.blogspot.in Googe  .. Search,0
World cup fever CUP ehatsapoTxt A,0
iidenn taa  at d  v3mirchi.com,0
33b o bcl feRtlicdoaR,0
LIANO SAHARA,0
Mreh Pakistan  3 3 w3mirchi.com s hh lehll $h J,0
a www.duniyahaigol.com,0
g  9  bb  WIS OIr 9hH9,0
Misbah-Ul-Haq is a RAW agent. He stays till the end in all crucial matches against India to make sure Pakistan don't win *ConspiracyTheory*,0
3 Ih h2 20 fc IPh   h,0
SMILEWORLD.IN ehen,0
142 ph  hlgeeDe  JOKES,0
Ok bhai Star NDIA NDIA 3 Hihihi hT.... PicsArt,0
esh.agare    a7   t  3 33f,0
edcidl,0
N-M.FS BOROER-Z RELEASING ON 18THJUNE 2017 GIGIRT M ..,0
SR af. chf3hT f 3ayfahsya iiihe mastjoke,0
Urdlh www.festivalimages.in 3Tq try  SIETET,0
PAKIS 118,0
HRAH cJ!hb '$ Iklr d2 cJ 2 IP9IR Ip VIONI hIb bIPEJ q  f C 3i E I Ph,0
lIP>qJIh 2 Ie R E ElP>qjIh k P Ieketwondcupind dWJ  IF3J 3B 9>P dB Q lHe lPIp Sp],0
Ieketwondcupind YAHOO! Reebok ReL Emirates -Cas eLANCe LG APER RELIANG OOH SAHARA- 2C peps iRPD EIR! 3DP csqoalped,0
"TUMLOGHUME HARBARKYU HARATE HO?? 'AADAT HAI""",0
3.BestJoke ind vs Pak aqa,0
UlP >h HS'IhIt fahche? lhp 6HRT FIP>4JIh E PH c7-1 GRRT.!!! S13 mastjoke hch.ch Com,0
HRtfR A/D  Phlpltt mastjoke,0
H33  INDI M +Sta,0
R WIIh lt FPqJ Ut KIp FlP>qJIh I.E e9d dIhe ( FSW) Ra aR 3gd ? 3d a.. E E9 2p dbp2  WIS Olr J9h IhS IP,0
2h Posted On: @172092664 ShareChat RT cc  father's day  kkp:Jokes Wala Bro HR ff 415 #India Vs Pakistan GETIT ON GooglePlay,0
"# News 3l|qRI o, s  dc  i ait 3  f f 3 35I$ h h-2 A  gdc ai ct",0
cheekug cRy h Ph 3a Fathers Day Point 3 hle een,0
Ho fsogedlo Go aier P hto RA 9 Lays 3,0
Jokescoff.com t t -  3 CO JokeScoff y2 clE PR 1nsys  R a t t a  ...,0
MI IPhJ t A  IPH te 3 fahdld STR 3 tlle pele 3 te HHRTS...!!! 3 3i RIS HR 3T IP RT 3 ilhe RA Hp fau? 9 mastjoke Pe HR $... 3,0
AR h|P Phac  IPhJ t A  IPH cT yd HHRTS...!!! mastjoke,0
"Jokescoff.com - lle lh pbe a 35    alacsit  at ad i rge Scoff 3tRat at, 35 aa a JokeScoff",0
Jokescoff.com GART R ane  e    e bo b off DJoke cle  s  JokeScoff,0
st ft  l ccp kPr K ypcP g 2Bc qlpRa JokeScoff ccpple @i 2 lPh i Ph B 3R ! aeill yr Es k P BIR 3R cplh  y&r ] Jokescoff.com,0
"Qq qaqI 3{4 qI4r #1 qndl qt co?qRT 4T CLICK HERE TO READ MORE JOKES JOK9.COM qal- s4 Hit 3yi and ? IblPeE PL h2$Ie F Ed JOK9.COM faI- 3R4RdR, 3 3$c4 Td a ai y3 3R 9R 3I",0
.3 a fafstaa unAn,0
Schqs  IPIghr AMEXING.COM 74,0
"a fa yt,  f a  t E>c Plb Ie >lft8 hP @lmAJeetRoy @Chedesitweets",0
INDIA PAKISTAN VS maskaree.com e 2h faeo d9 h2 J 4 Ih,0
RT Nawaz s #WorldCup  f H,0
aRdl  dId dagI al  ?ppok 3IRpI 3iR qQedoI qId oneindia hindi,0
AAqPIICGAAA 2h 3 ... y f h h  mastjoke,0
eufgedg 3 f 3  d ge- 3... www.jokesandshayri.in,0
2 Sle b?lt3lhd qR com 5,0
qfaedloit 3 ftt     t  3190333 terin 33amarujala.com,0
H 3Mrch fh.. FOR MORE UPDATES w3mirchi.com 3Search funnyhindijokes4all.blogspot.in,0
g $19r lelp 13p JokeScoff .c2 P g leR n2 E 3R cST a,0
Google  Search fh.. FOR MORE UPDATES funnyhindijokes4all.blogspot.in 3Search,0
"Afridi To Misbah www.ran kantvseidjokes Chill bro,itna tension mat le,waise bhi aaj tak kaunsa match jeete hain India se World Cup main",0
Jokescoff.com Pel o.. JokeScoff aait at rane SUGAR O qdit i alcooe feg... TR R.,0
81hh,0
aai  i 3,0
Tu Ghabra mat. Hum Semifinals mein jaynge! Wo PAKY Kaise? Maine Tickets Ke Jugaad Karlie Hain. BSDK. PAKY,0
se Ya koi toroko ALLAHHH MISBAH:SOHAIL PLAYED REALLY WELL IT WAS NOT OUR DAY MOSTAN MISBAH:PREPARING FOR PRESENTATION CERMONY,0
ALLAHHH Ya koi toroko se MOSTAN THEBACK,0
Ho Sht aier ito 2,0
a nAn,0
33  SO XSto,0
Okbhai Star JDIA h.... Hihihi PicsA,0
Tu Ghabra mat. mein jaynge! HumSemifinals PAKCY Wo Kaise? Maine Tickets KeJwgaad Karlie Hain. BSDK. PAXE,0
BORIER-2 RELEASING ON 18TH JUNE 2017,0
#RaJ lamare yaha to Surgical Strike Chalrha h,0
Htf  E,0
"a  SuvicharStar.com """,0
H alimages.in 51.,0
INDIA vs PAKISTAN RIRRT maskaree.com,0
HT iilehIPp M 3 ile[ IP) w3mirchi.com 30 JPlE 2h H Pple Slall..,0
JoksSooif .. . ic,0
qliadlt aldt.. MI HeH Hianat ai Gat.. dao... RTgeT aITeft aiana At asa t  at. w3mirchi.com,0
BREAKING NEWS RAa R5,0
*ha* *. WOmrch 35,0
www.w3mirchi.com Hry rtg? AYAES DRESS,0
IND Vs PAK match Rumor  Whatsapp  44  n Sappybirthdayimg,0
HPIARE,0
HPIARE,0
HA 2h HA HA,0
.. iI*e e 1 dlt,0
okeSco,0
"Pakistani wife tehzeeb wali hoti Hai. Wo sabke samne apne Shohar ko Abey Gadhe""ya ""Oye Gadhe""nahi Kehti.. Isliye wo short me kehti hai A.G./O.G sunte ho ji. www.pak101.com",0
PAParis ..,0
2 a,0
"aIPrT fsf 3re Yeit ara apit. wjawrch.com "" eule Jai Hind",0
IDPR n,0
-r. HJokeScoff s t  t,0
(P() hlp dcT (qifadl) (J2lWe!g) JP[h 3 ST acdRT a qlell pH(SPe$)p  Hghk F p IhI2 HhGHT w3mirchi.com,0
@Pakistan ndia Tapori Baba,0
YAAD TO NAHLAA RAHA NA MAIN?? ALF AGAR AA RAHA HOUN TONAJAM SETHI KO PAKRO!!,0
h in Rusataa @Hey_Baabj PJb Phtle,0
Girl: I miss you too baby.... *Pakistani Couple Girl: Hichki kyun nahi aayi phir?,0
Rjjokes.com 3,0
At The Time Baby Delivery HI ao cls Gol... dlConfuse  ol  3cyo o 3 f 3 SRIERI! ox3smanra.com,0
"""Mitro.Balla to sambhalta nahi inse...ye kashmir lenge?""",0
-le lh D coff 35,0
Read Funny Jokes,0
"RRT *9000 EJhtH Iy El?4  EIP>4Jh hIH   h FB www.w3mirchi.com S at sR si a JIt d4 K B ii""e es",0
SILEWORLDIN H   e,0
FOLA f WWW.GOLUPUTTAR.COM,0
Pe heeps yfae-e,0
ib?pIh? PAK,0
-3. t t-rr. ssa at si t  a,0
fc T   f qy ff 6,0
"l I9 0  Ihh he I CLICK HERE TO READ MORE JOKE q|l- 4 t 3q gnd Ig?IPeL pI H?SIle lF te 9dI- I4dR,  3$c4 Td T 1 t dle IeE e",0
Mrn w3mirchi.com 3  e,0
f,0
3,0
3c  a f,0
f,0
Mren 33 w3mirchi.com 3 PP4hIPh,0
iiEe $lsp y IkIh t ElH>,0
3T-3TREXPLAINED Exposed 5:23,0
R I>t dP[Le kt Jrlk?J SH$ 2 IPIrW # PEIt 30,0
BJB ye blle Sanatans,0
Best Insulting Moment Of GobarPatra 3t50 LIV T The Live TV,0
c2 IhIh t hE,0
Skh hHh2b,0
Kohinoor (Gobar)Crown,0
34 fa HEE IPI K c H dP[r kt b22 U h c I PJK  E #3 SRRCR,0
a3fas Hedls,0
9h  kh P #a S,0
Sambit patra  @patrasambite P 7:20PM03 Sep18,0
kh R,0
Hlduortaare an a      LOCKDOWNafaEre Plldsea bae eace,0
Amit Shah ant garr Corona hb9hK,0
COMEDY NIGHT With Gobar/Sambit Patra ..,0
t I hllt  t Pb,0
$ IhIh hD,0
a ee an y   ?,0
WHENEVER-YOUFEEL USELESS IN YOURLIFE REMEMBER THEREISAS DOCTOR CALLED SAMBIT PATRA,0
h 3,0
2 Ihb 9h dPUlr,0
fi 6e,0
Poose 3 6$!,0
a iisykh,0
Ihbpkh,0
Ihbpkh,0
T aT6T$T ifa rt aas,0
or kitni baar beijjat karwyega Dimag me to tere gobar bhara hai s0fir,0
3,0
07 Aug 20 Twitter for Android,0
AR adi at aRa,0
"Sambit Patra  @sambitswaraj Translate Tweet 12:25 PM-18 Mar21-Twitter foriPhone 843 Retweets165 Quote Tweets 5,903 Likes",0
Ih[B bhl ISb [b IkIh K>ll>l6JIE,0
NAUE hee,0
Kohinoor (Gobar) Crown L # FR4T SEIE,0
faare qanpe LOCKDOWN Pldsaeae baeaice  as  ei ?,0
l>Q  IKIh ?Pls,0
HT$RT HROR 201,0
hschaabh 3IT 3Ratafs,0
"s sa  ..     3  B Iollc ""l l sie eee",0
"MODI JIKA NAYA ELAAN JISKI 2-3GIRLFRIENDS HAI.UNKI BH JAANCH HONI CHAHIYE,USSE EK HI MILEGI BAAKIGARIBO MEBAAT DIJAAYEGI",0
oMirch 154135 w3mirchi.com 35,0
5. e    -5 sJokeScoff,0
"Tweet Troll_ziddi hhhhh h0 Transate Fweet 10:19 AM-Jun 24, 2020 Twitter for Android 2Retwets 6kes",0
"AILOVE YOU BUT AS A FRIEND""",0
RT 5- MODI EFFECT... m,0
hgch c sJokeScoff,0
"H 3TET dh'? ql ite NARENDRAMODI The Chosen One Marc Me Mar 13 Finaly once and for al Modr's #mannkbaat 4 AILOVE YOU BUT AS A FRIEND"" a.x x",0
Finaly once and for al Modr's #mannkbaat The Chosen One Marc Me Mar 13,0
J-keToBantaHals Claas Mein Bacche Shor Macha Rahe Thai Aur Teacher Modi Jee Ek Din Sarakari Schocl Ke Daure Par Gaye Gaayab Thi Mod Jee:Bacchon Tumhare Teacher Kahaan Hain? BaccheVo Toh Kabhi-Kabhi Hee Schoor Aate Hain Modi JeePhir ye Schcol Kaise Chalta Hai? Bacche:Jaise Aap Desh Chala Rahe Hain,0
3Mrch PM t 3 3iTsaTo w3mirchi.com,0
hhhs2h,0
ElP2 lk 9Plc coffs,0
h 1 in Jokesll.com,0
Hhhb,0
okest.com,0
"Ladki scooty me petrol bharwane gyi... Ladki-Bhaiya ek liter dal do.. Petrol wala-thik hai. Ladki-bhaiya kitne rupees liter hai? Petrol wala-Rs.76.45 hai madam. Ladki-Bhaiya sahi-sahi laga lo,wo bagal wale to 55 ka de rhe hain... Bechara petrol wala behosh... fb/mastjokedotcommastioke Com",0
3R gt-What is monkey bath in India? HJokeScoff Monkey Bath -It is Not Monkey Bath.But it is a at,0
"ged""ailat""",0
THE NEW PRIME MINISTER? AA NGAR TUHN MIN KE LIYE PMBANADE MAIN MAGGIE BANAUNGL TOH KYA KARO617 5MINKE LIYE BANADE UMM.R KUCH NAHI N TOH?. MAGGE AUNKAYEGA.,0
TT,0
gs fr,0
f 3 fraae,0
oqac,0
R15 www.simplesayari.in,0
Ia h3 lPl2 1Phh maskaree.com,0
hg Jokesll.com,0
$hhSH dle 9h h h w3mirchi.com,0
- 3iatT3T3 iieeeeh 00000 Jokes11.com,0
2019 3gte? w3mirchi.com 22 fe ait aree ded sestt...,0
1000180. GST  g   ee,0
JSh We ye Irgp  3,0
IPh,0
2 qRR 5,0
en3eheeoo3s yw3 eln  Jonae s wOmirchi.com,0
h -,0
fb/mastjokedotcom mastioke 2197 Com,0
www.simplesayari.ir i. yh.y,0
3PUBG,0
BREAKING NEWS OHILTIGEIS.CON Donald Trump ne Modi Ji se pocha KygSonam Gupta Sach mei Bewafa hai?,0
15 Ig Slal,0
15 Slal Ig,0
Jokeswyala.Com hpbb JovesWalad,0
3 h  al aca,0
Mrch iii Pb h  5 tension  history   extra chapter MeShoh Ph I d,0
Hfc bhh3-,0
Hfc bhh3- aat MODIfied India,0
1.5,0
Jet t at HALLA IEAMBANI ADANI T DALLAa,0
w3mirchi.com hg,0
mh,0
Mka f ft fn,0
"Hum chahe phone me funny posts dekh kar has rahe ho par Gharwalon ko yahi lagta hai, kahi toh chakkar chal raha hai iska",0
3i,0
s afc 3i 3s   nyo f  .,0
Fail Fail Fail Fail Fail Fail,0
hPhS 264,0
12 a,0
H IHresn,0
f q  h FM a i 2 uJok off 62,0
-r. HJokeScoff s t  t,0
"Still vote for me Make in India Digital India Smart Cities Fail Women Safety Start Up India Fail Skill India Fail Black Money Fail Rs.15 lakh 2 Crore jobs/year Fail GDP Fake Bullet Train Fail Housing Scheme Kashi to Kyoto Fail Namani Gange Pakistan Agression Fail Chinese Agression Fail Nepal friendship Fail Article 370 Fail Fazal Bima Yojana Loot PSU Banks Loot Lok Pal /Ayukta Fail Price Rise Fail Foreign Policy Worst Corruption HIGH Judiciary value Low No autonomy to CBI ECI CVC,RTICAGRBIEtc",0
Baby Kaha Par Ho? Apke Dil Mein Hun RASTICS Modi Ji Ne Kitni Baar Smjhaya Hai Ki Bheed-BhaadWal,0
r -t  g,0
500- 5000- h-0000 40000- 50000- 75000 .,0
h iey -i kes 3i.-yi johdens Jokesll.com,0
Holiday. iey Gabbar... -i Jokesll.com kes h johdens WWW.GOLUPUTTAR.COM,0
h h PH,0
Ek kaam kar chupke se Degree verification Tax daalde,0
#BlufferMan or #Mufflerman YOUDECIDE,0
AAPKEPAAS PATLI PIN WAALA CHARGERHAIKYA?,0
COmE HJokeScof,0
0 3,0
. HJok os  es,0
h n,0
ddM-2 Laugnandmast.blogspot.com,0
ge,0
2020 320 20f 20 eoe,0
gf,0
gf,0
32 3,0
13,0
bDI 1ll6 ge ye ...,0
ga g g,0
ale l lle ale l e agta www.facebook:com/VishalKundraOfficial ww.twitter.com/kundra.vishal,0
Facebook.com/HindiJokes24,0
gf g,0
- r,0
46,0
HELLLO. MODI. HOR,0
"aeg ohllc b 2  f at Made in ChinaElait  RT aRR  CE, d CE.",0
Ro y y,0
fobdolat aferer aleaap elfahoeo Saloge selorat I rah po IR3,0
ag h,0
P h ha  h h,0
fascitfae,0
ag    HJokes,0
Bhagwan Bhagwan k Bhagwanat gt f,0
MTMrth Dekh Bhai faR .. w3mischi.como,0
2019 tt fa y,0
3,0
2019 s . Sh,0
THOROSCHTAREFOMOD! Cujla padevas CCCC,0
af aitey. ine,0
S . 2fa Jokes11,0
2019 DONTMISS,0
eye,0
e    PM  CM .,0
"5Mren LUXGOZI"" e 35. 3 3..",0
s,0
3mirchi.com,0
he,0
fasa - nnhh 3iT 33,0
3 THE,0
faf gaa  stataaa,0
pm,0
Jokesll.com,0
hhe,0
2,0
ff. Tolet 222212212 Toilet 3 s qt t an at ? Good MorninG,0
Hhtit9 HRRT ARTE,0
NO 1222 Polracert Petrol & Diesel Price Hike Funny SPOOF,0
25 ValeNTee .,0
Happy New Year 2021 hh,0
- 900000ee HindiPics.com,0
ieeh be Jokesli.con,0
faataa .,0
8? y,0
3 SICRH CHRHGGR,0
"Kiss    ete I2,, JokeScoff.com",0
- 3,0
a s   lele ..g,0
Pel2 pg 2 t  2 Teelleae fg- 500g2000 n prnem,0
-h iee,0
h wale siyy JovesWald,0
Ie In3re Jha 'le@h j3Jo Jo3h S[q Jo 3 Jb le'Ue$h Jolc acW l mh 2is] ajq|Cuo a] u|qd| w3mirchi.com,0
3Mr8h #e LIP+4JIh lr >2op ph {lH9 w3mirchl.com 3,0
1 -hDoDho      COT   r,0
-  wak  t JokeScoff,0
H 19 NARENDRA MODI,0
"t  coff ""WhatsApp,Facebook"" eee JokeScoff",0
eat aed fre wmirds.com t e aesr a an,0
pff 3 IPLRw3mirchi.com,0
2019 DONTIMIS,0
"Jiyne ST, f HTT. PUBG jokescoff.com",0
5Mlr&h w3mirchi.com  f 3,0
Ui #? alfaege 7,0
Mka f f fn,0
Sh3R hhh kes eoe Jokestl.com,0
C3Mr&h hleH salary    w3mirchi.com U P bIpho,0
nb 3 3-   9 3 s,0
Fb.com/BittuSharmajokes e,0
ftoPM  y,0
h,0
Viral-Status.com 3RPM R PM JIoawif,0
Rtgst  Viral-Status.com,0
Confidence wife chT! - sjPt=?Ue,0
w3mirchi.com,0
2019   feuet e22 f  ee dedlshta...,0
e a R n leph Gadt oiaoia pplePhh Wish You a very Happy Makar Shankranti,0
cppplebee oppp s,0
EJh?aIt IIP+4JIh,0
Give up LPG subsidy   hlle H  3,0
-NARENDRA MODI,0
h Schaelbh 3IR 3ffs,0
"aIPrT fsf 3re Yeit ara apit. wjawrch.com "" eule Jai Hind",0
VS CHINA Hare h blbn  h2 h b h  a  2h,0
Jole wb e lnla gH lh,0
DEKHBHAI w3mirch.com,0
DoMren  f  a  w3mirchi.com Miss Call Rt at,0
w3mirchi.com HT$ $Ie h p HIh  $a13?,0
s  sag -,0
3,0
qtaantgnit mra.. 5a. 30 i Jokesll.com,0
-5000/ 1 WJokeScoff 2 1. 5000,0
Mirch 33 h w3imirchi.com 3H3 .,0
"lamnot God.Nor am IPhantom.1 am ready to accept any criticism.1 have been in politics for decades. Each and every day,in several media there is criticismof me. MematoBunerjee AZQUOTES",0
JokeScoff,0
"Our college trip plan be like In 1st year :abhi nayi yaar agle sem chlenge trip par abhi to aae h 2nd year:yar abhi nahi 3rd year: yar abbu nahin maan rhe final year me pkka Meanwhile in 4th year : ""Mera toh kya kehna Main hu corona""",0
Desh Men 1000 Ladkon Par 940 Ladkiyan Hain Ye Jo 60 Ladke Bach Jayenge Yahi Aage Chal Ke Modi Vajpeyi Kalam Ya Ratan Tata Ban Ke Desh Ka Naam Roshan Karenge Ya Fir 34 Indraniyan Paida Hoti Rahin To Ye 60 Bhi Set Ho Jayenge!!! LOLChutkule.coo,0
7 f Pendrive  Folder .,0
e -r   e e  ol g e,0
"Hgolt erteciyd tot ""$h yoa",0
A7 3cc fri  f hn...?. .,0
33 Paeeoeppnn TAR.COM,0
gf t KBc  Rera  tg e,0
Paeeoeppnn,0
gPM,0
h,0
f Ph h 6666 F3.com/Hindijokes24 HindiFunnyJokes.in,0
3RWORLDTOURG3,0
hhh ... HSRIE Geell BP,0
t t  r  f 25 4JokeScof 50  tt . 75 e   s    e 9  t   . ee %0 e,0
R HR- f 000 lokes11.cor,0
R 33,0
f . q . eMbh -t .,0
JokeScoff ********************************,0
y-5h hh,0
"angaigil facd 3nud ai afreiaesit, eeei 3ie ael a$did ergcil uac  a agc &I 3nuot yGld fddd et, tlls tlls tllsi.. d aecer  3uqT at Sdielgl HindiSatire.com",0
IE yt Skes f iY2LB Jokes11.com,0
qaRiR y. ih Skes ST. -.. johdehs Jokes11.com,0
bP   P T dG 2019 DONT MISS,0
...  3  walk ST. t    qaRiR Skes I le2 lkcc l6 le2$1s 3R asa  tt ...e johdehs,0
"Jokescoff.com et     1000.180 GST 1 l, ait ge foct gan t. c2 r&2e nll de ye  yP PU 00 JokeScoff",0
www.jokesandshayari.in -,0
VID-19 NDEMICA H ggs3 q+R T HG4R JokeScoff,0
"HindiSatire.com Jne @e  eea q 2onin I fgea ?- ailcr anr$, 31 pH| le rh",0
3t ct cait ac5t ftat at 91e3h 5.. 31 s fue a at aa? H,0
Iewt www.JokeScoff.com,0
HELLLO. MODI. yoyard.,0
OTGRT 5I q Joa3 Qe b ph U o e3a g leW Ie] w3mirchi.com,0
W e yaba lg Pln ynA aqy!  ac Ie3a lalle3 5I q Joa3 Qe b yna o e3a g leW Ie] w3mirchi.com,0
pP0 w ? ne e,0
"2 IPp h eU,pIE, l P,, Ih i gdh l onn ponm,",0
OLL )UTTAR 1-COM. TDUTTAR . COM.,0
E IE FhIe,0
- What is monkeybath in India? JokeScoff   elMonkey Bath ad      cn  t -aIt is Not,0
t-. keScoff wJokeScoff s ldt  it t a,0
BANK IPL EMODI R,0
JETE,0
w3M\rch Inblt  Ehbp 3 301 319as$ Hact,0
TT leb 100 gaaat JokeScoff   3 T  lok he lep elc r 2c cle Jokescoff.com,0
Jokescoff.com t t -  3 CO JokeScoff y2 clE PR 1nsys  R a t t a  ...,0
t t  GST  JokeScoff 50%    75%  g 99%. lee De,0
JokeScoff Tcigpos Coff $RT3E t   si  Jokescoff.com,0
"J eF l1c b3lc Hrgot gon t, PoHoke TobR,",0
2h Posted On: AAPNE KOON @gujju_aadivasicommunity ShareChat gujju_aadivasi Thile ch qR4T #pm modi jokes GETIT ON GooglePlay,0
33 ce  Hindiiro Yolg oia e? qHd 3q HH 3I,0
lR Lb PlqJLr 2h t Db 107 qHd 3q HH 3I JOK9.COM i $IPFbHq EB,0
H3 3RR a cR,0
100. JokeScof .,0
"...   R 3  Jokescoff ged""aiat"" yer, be",0
ieePt Ph jokescoff.com JokeScoff,0
3M\rch Sir this is apple lP IPn2J dh RT W$IpH ???? w3mirchi.com BeleT joke qt a!!,0
HindiSatire.com f-s.3,0
Rtlrit ch ase pbc RI35 bc Plle Rlle lle c JokeScoff nc T4 Tq QR q qERI cclbc Smb b Sm ER3.. set etlarit 81 Jokescoff.com,0
a 1= www.Rkalert.in,0
Viral-Status.com PM MOI,0
BANK IPL MODI RER,0
IPL,0
Raja,0
h ee le,0
"inebhele Ke eea... lerei2 BUe,, T Dlrnopp 3 3 31 aaeh rtaet    s t  . JokeScoff",0
"TLOVEYOU BUTAS AFRIEND""",0
f www.okeScoff.con,0
3 at fa n ygu ... 3,0
b2hh .,0
LOL nk-nk,0
Mirch Sir this is apple faarat ??? w3mirch.com T joke,0
1988 Fact email fo4,0
Weaba gn Eeacao ea le n ale,0
com aM G,0
3,0
aM 3mirchi.com com 35 HS. indiaat a G 3 CTSH,0
22 e e 53,0
3Mrch w3mirchi.com Hello ..3T TET w3mirchi.com 3T$ He epu!   713 c141 H CI$H,0
15 e l - d,0
"Chowkidar Narendra Modi 11.45-12.00 H3 I would be addressing the nation at around 11:45 AM-12.00 noon with an important message. Do watch the address on television, radio or social media",0
MODIISTATION PAR CHAI BECHKARPRIME MINISTERBANGAYE GAA KAR FAMOUS HO GAYI ASLI SCOPE STATION PAR HI HAI,0
33 33 PP4h Ph 3,0
SABSE CHHOTA JOKE YEH KASHMIR HUME DEDO..! SHAREIT ON KAR.. Modi Ji At His Funny Best..p,0
3Mrch ST Ih  educit HART hT ? w3mirchi.com,0
For example. . Jokes11.com,0
3ei aT EVM 3+ iiil4H l4 IL aei =T CM  4 4?,0
rle get aad aot,0
Rula diya na,0
pinseanle,0
50 f 1ue2 IPp JeP K 3 Pleh  Jep ilehllgy lhe H t T Faa,0
g uJokeScoff Rra,0
2014 - .. 1 h .,0
Just Imagine Modi Ji Starts The Speech With Toh Kaise Hain Aap Log,0
"ga -   - 3 ""JokeScoff",0
NUSERLAT 3ie,0
14GST 28 s Ph 100%,0
"w3mirchi.com 31T4 fGeet a CM aT q4T faheT, q4T Tyt?? L3M\rch HE lE IhK",0
digvijaya singh 0+ @digviaya_28 @jitupatwar hheh hh Kangana Ranaut @K_Raneut,0
Mota Bhai.Bas Karu. Ya Aur Seat Chaahiye Bas Chhote Bas Kar. Already Opposition Mein Koi Nahi Hai. AbKya Padosi DeshKi Seat Laayega Kya,0
"www.w3mirchi.com EVM G5T hT dT a iii*H d6I hT CM "" d4 www.w3mirchi.com",0
SnakeCSK Modi ji- #MamataBanerjee after seeing current situation in bangal,0
PUBG  iine Funny Call,0
be  arn 2 sal al,0
okes 8-10 zicnsl1.cor,0
JokeScoff.com  .. JokeScoff.com JokeScoff.com,0
URdoR www.Rkalert.in GSTR e2pI,0
Ph,0
Youet de f Narendrs Moc,0
3MIrch 2whh 19 hhh w3mirchi.con,0
t,0
NAMC,0
Height of blaming Modi! -h  h 1P9 - n,0
speech kyu dete hai?? Modiji: #NarendraModi Transiate Tweetd IndyaSpeak PM hu isliye shaam ko ata hu AM hota to din me ata,0
"#PMModionDiscovery Bear Grylls -Siri cant understand Hindi, can you please talk in English. Modij-",0
3,0
...,0
i c yc    aqa f s ss.  q acef qcfI s. g s . 1 q ielql..  ss f n  .,0
hhbKktn 1G226  h   hha   h,0
Tirath Singh a ht  tl? 2le  Flbb lb share t,0
33 3ld  33,0
3Tyr aarura. 0000,0
sa ba labla f4 ccs.,0
GR Hplle,0
a Aapbaar baarmuhe dara rahe hain #:,0
a #: Aapbaar baarmuhe dara rahe hain,0
33ell PNB scaaed e,0
Phh,0
IEME,0
my Dad after late My brother to his portion of Magg heDinEXPRES,0
l3 R.K,0
First benchers writing application h29hnk Backbenchers HE3,0
-24,0
a 99Bol.com,0
coronavirus HRTARe,0
CR ph,0
HBt dh H f/HindTroll alir,0
68 RUPEE,0
pincramle oppkbainain nyff freegaest,0
URNNT,0
3 36,0
ramayana_memes : examtopper 3y topper: meme,0
fou are .mute,0
2 4,0
HOT meanahile Yog,0
b ABaab,0
b  e hh,0
H Rle2,0
id fat,0
2 f,0
Inbox Hi babyHello bebst a 000006 -Angry_Bird_Adarsh,0
IPIH  srg,0
KOREEL,0
"f gn forat  NAMO Sollcol frr""",0
Azhan Siddique TranslateTweet,0
Reee .,0
n,0
hh,0
HR45d34q h Jah  Falt HdR,0
e2 . pa pawa pawa paw qae,0
Fb.com/BittuSharmaok aart.. h JndiaChat-POST&EARN,0
3fa i Slt dJn JB2,0
e  n t...,0
Meanwhile Manmohan Singh,0
Meanwhile Manmohan Singh asked Modiji Prime Minister ke paas itne power hote hain kya ?,0
h3,0
STOP!!! Hae Rabba Kya mere itne I'd like to bure din aa holistically accept 9aye Modi's challenge..,0
.,0
A d s,0
A d s,0
f/HindiTrol,0
Hhtit9 HRRT ARTE,0
122 i es lh  Ha bet  j2h,0
RIquT IhI>bR SHARRGRHG,0
3G9.. Pe g fc f,0
My Friend patching up with her Ex after their 5th Breakup Me:,0
"My blessings,Jammy. This is indeed a funny post.You are a damn funny guy,I must say.Want to work with me?",0
f9870 s3,0
h,0
H ..! e,0
ItK JI IJh h hP HS,0
Fb.com/BittuSharmalokes,0
ag.,0
g  g,0
3RI inpngalolggpa,0
eaa.,0
b  e hh,0
b  e hh,0
2h Bh Wesoh,0
Mastimaster.com,0
ii'e9Rgehng,0
Mrale Irhwg aa Teehhplagle,0
Hhtit9 HRRT ARTE,0
Buntoe 3 T3,0
h     h,0
lepg dehs hle ige eNb Inlle HRAHIdTTS4SR4R,0
com,0
48 feroiletaten hea Sf 3raa,0
HODDOR,0
# TRIPLE9 Aap baar baarmujhe dara rahe hain,0
pongeple eeee,0
A 3,0
3 3,0
d,0
HGR 5,0
Thanks2 c .. f...,0
aay 64 ho arfrq,0
RINKUCHEJARA ouuotein,0
R,0
aa i .  a   19h,0
K  hhhp,0
EUTET! R 3 oanulahija,0
e,0
.000 1ps2n2 Inbi,0
"q 34 i""h",0
ii,0
e2 . pa pawa eawa paw eph,0
SHRGRHG RRe,0
Memes Aadda 5,0
TCARRYMINAT METOTIKTOKERS 3R,0
qh h6 h Nojoto luge,0
Fh9n,0
.com/kumarzokes,0
Jise heere ka haar samajh ke gale se liptaaye fir raha tha vo ek naagin nikli,0
Azhan Siddique @siddique_azhan 4541,0
T. yh The   p a e f  s OIzle Ankit Writer,0
yo arf oea op e ena a       fe-eae af alef,0
43,0
fa G hey  hnh h hih l ah e,0
Diabhhgploblhr iaRse s!o? ??,0
Ramayang,0
h Phh,0
com/BittuSharma hh  diaChot-POST&EARN,0
h PhhP,0
DR.MANMOHAN SINGH VS NARENORA MODI JUNE 2008 AUGUST2011 JANUARY2013 2016 AUGUST 2013 h bg le  yclelbe,0
2 I9h qRIST,0
Johlleic aynfaarg,0
mosre Jise heere ka haar samajh ke gale se liptaaye fir raha tha vo ek naagin nikli,0
@kavik6e ShareChat 7 0044 0024 C2024 2044 #Owe GoogePlay,0
6 b>UH JWPIb ?h ISbIb> b,0
When you are eagerly waiting for Ravan vadhbut DD National retelecast the morning's episode .,0
Ry<qu c kes iE PuIht IbI Jokes11.com,0
lohllelc faaig qR a4T HT Inh3w,0
RR3 4R,0
y,0
h hh,0
INDIA INDIA,0
eft ychl Bittu,0
ftB Ifte Kh3 dh hIL p  FL EF f/HindiTroll.in www. naldj1 HindiTroll .n,0
AR 2009 t4 t ho  IhIb[Ie HR qf0ia fah4TI,0
Oiiigpe,0
h h -Mohsin khon,0
h  3   -,0
-,0
Hemant Singh Mocty Blya Apr3 - When Nou Have Goyernment,0
RAVANA YOU TUBE-UNIQUE RS,0
LOL,0
"RIqu  aRa g<T$ aft. f< ft ych dWJ  ESe"" FhI IhIr 4 L32IE IhI SW It  Flblt Nojoto",0
Hpawa oaw paw pawa P,0
e e!h DBh 4 PP F iInbIt2 d eR Rais als fge! THE LALLANTOP,0
ItK hJIL Inle h 2h SHS,0
m. cramge,0
h  h he itunh UniGreet.comd RRAT,0
U6(h]b2 2 3 PIcdESI WWW.PICDESI.COM ILPS f5 chtT $h -,0
11949,0
RT,0
"12 qT 3II4ql www. HindiTroll ain https://www.facebook.com/HindiTroll.in, Ca gl3it ac qq3 $dgR qe 2aT",0
h hh,0
... INOIATY,0
ftB Ifte Kh3 dh hIL p  FL EF f/HindiTroll.in www. naldj1 HindiTroll .n,0
M Nd 65:g,0
hhhsa,0
f sfo  Nd 65:g M,0
Yy sRI4: cichT  aRyT fah?,0
"""Pyt oa $$ dainikbhaskar",0
$Hch IPEJh <h IPhP,0
48 feriletaten heac Fpseh cpln Sfa,0
0621 NDIA,0
2GB,0
IpI: tE'S,0
h Happy Dashahara -Fakre alam Sid,0
f3 3,0
qbqchl H,0
"pIe ig at HRdI4 3rART  t Ea 3RdmRr  44 yc, aq t at R dppi I?h 2h'pP>hPF Simranjeet Singh Sasaram - 2 weeks ago oh  h+? 3Rgd1 q qx",0
c 3 fc  INDIATY,0
h,0
feia,0
feia,0
3 PIEI hlint,0
EME,0
at fibe leals20 i.y. inp,0
## hhhb #,0
"YourQuote.ir q ""ee 1ESI Happy Dussehra Mukesh Gadri",0
q bh  GAUTAM PAL,0
U6(h]b2 2 3 PIcdESI WWW.PICDESI.COM ILPS f5 chtT $h -,0
hph 0 3TART,0
HOT meanahile Yog,0
elnpia s pa,0
"12 qT 3II4ql www. HindiTroll ain https://www.facebook.com/HindiTroll.in, Ca gl3it ac qq3 $dgR qe 2aT",0
THE INDIA EYE 3R33c PNBscdaacdg ThelndiaEye,0
Ih2j hIH Ihe '9lB KtJ 9lD 3,0
ichah,0
Intpis aay 64 Hq 30 3 3 8fr4,0
h,0
G@10,0
G@10,0
h yH) IPeJh ?h,0
ACHHE DIN MEMES,0
: h 3,0
RR ACHHE DIN MEMES,0
"Nobody. Drones at weddings: 10:20 AM Apz 4, 2020 - Twner fot An",0
h hh,0
96  3 33,0
@10 InPI2 k H-9,0
sarafya Rraurara! 00900,0
pnb,0
"da aajtak.in RIAR, SATGR",0
Azhan Siddique @siddique_azhan Translate Tweet,0
aR3ARchT chIgqa hph,0
33 3 E Hindi Quotes os.blog,0
RLVE,0
3aa  fbdl ai fee I f qT INDIATV,0
patakha.in.,0
ya amy stock pnoto,0
HR 3f dq 3 dql4 eRd INDIAT,0
9,0
qaff rffg ot,0
Godman Chikna @Madan_Chikna Mybrotherto myDad after Iate his portion of Maggi TheIndianEXPRESS,0
nappy dussehra www.snsyerie.sllsh.com,0
aeg..!,0
"karan singh @karankiru224 Iconic moment #Ramayan 4 9:53AM-Apr18,2020",0
LOVE musestx Yau MEME,0
. AHES Aap baar baarmujhe dararahe hain,0
aa hchPchch nHelo,0
h,0
?h PIe IrIe I3p mh I lle elge hipe n ch 0:173.2K viev h SOCIAL LIST 1 9 60,0
hh  p  I6 R,0
. hb lojoto,0
W?h  h? p>Ik JJtIE cichhd,0
Ryh Reaefah 3 RTOTPM et-fe AAA FAKE,0
q wa h 273 INDIAT,0
TAR RIqUT,0
<IquT # dRd yIS ef HUR... eh  he thIe FH 5 Lbp h!le Ipl Ihtt InbI,0
# RIquT 5 Uhle J 4T MG,0
"sicrqfar RquT H aRg ""dIh Ih 5I>E a aft ai sis Tef &...!!",0
h,0
Diabhhgploblhr iaRse s!o? ??,0
dT yT  3IIq dc5 cpHt A Fallow Cartoons at HemantMalviya73@Twitter,0
Thg le ann bloh Jpag le lak an T3C Ua @ DE g 303 yeger a deglel fae?,0
SCRAPS99.CO weRAPs99.COM lnbl le s,0
JokesFb.com,0
99Bol.com,0
Ho 134,0
hn H bh,0
eaa.,0
nrapee No Sharia!No IslamNo pederast Imam!,0
How Abdul Karim Telgi pulled off one of India's biggest scams THEBTLIFE Mutshell,0
bp9 etfsat fe i ait fa 3ie3o eeahae IdltE iiaa,0
@jio k tacha#rochaktathya Goo,0
ll alir 87 t ag t t a t,0
Pamaal weexlY f fore fayer .. hh ble ...,0
"Posted On: @illllovebbbbu ShareChat ghfas-i iie JMGIR, www.newhindishayari.com #R GooglePlay #",0
28 29 a Aap chronology samjhiye,0
BAAHUBALI-2THE CONCLUSION 310 3,0
312 3c t astfq oy t   t aassc eDalle rbllehghgte oo aeqgs3 aae TODAYBREAKING NEWS,0
3R  hh  #MociUrstoppeble,0
BANK BALANCE SRMOBILE NUMBR,0
R Translate-Tweet,0
NATIVEPOSTIN,0
hh9h RPA PM,0
amaruala.com,0
RR Url? att,0
DB,0
3 s iph,0
Inbl HindiSatire.com,0
h Ye hai humare values,0
CHINTU TIWARI,0
Source: www.gozobhindi.com 96 965 . /gazabhindi 951802622,0
965,0
ABPf@abpnewshind 21 NU h. @BJPRajnathSingh,0
ER3 fe 33 33 H3 f36,0
STRTEHIGTHR 3f 99 C,0
Bbbc3Pn,0
- -,0
PtI ePIhbltHy asianetnews.coM,0
Posted by: Posted on: ShareChat @__pihu_ 64 ET 3 a Hq #fRh CBIh GETITON GooglePlay #CBI,0
ia 9hhgh,0
happy birthday to you 23 02,0
b he bh pe ea Dna o|gt uja fyuqcGcd u|qlq,0
If you want to shine like a sun First burn like a sun. Dr.A.PJ.Abdul Kalam,0
3,0
h 3 10:22.PM,0
f,0
2bhhkphle b .,0
45 e f,0
"1962R 60 Kapur Singh Rathee, an 82-year-old retired Subedar from the Army was at Galwan valley on the India-China border when war was 1962",0
40 n,0
RP 1. 2.,0
d3  so ers t  eeaf feadeaeasifouo Support CAB-NRC,0
more details click here.. SeG qf0{HT q qgq a14],0
3,0
Jeff Bezos Inspiring Story 63,0
"qh3hc 3hch. BBC21hours ago MEMOLOGY56 This isrobbery,. You understand!",0
3 Eb.meVn,0
Eb.meVn 3,0
2931944 .fas3,0
faarafcaeeit 200,0
3   3R tRG www.dilsedeshi.com,0
e hra hb h a,0
aRss 3,0
hdle,0
4 P,0
Sunil Bass at ~,0
Red Fort t fa 3,0
Wlhhra JDS-ai a 3G,0
hmenail,0
UTOR 2ch a h,0
I pSp h 6,0
f f,0
f,0
h3 L-bblnl,0
.rafi f2f R fRR Jay Hind,0
Fhn np  h,0
34 343 Fb.me/UnofficialPriyankaGandi,0
RIcl,0
fh_qr_m_a AR_SayR_anT_AR_ f_9__4,0
M 15 20144,0
@wilson172 Goge,0
3,0
1C Ra K2hn NC -,0
1t 21f f HS,0
co aif ger pmcdi eWd ge ea iePewele3,0
arate 3srset iePewele3 eWd ge ea co aif ger pmcdi,0
iiin ynahh9dae!e h afyttf,0
BH4goi3dred SPMCARES yearaealel agih-IRPh-op,0
hh n --0-4 ..,0
P2h CC,0
HEADLINE24 Q HRhch ihf -,0
G Ph 3S,0
i 2 19 arc ST aai rel g... ddl Rel,0
ELECTIONE#UMLA 3 ii h 122,0
429194052 ShareChat Hh h VIDYAVAHINI sachn beet.ha,0
66 E 66,0
ah$P 3 aat,0
@bhupinder8511  ghlle Ph lhp hl,0
.. 72 2h 2hh9h 3100 P hcpPal 80 39,0
b e      Nojoto Prince singh,0
eicilgs ai  faea 3re dar en,0
R,0
Plle lean lnn ale gs elela e hagpe eah p Qhapa,0
ppnlt ICRaRa lP 1tR p qG [qg,0
Post karne wale: Posted on: @162835624 ShareChat her figat s xredpost.com APJABDULKALAM #Anmol thoughts GETITON #anmol thoughts Google Play,0
Ph A 2R B DS2 000 5000,0
"RSSa fqyAft TEI E HRdq dal q ICRaRa AT 6-7AaA a4R, 9  2 f: Hqd HE [qg ppnlt pie lP 1tR p 1}} qG",0
"30      n  Type""Om Sai Ram"" awnuno yonyse",0
ydd faa h e Ibh  b,0
ANI h9 HardikSayani,0
3 h9 ANI HardikSayani,0
f-15 h    n,0
4,0
Posted On: @41581326 ShareChat 9ePe E# GooglePlay #,0
HIGHiO @HIGHiQ.IN 500 536.2 127kg,0
PM CARES Fund,0
22,0
Motvat speae,0
h f,0
R nyd,0
t eeee? hloappahpp gpo,0
ceenoder Peghpale les,0
chfc  gk_questions_daily,0
ailfs4 HR 12a y8 WrP? F ed th Hp?Jb L Mediadarbarindia A Mediadarbar Mediadarbar Mediadarbarnews  Mediadarbar.tv99909-13123,0
/UPsCExtraAttempt2o21 eshesae dae e3echpaia lano aPhe a /Age Relaxation,0
Secularism -Mota Bhai @We_Anti_nationa Le Modi-Hypocrisy,0
exam162162 h 160,0
fe dftH3 3 wAR SNRI,0
dcISRol 3fR How To Stop Hair Fall ?,0
NAMO  fT3 R  i e e,0
3ShareChat . us Mz.Mandaji_Dumkaharkhand49162043947 edknikata mm #gldkolkate roll#eli puie?kpkata#,0
fsa,0
. wh,0
PhPhh 3f 3 335,0
R Jatt,0
News240 @inews24tvchannel @AmitShah #KumbhMela2021 #CoronaSecondWave Translate Tweet,0
P  d ????,0
faocoll ALBERT EINSTEIN THEFACT LIGHTE,0
35 fdlcit eeesodl aoba a ape ahalle,0
3 SBIPI BIP BIP s nfff fs,0
h a sfai uss rowa SRO SCIENTIST BAL NARENDER,0
a h sfai uss rowa SRO SCIENTIST BAL NARENDER,0
edeiyesys sssss EL hba9 95,0
95,0
-,0
96h66,0
MIENI,0
"I will never give any such type of pain to my devotee, which my devotee cant endure.Yes,it is true that1 take test of my devotee:Sai Baba",0
@_ummati_ -women   py PEh,0
Roleaalda ppole,0
....,0
SG 3 HwWohd,0
hh 3 shinde-ahe,0
ff ire MARVA he k  10,0
?ea qIh  Uela qStRas,0
International qollal ers3,0
@_1_ s Hi yRd... s  ay GETIT ON GooglePlay,0
Nojoto,0
PAGE NAME-ERHIG UN,0
"InI 2pF:P[e 2hI2IpgJ  >hlI] fh4T, chsI- 34cht g  3laT at  IP?4 IFr lt 3145",0
VOTEFORMOD,0
SR104,0
3q Rdd at af 3y 33 %6n,0
NPRS Hald 217E,0
h,0
h y h f hb ff ph bh2h h ho 0l 4,0
f Result s,0
"The real world lron Man.A Patel on his 145th Birth Anniversary. architect of United india and Bharat Ratna. A freedom fighter,fearless leader, Remembering Sardar Vallabh Bhai",0
"A freedom fighter,fearless leader, architect of United india and Bharat Ratna. Remembering Sardar Vallabh Bhai Patel on his 145th Birth Anniversary. The real world lron Man.A",0
REMEMB elle gee,0
3,0
b.cor rkhadut,0
2,0
DaddyNeus ShareChat 3 LIKE.SHARE.AND SUBSCRIBE FOR MORE VIDEOS,0
f,0
BT 34 ereyecafeld al 2h hPhaa,0
qSqTHq Rs3 3 Post Maker,0
Follow 5 @Dil.kii.baat.dil,0
Hshhh Marc 19 DB HO+,0
staging-tasting-teg,0
Wqq   MA UNVEREAl oe 20,0
ARr.ra,0
STARTUP DEAS hlle hal  Ur2 lb YhP?b 510arg,0
Dont cut your hair if you are Sikh Its my humble request to all of my Sikh Brother/Sister take out 5mins to read & shar the Post given belov,0
33,0
56,0
NPR HAlls Ic!  - SIOSTTI 3 eITa,0
raridossi.cse Humari Dawa Remembering the father of nation on his death anniversary follors -HD SH D,0
Postedby: ShareChat Posted on: @arunpatraj phe B pP MrurPabro,0
@bindijokes786 Rf pa g,0
OLD ADS ON UNEMPLOYMENT  g SUSUSWAMY ARE BACK TO HAUNT MODI,0
R 15 Thagdunly,0
R,0
hc 6hAeeaDna pbnpaanIgeUnplle,0
R72,0
h Best motivational quotesMOTIvATION video MAAF UNIVERSE-Allin one-26 views2 hours ago,0
OstanChat  y... eh i...,0
@41798178 Shareh 5. g,0
2024 45-45 h,0
H 3,0
fe,0
3 Tik,0
Tik 3,0
Bhosdike R,0
E V  ft   Ra,0
SmileWorld. SmileWarld.,0
dd AV Digital GOCCCCCCCC,0
66 hh 99 (1997) CHAMPION ik the idea of good governance +I am happy for,0
9h0989 Ye toh hugg rha hai chutiya,0
40 th19h HRChRHCch,0
Departi olRelatiensd Panjab digarh chadl aft.. hyo,0
dhHpH i Part-2 with Real Story,0
3 VC iih.h,0
Bjp  4,0
f -.. -BAf BA #BABA,0
4 Bjp,0
Happy Birthday toMahendra Kapoorji fs,0
3qRol alR dR   ian,0
2,0
INDIAY THU 07:09,0
hh- h 3T1,0
h 3T1 3 hh-,0
RDAC,0
Police t r  qt ?  8 police   PM 3,0
modiatslt,0
a today is birthday of ro nan 3,0
nh fJaceoook.comanmoiyaean.an,0
"4A.... We are different by religious beliet, but we are all working together for our sole hunger relier -HENOTR",0
... 12:10.PM,0
12:10.PM  ...,0
1 @Chalohindie,0
AAP,0
d 3n   09,0
India400+ RSSBJP hd 3,0
Fb.com/lamwithBarkhadutt,0
Mahatma Gandh,0
ny,0
at yddge,0
nhi 3,0
LOL,0
yfo,0
hlle ... H,0
a.a nn,0
INDIAY fadrgd a dedissidid Cot at de. INIAAY,0
ONEWES 3 hou p Rest.,0
dIq 3T3 E U 2I4 3OR4T qSI,0
fa DRAOPUTHEROS,0
ag,0
Setyrgt 3 IL 45,0
alldaleagar lfetotfee Telhjaalehanibrb sh,0
bap mlemafa Helo MisterSuccess f at a   Hard Work Beats The Talent MisterSeccess #rochak vichar.rochak tathya #rochak tathya #rochaktathys gPay,0
Geraite gert ast e,0
f H,0
STAERAE SNSULAOISERKI,0
Hindian @hindian_ f ~ @hindian_,0
3  3,0
3 h fafr 3   R hhe,0
5 fariae 13.6 3,0
i,0
q?3iR Palte EXPERI aig RR IpSh,0
R,0
#go ..,0
-Mahatma Gandhi pSiraanan Bapuji yeh kis line meln aa gaye aap?,0
ahsh a .,0
OK LIFE CARE OK LIFE CARE INDIA MLM BUSINESS 3 3c farafed START YOUR OWN BUSINESS,0
"Remembering former Prime Minister of India,Atal ji on his birth anniversary MEMECENIRAL R A great politician, a poet and a man with O haters.Massive respect",0
Schf 34 PhPPhhh,0
2/7 4 22%3 A 9 1300032 20 March 2019af con at Bp g,0
1962 3 60,0
f,0
fa @RASPUTHERO,0
ara feie ssansct 33fa f TAXAB Share & Comment Manu Gaur autorg in/,0
h,0
h,0
-i.g,0
46 -,0
yeat 3,0
#f Caption Kingd,0
h h 3r,0
5:57PM aat,0
RDS-,0
.,0
Ehlepye ssigaaa,0
s,0
RVCJ i,0
U>P W9n dl2p hh,0
"a Lockdown  RR. nn YOUTUSE CHANNEL. PADMABHUSHAN JAINACHARYA VIJAY RATNASUNDERSURI 49555,9223349533",0
Ph,0
BIP pap  nbeah bhh,0
R,0
dlqd paale langl ohi Download Dailyhunt on Play Store,0
a ghc Repaangg ancae,0
9 9pPh9hb antgadge babe #sant gadge babs,0
Ihhs 3 3 344,0
ftenstfa p2h2p,0
hae 34 Gy,0
I Repeat..,0
Nojoto TShaikh Salim,0
21 Lock Down Update up-to 3 May,0
3,0
hh h HPh h @ronak.kotecha,0
45R XP60 KhKEEL,0
hh Oxygenet,0
Z435 p9h Pp 59 Rate,0
#modi_job_do #modi_rojgar_do 16:01,0
h f,0
"40UP 70 Pldlm By News Desk-May 26,2020",0
f  f Jblola,0
h,0
"When your Crush Comments,'Nice Haircut'On your Profile picture. qeneiratfheretnet.",0
HappyWoumiy all wo h ph 15 hsbPH,0
f. R000000000e,0
bh -anf yhhs ahi.chi tumhari iBengal electionrki tayarb bhosdike?,0
PM h,0
f241 tupueg euneyer,0
Our Race is Lrng Belng Mankind isour Religlon. HinduMusl Skn.Chrstan thereisnoseparaterelgion Sant Rampal Ji Maharaj f GyanGanga.or Visitowww.jagatgururampalji.or,0
ff NIDHI BROTHERS WRITESCG,0
JAI GURUJI,0
33 d,0
aa,0
"IG|lcrochakfact nteigent 3 Hand writing e Forge o Follow & Sha @rehaft Share"" ade 7gePay",0
h,0
deveshnayak Oswr 2 a 94,0
ceras feesns3nscte f iagje  e9 TAXAB Sha,0
47%20:33 12comments  Comment,0
47%20:33 CO I O1.4 12comments  Comment,0
@162835624 ShareChat che as igats #Anmolthoughts #anmol thoughts,0
h,0
hs15 24,0
LAL DONGAR,0
click GK,0
ehl,0
e t   aaaoeepop,0
ravigaur2000,0
ee hy,0
India-China Face-Off ele,0
ele India-China Face-Off,0
2024 R,0
f,0
Ph,0
15,0
gelugneged@,0
hn gelugneged@,0
gelugneged@ Sharechat,0
3 3-33 hh,0
Medity fa h www.moforgmorgsmodiferpmorg,0
aa.. i #StopPrivatisation #boycottPrivatisation #stopSellingPSUs#SavePSUs #Savelndia,0
AND1.2EILLION INDSANS DEDICATED TO INDIA BSNL4G h 22,0
3 Inttle hltt3,0
2012269319 3 P Inttle hltt3,0
Vifalinindis.ne 23   fBP,0
Hs pgcahah 3,0
t.,0
3T4 aistase Hs,0
683  11 Marh 2021,0
"sharechat ggfa-i yd wwwaewh hindishayar.com JGOR,",0
Kya paap kiya tha yaar maine,0
879,0
-3 If lockdown'll continue like this. Then onty two classes will remain 1-Rich class 2-Poor class Middte class will be extinct... OVILLAINOjIO YourQuote.in,0
NAMO   b   i,0
g sa,0
atha -Water sohab Youruote.ir,0
1962 60 4,0
60 4 1962,0
"ZEEBUSINESS Petrol Diesel Price 12 May 2021: qga t gl <?  qal- as g, Hqs  100 a chq, TH Updated on:May 12,2021,07.42 AM1ST @RoHitiwari petrol ka rate dekhte modi ji.",0
#UP$CExtraAttempt2o21 er afet y eaeush e paa aphe2ba #Age_Relaxation,0
hst,0
he   a 4R  iat at n nt mA 3,0
kes hi jok,0
hp De,0
668008 5April 2017. 1900,0
34,0
hghlla hll,0
S newsr,0
ff Rss,0
ba3e giccacaa crleragpo,0
10 R aat,0
"Happy 64th Birthday To Chairman Of ISRO-SirK.Sivan From A Son Of A Farmer To Making India Proud Globally,This Man ls Such An Inspiration, He Once Cried For The Nation",0
"OHMEB Executive board""",0
@i im pa  e  rr f f,0
ch,0
Bhole f. meremahadd,0
"ferese,tce she h wida sh Joe a lldne   e appa",0
-3 6510246,0
phpoada Inlop paghaphral ae Heqle lqeotdolls,0
y. s,0
H.. OWAN R,0
r foofo MSuppertYog4CM,0
h b,0
No First Use pe tt GHE,0
ad112 www.everydaylearnnewthings.com,0
"fMahatma gandhi memes Viral_bapu, 3",0
Hecchsch,0
sis Guk vorlc lalggilah n  3,0
RIP,0
.100. . .1.000.,0
BREAKING NEWS MAIBH Bihari 2bdh,0
Aeyp115 Eritrean Mother turns 115 years old,0
Ple 33 How do youget so muchstrength?,0
yfa 3 Translate Tweet,0
SHPgh hh,0
6a 3 RSSy WTF,0
50 RZuckerberg ?? eeee/ee 3q Facebook ch,0
15 R Rsa,0
he f,0
pP II82 I I) aAaR at si2,0
b|$ qq JP$h !E Kt I&2 HS hIe Ih IE HindiSatire.com,0
RSS3 6-7 2,0
12,0
"INDIAT'  leae Ee fEdlqd qT SIpse ""aing l e? INDIAT'",0
Posted On: @2012269319 ShareChat 31 33   DhakadBaate.com plobsiplo# GooglePlay #old is gold,0
"fw AE, fGRAchT chT  Rais 72 q141",0
99h ftfaY,0
3 MORARI BAPU'S ONLINE ADDRESS TO IMC (CHAMBER OF COMMERCE- MUMBAI),0
1r!r P3 f4T hgT MemeChat App -#bP Kya paap kiya tha yaar maine,0
Dr Sharad Singh 48y R,0
pallt 2let f da fac Hrd affarderdr HR fqacgqR,0
ddRI o 2,0
G. w.Ssc_nrt_tcs_current gk_poln 18933 31894,0
Petrol Diesel Price 12 May Updatod onMay 1202107.42AM IST werlo petrol ka rate dekhte.modi j,0
Result t  H,0
eaeeh aeoogphbaR 2 h bh,0
34,0
fro R,0
fnetafa faett ... ster eenaae forfes ... aese,0
@voice_of_heart_301l,0
eh lle leop 3g,0
f 5,0
f,0
RR,0
geeeag 3h 0 a,0
f,0
Posted On: @pagaldhingali ShareChat E h #R GooglePlay,0
M Motivational,0
HAIR LOSS Shle,0
fas afsy?,0
R EVM ch,0
"16June2020 NDTV 320 19June,2020 alil ge9ddc",0
LOCKDOWN celod   Ph2 09a ahe aapphe n,0
10:12AM,0
EXPER ISRO h99h ISR104 hh,0
AN!@Highbpnews3d Breaking,0
"3 33R, me TP Ph $l Nojoto kjl shukla(angel)",0
@shajarekhwab Dr.Rahat Indauri Aastl shajarctheal,0
9,0
PROTESTERS:-JAN DE DENGE LEKIN APNE PAPERS NHI DIKHAYENGE,0
p afaa f m.dagar,0
R,0
VidStatus ShareChat mogmaghnd johe f,0
@unsolvable -Mahatma Gandhi,0
FOR MORE INFORMATION MUSTVISIT 10 1692,0
Lltle9h ph2b Tik-tokgc hleThle,0
Coronavirus WWI chRIdI aRRT chl chicR Tad Sddi cidf  3 wu  k p9 q9E Re RJ I3 IRllek Wl y2 Jy kJ WWW.SHAAR.GURU,0
i ne to keh kar le li  Pehle Elvist Fir CarryFir Guruj Harsn,0
Asian Paints /Dhukadab 10 ohyaaro.com,0
kes hi jokes YOUTUBE IEt,0
33 1ge lcy ye eB Hagat Rt ah aat et soeee aeepge 5-6! 90 LOVECOVE.COM,0
31 qoj-  saeh  peheaShp qfae-3 f3 p n ye1-h,0
HR qet a al al g al,0
Tik TokIs Now Officially Banned! ToRT!k Indian Govt asks Google and Apple to remove Tik Tok app from Playstore and Appstore respectively,0
Agratfa ardi AD PIhC B Ph9 IP 3it bfar Giat 3,0
Ph-Ph shlle 5f- Tik tok  h ww.w.nmanokesadca.com ibqndb ASARATNCR,0
PJ -h h e hh n-h hla,0
31 g3 n inle ap wg ah 3 ..,0
U HtlE L lhlP?It %06 P RR44G 3iR... 2p t$tIL  %0l 2e JIb,0
3 fHerite f fai -2 ohyaarocom,0
9 P  lE e a a a  RaaR ii  P HE L,0
s  ay f,0
DOWNLOADTS FUGGUGKESAP,0
31 -3 idjn e Ihe  hlahh-s fle hlle sJhe 1dJln HA,0
Gsat.in.? sT y-Actress  Tik Tok .. 3iR 31415.. M5q q193 PUBG RAPUSSHAAM,0
34 - -q3se... e...,0
h LOL y,0
Reporter3 f  Celebrity:ef Salman  c ol e,0
"PAh Pph hlle ""Eh ultimateright.com",0
foogcdlo sle sn ye r r mn 3- q- HA-HA!,0
o.com,0
Ladka-mujhse shaadi karlo Rich mera bhot lamba hai! Ladki-kya? Bhot rich Ladka-anubhay! C*ndom lagakar hilane waale Ladki -theek ahi mai taiyaar hu mera bhi bhot gehra hai Ladka-kya Ladki-atmavishvas!!!,0
ER hh  fg TikTok,0
hehe iyy iche,0
You tube t  Baskar.in 3iR tik tok aln as,0
3 Felt 90,0
. MajakTak dpb oaehhle,0
-hi dad-what's up -loardr -e.rl -hot spot ww. hot spot   K/LoveSove,0
HA-HA fooccdlo Ihmh Ipenehehk Le hahlle,0
lh taeeH Pe te Ih CHck Here Funnyindijokes.in 1oo%cg,0
ATUS.IN qwff d,0
3 Funnyhindijokes.in1oo%dcg,0
www.99digest.com Shhe 3,0
"""yune 3  hodph Valentine Day onvaaro.com",0
RIRRCADc IlegIlp,0
f.... 3Ruau... al.... cI I SR  l R,0
olobaf NEWSIB R3R alle lebd,0
Si- 3 hen /- ATTITUDESTATEIN,0
3h  tft... staft...?? Loekdown2.0Jokes veg f4 GITERA,0
TikTok aht anR,0
5 fci PUBG JovesWolo,0
at instagramr tik tok pubgh marks  Ihhmhge KinaiDigitalCom,0
GyaniBaba,0
31 C.G.Tixtok Video -,0
"Laila aur Majnu To karamjali me Mein tere pyaar tere pyar.me kaun sa engineer ban gaya?? me lut gayl,badnam ho gayi,barbad ho gayi Majnu Laila",0
ATM. R 1525 NEWS,0
Dont Woy Your Bf is A Tik-Tok Star Tost,0
... 3RR - HD,0
Jokes Try KAHANIHINCL.COM,0
12 chT ya afat Tiktok yGR,0
Poated 310040 Shsrechit Patedoc 6571589 ShareChat a Corona a Virus Corona  Caller Tune Google Play KS-LK,0
w3mirchi.com TikTok adiqg  aicilqs Ris3PubG,0
S  f dold NEWS18 103 s   c e o  er,0
c1schdlct c1scht g<tot ar2) h8 TIK TOK d 4. s f. #PUBG HJokeScott,0
3iatar3r3 iieeeeh Jokes11.com,0
3iatar3r3 iieeeeh Jokes11.com,0
3R PRT!!! HaE??????????????,0
PUBG 3iR f RArarm,0
Jab koi bandii aapko esee chutii haito @chutiyahogayana Chutiyaa banne ki ghadii shuru ho jaati hai,0
"HRast at, sr anRcndt! HINDISHAYARI.BIZ",0
"abshayari.guru Corona-Virus i""lhB I6 The ii""kPt 33 AbShayari,Gurus",0
"When you made a sad song but chapri tik-tokiya and memers turned it into a joke dilwalepuchhdene chaaa ooooohhhhhhh,aaaaaaaaaa",0
f,0
HPubg Pubg enemy down toker cht gch ahHRT f @kadaklifed OAIRP iotemy 3 sorry enemy cht,0
2    e at  H        nnhpee,0
3,0
fa s Facebook  Tik Tok  sayi,0
arl la qnacnn HJokeScott 4C Yeelc TikTok w FE,0
Pp llh hle  h phta KAHANIHINDI.COM,0
Tik Tok COOL BIOS,0
The  of 3 is  from the l of Hgal with very - The Hag s from the door &  .. ohyaaro.com,0
S h -. jokesmantra.com mejokesmantrs.com,0
"IhgJ E[h Ie lPh  lh 2le $ JPIh I? qR 3 qd 4R,  gq q2 a1g f9R qa faaq] 313 Funnyhindijokes.n10o%dcg",0
nnth SAOKES,0
Wrong  iPhp,0
ihgdlt yfa  .! ohyaaro.com,0
5 ayalle,0
TikTok Jokes 193 2h Ihlh12 Phhe,0
9hsh 2h Ihlh12 R3 193,0
"exam3 /ShokkadBabej h pubg,tiktok,fb,insta Ph Ihelhe",0
Achdl?1 datc ?,0
RHcll d: aT dc d Night .,0
OSHAYAIARY www.shayaridiary.com,0
views 10000+ H= GCR,0
e eh  Ihegdgheqep ii e R-R3 31,0
Heait yr aie aet GCR BHAI B.H.A.Imeans. 10000+ B=Best H= views,0
chf Haaro.,0
RRPm,0
Beti Bachao Beti Bano,0
ESPPe quy Inn,0
Coronavirus GURU Www R 3ra gI chl aoit ai dod I8I 2QR2 R I3 Ie IlP 3 aIqRT 3Iu GoTE q 3Ilche do 3 WWW.SHAYARI.GURU,0
Funny Looooooks5555 q...s ..aa.lr MEASHTERAS,0
he HT ATM SiT IP  2le  qtul Paytm 3IT,0
yhe 34346 31,0
Sachkadwahal Sachkadwahal Dad:Mera beta ek successfu doctor banega:) Mom:merabeta successful scientist banega Beta:Tik-TokSuccessfullyinstalled,0
F hllc epaa aec JaheScoll 2d sd feas Pe  ense n a 3 huf   f t ait fes.,0
iEE 2h RT Rra G153 Ine,0
"Hindi Jokes .. - urdtemit ait, MSI-3R duar drit aa??",0
bE!2 g?  TikTok TikTokinc Open Contains ads In-apppurchases 1.3* 18+ 26M reviews Downloads EditorsChoice Le's50o,0
2a,0
TikTok a PUBG  Army,0
3 s nleg hel .,0
Tik tok 200 ake ki dunlya pytm cashback fci ....Tic tok 3loc HR R @joke_ki_duniyal,0
YOYo,0
R-,0
jokescotf.com e Tik Tok d Bollywood Stars oleSan wJokeScoH PUBG ac 3haff galo!,0
HJokeScotf yl$aT pT Sp TikTok tUninstall aP,0
A hl,0
HRChR Tik tok a fur.. chch,0
faiays htfeaai,0
sd,0
PUBG  tik-tok  BhukkadBaba P,0
3 632rePire,0
Awe Darbar ... pawezdarbsr utar creatoe 168 18.6M 652.8M Folamrs Messege fof CLDAD TikTokpar FamousKaise Bane?,0
- 19hK Insta@Hindi.Jo Had..??? -hs 13 -,0
TikTok 3it PubG   NsaetaD,0
www.kuchkha.stech.infe 2222 ell al and  a t af,0
afh ny Jokes1lcom,0
Hahhoo,0
Dear Girls adventure ars4.. qa1s4..1. ohyaar.com,0
Insta@Hindi.Joke Hchdt R,0
f,0
500-700 Shaheen Bagh t ac,0
.- .... . a..,0
yhhhP63 24,0
ERUEEO Bulati hai,0
Anjali Meena @Anjali_Meena43 hih ya3h 900 Transiate Tweet 16 PM04 Mar20Twitter for Android 1/Retweers 38 Likes,0
RanbCans 3707My20C 282Reteet4.085,0
pcalRddQ ols ald 3 dcd did,0
dcd did ols ald 3 pcalRddQ,0
h b hh,0
Mloniia ingh @yMonilasiegb- 3 CransiateCeccet 188 Retwaels 826e,0
VIKRAM @Gobhiji3 hCM MC  306 Translate Tweet 1019AM15Mar20-Twitter for Andre 260 Retweets 1Z45 Likes,0
f,0
SMILEWORLD.IN ffat3a35 iprh POSTEDAT MILEWORLD.IN,0
MqT q6H ch qI4 2 yqqI q 481 4m1 4R4ic*,0
hh h  hS 3 HindlBate.CoM,0
hh h  HindlBate.CoM,0
hhh-,0
Female Male H Waman  Man  SheHe,0
14q f. Kes slestl.con dailyhunt,0
@110337817 Ram Kumar Verma happy mango dy,0
okescott.co 3 3 3R uJoke,0
ERDEE .,0
.,0
1 s a sT a) Ih?] Wch Ich WHch he Ih  ssW #at BJP aT yR 3 T aT dsht- 3il # Congress wt...,0
dis Bittu,0
Valar.Corm,0
eghllepe 90 HAPPyHOLI,0
Oscat @s0n5302 sharechat . h ih ge aepy-winer,0
h f 028171,0
h hlh h,0
qaT chd 3TgTT Gq c2A realityofvideo | Follow On qRGI,0
lrle.e  Mr TROLL DAMAULI TROLL DAMAULI 3,0
Facebook@thodahaansbhiliyakaro,0
Jokeswala.Comn eHh Jokeswala,0
3 f. afy,0
e  collac,0
a le ae English 3 Tog bi. eWho do this e,0
3 Art Of Living,0
t H.Joke,0
f h,0
ffa3 h SWOWEAT,0
34-5 80688866 qyy-s RT?? Instagram @hindiljokes - iia iih Ph2b,0
2 feaa. Bitt,0
jlbgh eit,0
2018 Bittu,0
em,0
h 3 H b  gh,0
jokesnmasti.in ie iiSh h,0
f e Ihh  c cR,0
ihpe i doirPlle,0
t ast att  be le,0
a! happy saturday,0
f Share,0
a e  g 5  5  8c8 S c,0
da 3Rlo,0
Motercycle yt,0
hht 20000 CCTV   h.,0
h hh 4t... 2h fafh #,0
IeEONnBP P2 U.P.S.C. GK TRICK,0
Ypa hlc le me Pappu ylEdl We R lle  suleh Happy Propose Day 3 acJ Q i y0 Pappu 4Eo qoq Ie?e e e Johic qel,0
Vala Mayur Just now   J h   e H   PI 1h  1  hh      it #26marchbharatbandh,0
JekesiLco,0
3,0
GIRLKF9LLTLK2U 2918 W84ME B4 USLP BOY:HINDI BOL YA ENGLISH MATHSME KYU BOL RAHI HAI? Rc www.rvcj.in,0
@272060059 @aryan9955a All-out JekesiLco . h Sheopygaraei,0
"H flaR, INVESTRe",0
R iie,0
sic. . SmitCreation.com,0
"jokescoff.com yq 5HT 2T HOTSC lP I IPdle] dTER 3TT Id eff. eoke 3T HlaT$cr fRaT  a1, fac1, chctoll, th4ns, JokeScoff flaR, fahsolt, H dER",0
sharechat Sthedlamondgir!     se  a ae e  ele ghlle 335,0
I?f F2 lh WJh I9,0
9 LITM unky Life PEEghe,0
9 unky Life PEEghe LITM,0
Jis Shiddat Se Maine Kitaab Uthaane Ki Koshish Ki Hai.. Ek-Ek Lafz Ne Mujhe Sulaane Ki Saazish Ki Hai..!! LoL,0
H p>IPe Iz bhh P>cb WtK Ke 9bIb h2  L 2P lle lp!t bhb HIF a T 9 dCd 31 7 3 I FE  he 2l  HPP 9It Ihk  b  ke We4H,0
Hf f3 -PRR f3f RP pnhe HOREEWHO QKH,0
4618 HOREEWHO QKH,0
3isa 888,0
3ff HEPP 2Wh f2024 2Wh,0
"FB,Instagram  P",0
Ie us he E Happy Hug Day mage,0
fot e... r,0
14 lindi ICS 44,0
funny jokes  3  a 8 - 10 fah gHT f< t qG a4 af g3T 34 yst ra?... to be continue,0
h hla,0
"""wrong e P34 Ihe  UJJ e Chal beta joke sun iUr2 JIh lP IrIPb #PWI,",0
RTRTO ShaneBlastApp H..!!,0
t3. fachns as,0
gs s  3 iSu lee nec g   r fag sger.,0
ogfR gedl aoil ala Wish al foell 3iiR a Belated Happy Birthday,0
-f 3 3 3 3at f,0
hh hh 3,0
cbbc 19P Ige D1I8 DJokeSooff 3ralt sait aane eit et qal ael  f  tWi-Fi gJ Q122 y6 2r e !2a Password ao..,0
2 h .,0
T DAVANC,0
s. 3-h,0
HappyFriendshipDay tt re e yn att   ..,0
... 90000000 h ih,0
"1151 Tweet Sanjiv Bhatt (IPS) @sanjivbhatt .. Translate Tweet 11:10 PM  01 Jul 18 1,404 Retweets5,182 Likes",0
CALLER TUNE HT T CORONA STARTING,0
RR CALLER TUNE HT T CORONA STARTING 3 YAARCI mage Msg,0
"Rae Rae qot aia et 3a at ""Y e Dee JokeScoff qrt -  erqal 3nT f 3nq aR faa aRt a arR dap 3n at I  . .",0
8:30 AM .. chch 8:30 AM,0
Hehh new ideas change the life    #Topic of the day episode 17,0
@1379224852 eSarechor e o BCuly happy  P.Cnly ha,0
fa fc,0
6 h6,0
chg R. Rakhi Sharma R,0
- JokeScoff -mh RHomeWork wakoke.  q at gt,0
k P@$bEE  q a 3,0
Vishal Hindustani @ivishaljaihind I Jb Iy h? IhIe bIb 4   #rashtriya_berojgar_diwas.,0
e t    i  -..,0
3 qw- Rnnn ON 2PJ It 2 b,0
f  Bittu,0
2b TIPS 015,0
3 eFunny jokes Hindi,0
fr fa fa,0
2018 yhtR  3 Bittu Sharma /BittuSharma.Jokes,0
hhe he f SRf,0
Ra fiald ael pa a e  nep,0
heat  HR ht 3-,0
- a  Hg-G q  -t ctch TcRII TI ai GQTT SmitCreation.com,0
@cute_aabhe Osorechat h bnSt,0
.,0
2025 -7G5GB at.. #fhy 15:43,0
abshayari.guru h h AbShayari.Gurue,0
eie -JokeScoff   it yeR p o dsataaf- 3RT anlebpbeie,0
IndIE lPd  k Ihb W HcJ! Seia  yd a??,0
ddbh2e 3 Eemg,0
Bit,0
a  ShariCrat,0
. IEMOTIONLc R ACTIONf,0
a  ShariCrat WINZO,0
ucoy fas e g.. n .3s3 Hindi:,0
h P H h h 1P91 www.gyanipandit.com,0
varrhind.com,0
"4.. 2020 4141,",0
Hhhrc h 2 IPI  I Pp H,0
h  2h,0
Rdac kuchkhastech.info,0
30 F Kiss t,0
31dT a  like 111 Ie kelh,0
fatDr.Johnny sins,0
a- - Translate Tweet 10:43 PM-18 Oct 19-Twitter for Android,0
1jsbhullar faa fHoremic Punjabi tadka f3 Himi ffe6 ehaopy dewal,0
hehh Hthgch,0
SIM PORT MSG Ifokos 3q h,0
si- COMEDYMIRCHI -3,0
eh t ab hlb d .eh 3 yeh H,0
h os.hi.jakes CALL,0
Reshma Ansari (Ek Hindu) @ReshmaBjp RT T RT ch h cfTT hh Te Ie ele t!e de,0
H mujhe gussa mat dilawo.) Don't make me angry. PART-3 LEARN ENGLISH,0
-DP  gPhoto     DP   a-e,0
RLET itndoh 4.. Bittu,0
3 22:17,0
chcch R,0
3R i www.joke,0
afatsf Kk Jokea ro t 2h HE JhUE IhP E p2Jch,0
t -You are so Hot.. Ho  2 okeScoff.com l   h 3il  e e   JokeScoff.com,0
alloor 713 3 fb.com/suvichar.daily notels/h pitalforsalerent.com n just $a ny,0
Ae 2119 i,0
Ae i Data Transfer 2119 Data Save   Viral  fy a,0
GSTf 3,0
-...? 5.. y-...3...? -f..,0
Albert Einstein 3..,0
Babita Phogat  el g w Babita Phogat @BabitaPhogat HqI dl@AmitShahft chT,0
2h Posted On: @10927373 ShareChat CEED #gcp-staging-testing-tag GETIT ON GooglePlay #happy sunday #happy sunday #joc,0
Dove .. Majak Tak johnson baby,0
. Toilet ..... Toilet,0
You tube  998 Bittu,0
h ... Tseee WirhASERSd,0
2 h HindiTroll.in,0
You tube  Bittu 998 84 H2,0
adcrs week Mastl,0
"Zindagi ek Chinese film ki tarah ho gayi hai BC Bas dekh rahe hain, samajh zara bhi nahi aa rha",0
J+e + hlle,0
Efy bth 32ch7 t ? UP2 yh die ? UP Ph6pl y P $p E   SCoff It!oJh ir Im JokeScoff,0
"Alka Lamba India  @LambaAlka Watch Alka Lamba hModi Yogiyhd on YouTube Alka LambaModi-Yogi h youtube.com 12:07 AMMay 25,2020Twitter Web App",0
hph,0
h 9 hbh ii Hh h 3R?,0
ihlle.,0
hhP 3 Phdhhhe shayarishingio,0
f yOT inypel,0
f TunLig,0
Mukesh khanna @mukesh_khannaa hPhPb,0
@10927373 a f.,0
hPhPb @mukesh_khannaa Mukesh khanna e 2h9 fa,0
3.  ph,0
5 r?h Abn apn!e 5 Pubg Jokes edeHhte eh,0
Pubg Jokes 5 5 r?h Abn apn!e iiss  eh edeHhte,0
HAPPY bIRTHOAY wishesinhindi.in,0
pha e e pae chap a e ahsu hap aas hsa 19,0
O gsurajprajagati715 dh,0
Vinod Kapri  @vinodkapri 7700 34 DEEPAKKANDWAL @deepakkandwaluk 7 .1400 khhh chR@vinodkapr,0
5 h   ic 000000 811 41 comments  Like aus,0
34 353 Ae.. 100100,0
"fass 101comedy t First, SecondThird,Fourth a iS",0
.. iiii e e,0
f Future Wife  saR f f  Promise,0
fagfeaas Future Wife  saR alfaiaste f f  f,0
eoh Urblwh,0
.h i,0
"3 RATU R,",0
ch f faa,0
hi HINDIJOKES cht,0
9eeeeeeee hh mh jlltllt Truerad,0
Htlre  Ph )  t) h h,0
h 110 4Comments40 Shares,0
"www.hpvideostatus.com TOss... ""E",0
chchhh jh h333 h h iis,0
pH ha h y *5 hh  *IPSh,0
383 Daillon Jsarueifha yaHsoi fe2 Dhillon pix,0
ietbt h qRri  Rt atgRA  yr? ig latt,0
he ruMaza,0
h + 2,0
15. .. 4$%:Thanks HgSThanks kiss ...,0
KP Lla IPb hE In>e 3qcha3RA# a l$h IEEE qA ?!s - t!oheIb Sch faah at Hr gl... ww.Haryanvilmage.com,0
Behappy   P Id,0
sa w3mirchi.com ii,0
panda alc fn oaci,0
he h9n 9 AC www.SmsDay.in,0
ittlla  ee 24l Kes Hh 31 f!,0
nfc f hero heroine  IIle2,0
.sa . 3ie OUUE  2 .,0
.sa .,0
hhe,0
34  y  R   3  SstokAhramNeweChannel SatokCrannd OSatokahrim001 SupremeGod.Org,0
2019,0
2 G+cCHyy 3ghsch,0
bl cba ca h E Hhl   faf200 33 302013,0
hs yh Hffa #ArnabGoswami,0
ACATM  th TATUY,0
A P Mishra @Munna_007 Congratulations. Translate Tweet,0
3Mrchi R fa. 3 :10. f,0
hyhqhc  l  303PV,0
Height t 0f Insaniyat fo aft Pero Pe ait atg t suct gs. dst t aea  fa sJokeScoff at ci$a at fog at aat ?. SRd.. Jokescoff.com,0
4RdA 3TR aTiaT chT 9f 3Tc1dT I HGT  AD 1L IPh Ip yp RhR STUDYTEG.COM,0
broughy to you by www.jokesmantra.con,0
hh --fa ..p hhem JokesWala,0
h,0
-3 100. 200 -3 h,0
* h,0
3 a e  bay,0
hhe hhe P hhh,0
t a iPhone X   2Screen  Intex Mobile,0
t a iPhone X   2Screen  Intex Mobile  3,0
Tam not feeling relaxed FLO Laughter is the sign of well-being. Rif I neglected you. Are you feeling suffocated? 8:03,0
Monkey qoy . qoq .,0
f dainikbhaskar.com,0
-heie t af ga sa at   ee,0
SmileWorld.ind i2h,0
#RakshaBandhan Special hsh - 5-33 10f 3 - . ShgandgarChutkule,0
2mh ih  yy-a,0
50 h  P h h06p,0
3fmf fAf 3i 2OHR,0
a fado oii,0
Tauseef Hayat 2m ff far. InshaAllah,0
ao haha Inpaa ePl aa  Melnjhafefe,0
W6y w0yw8yw9x ib2 LOLz HAPPY APRIL FOOL,0
gPublic Toilet ai si fr ennbDn ne e n,0
h e hnm aga,0
3.R GHGTESTARTERR e.more.funny.shayoies.ai.www.jokesmantrd.com,0
2 . 00 yaae,0
Hfd e,0
e ys... Senhi jokee hs,0
Ph a fado oii,0
yh R Bittu,0
Math Class Sin30+cos60-tan90+Sin180B SHT a Ans.3 ihmh l-el,0
UC urbanclap partner PARTNERS H19 BOY must watch,0
h GIFT fq41..... JokesMasti 3R3- qR?T G qR2R4T,0
3.f3D 3f @PAKKE_DESIJATT 33 Ren PAKKE_DESIDAT RenR,0
p32h fDoctor q Diwali a Hajmola   whappy dval,0
Romantic style T loveletter hhh h,0
@rohitbahuguna22 ii2 ph 58 Translate Tweel,0
3 chb elee e s,0
"govindkumar15031995 ShareChat 2 9164,0 4RS  B G   Vat693BPt happy ner yer",0
honline,0
"fic e ,    faicfl",0
Height Of Insaniyat t Jokes,0
"t2 2Ah 00l w?h ile i,hb :llt La Ihlh # lp?h iJee Ige lr2 1PE *$ Ple Nele l9h Ib Pl ?",0
he h #3 h h e ph,0
. 3 . H-h 3,0
jaatclub001 : 3  t  Facebook Status SlcI I am happy   .. jaatclub001   3r   Block   t .,0
Aaj Ka Taaza Message: Smart Msg .Pagala CONFUSED? Msg  April Fool?,0
3 hh,0
hh s   3.. 3,0
e  tgjh im HJokeScoff,0
ht  2020    i Bittu,0
Ho 2   Rn STUDXTEG.CO,0
bdaystatus  Birthday   MADIA MASAM AMK.,0
53 MEmoov P6hPhbhh Follow/memewalaghar,0
"Medical,Engineering, AMOJEET.COM",0
ape Ih,0
@manish852130 h qft,0
Jofeswale iii  ifhh,0
Matin patel MIM 5 hrs   dPbhh #o,0
memeNEPAL yeo  o e he aee   ??,0
... Majak Tak Fb/Insta-@MajakTakIN fh johnson baby,0
P~ 98.8%99.2% 99.6% ~in,0
12 2 Hhje ye2l8 lP,0
-250 -5,0
-250 -5,0
si- chf to be continue,0
3fa,0
IPT HK 5lb PJtJJ  E9h 9h Jhll,0
t t  3.,0
h f3 [#FIJ51],0
HEg hp Ph,0
65989101 ShareChat Fosted on P Helo B peppedrescho,0
k *Ct tHead &Shoulder Download Dailyhunt on Play Store,0
-- JokeScoff hhehh lmhppmh Pccch,0
h 3 123hin,0
Tell me  English ss online  4bP EUHOIO,0
. ey Life .,0
Ph @ihe,0
12th  hhPh PPbit,0
co3 Nertarmer Pacen q-f3 dc ol  a...,0
U>e FE IPh p UAlla by F2 IF>E ?eP E  j U%D FF yt K,0
3 onvaaro.c,0
Picarehealthsolutions 4 A appy trand,0
@1430550395 Oarechat happy cubaMems happyclube,0
2018 364c 'Sine DOG Bitt,0
Ra ataya,0
@24546490 LucknowiGir f ppy wint,0
y,0
he 3 JokesWala,0
h,0
H l eesd    d H6h   Tapori Baba,0
mannukumar7033 ShareChat hp 99,0
hospital Helfl!,0
hl hb Happy guru nanak jayanti Nojoto,0
Viral Videe RA,0
"15 facebook,whatsapp",0
d #,0
keScotf,0
s    yd-y R engi ciad? aaro.con,0
f fc,0
fgf H Ihll-,0
2025 ekatarla MUARK_TAK,0
* ha Flt lm),0
.,0
DineshMansera @dineshmansera hh Translate Tweet 8:1328Jun20Twitter for Android 2Likes,0
t - sJokeScoff,0
R .,0
fae  fe IGGavypies aaafsfa E sa3 ara ae,0
-h e h hlle n-Ph 4yhlle,0
6 bh,0
h,0
10 6025,0
2 DisLike,0
1,0
2024 3s  fl,0
mai kaise lag rahi hoon? How do i look? tum badhiya lag rahe ho! You look great!,0
e single friends3 98PRK  breakupaa CeEAR PunjabiDharti.Com,0
n n Ihlt .,0
group- oultimate jokes ata...,0
PK.. h,0
331,0
le Plehb #Diwali 99Bol.com,0
Poppu  entb ed e e Hoppy Propose Doy  aqy le i y0nddod,0
entb ed,0
2101097825 h   100 www.TrueShayari.in ysiap dny,0
5 3,0
gE h ltt l Slt F 2lb IE I2 Ae: +  qat f 31 ATTEI,0
@8094229148shanker 2021 ehm appy nww year.2021,0
FacebookOth hiliyakare .,0
TikTok t aR 8,0
VAKAHA Ibphalohcp,0
SILR  2 Fonny jokesgfollow,0
h h,0
harshitharshu RA hle aar.. R,0
hhbh -,0
md TrueHindi.com,0
Oke C/accumass md TrueHindi.com Hhe yee p ACCUMASS,0
hindijokes.in,0
"NEPAL is the Only Country..... Where Distance is Measured in Time!! ,5Minute i8122 2",0
fDelete  Trouble 2,0
-h R RRIq .. qRTfh -fLC   IPp 2hI4h bH  HindlBate.CoM,0
1533 --,0
..,0
ai an.e,0
g  onsms.blogspot.com Bug  .,0
e hhnthle Hhp,0
f,0
R oultimate,0
"3 gis ot... @123hindistatus.com ir""p? P6",0
-43 ys-Aa SmileWorid.in spuy  SmiteWorid.,0
R4dlc Ph,0
e  2-3333,0
ATTRACTED IUST FRIENDS NOT-ATTRACTED RRI d H[a ad a sg?,0
ATMRom ..Please.. 2i   e ea ele,0
@abhashkumar3 perfume 5 perfume,0
kuchkhastechinfo,0
R,0
hl,0
3i 33535 33 -3 h fay JovesWalo,0
Rge TERA DEEP Instagram @tera_deep11 fiat Attitude ae,0
Mrlove y-,0
3dailyhunt ata-a .,0
. 3dailyhunt ata-a,0
znce Dand,0
aa group Shahnwaz's,0
"SANTA CLAUS    Ruifi, d   DRESS     H",0
3 q ii qf:a!! 31,0
Aaikal ladki ke vidai ke to mohalle ke Lounde ro dete hain BC,0
h iy JovesWola,0
-,0
"Nikhil Dadhich @nikhildadhich #RIP Transiate from Hindi 5/9/2017,9:14PM",0
FUN TIME H f   3     WWW.BHISHOOM.COM ndia's Coolest Brand For Designer & Customized Merchandise,0
-hn Inter-House Match  f,0
- r  t..,0
w3mirchi.com sfb...... hh2Sh d...,0
3 Hi i- 3-3,0
h Smle inlimited THANKS,0
Tanze Tanzeem Raja I Don't Like Totla Pan.,0
Roshan Jha @roshangjha R 15 hchh h. $ formula BAAR,0
"Kehte hai agar dil se ankhe bund karo to life mein jis ko pyaar kiya uski tasveer dikhti hai, To maine bhi try kiya.,Sala slide show start ho gaya.!!.",0
o  e os  ph 3 wR,0
y-g. 3,0
ieeh be Jokesli.con,0
nhhthle kes Hf RGR Jokesll.ce,0
T4oTR1,0
40 h Chal beta joke sun,0
Galib v/s Punjabi 2 -3,0
"QAMEXINGI e epohpe a  h  hlb, yf",0
FIS MEEWDRLDL jlthii,0
ShareChat 33 Postedby. 8txMeme#ka,0
Postedby. 506570733 ShareChat 88000  b,0
33 i- fhh..?,0
GOVT.OF HARYANA Phohh# y,0
ycfaf 8:41PM,0
& lhb 9WPh Ib H +  WlPh hbp2h HuGR ycgq HP   h lb khl cP bP b bP bn allE,0
H.. a... chR... 53..,0
PM ... coaratfa mh,0
Ach. Ankur Arya @AchAnkurArya hn4   9    3 f3 fAif?,0
"Height of attempting unknown question in an exam... Question:What is an Array..? Student:ARRAY is the word used to call a friend. Eg.ARRAY BHAI"" idhar aa..",0
ge!!!  fc Oh Yaa!! Sld!,0
a  np ias-(te sle e?)  .3 applcenaesm,0
@aryan9955a 0s5e0.01 All-out f. JokeslLcom,0
k82 6h Like Reply Georgia -The land of Goojar warriors  gujroke 447 the 5h Like Reply a Georgia-The land of Goojar 3500 4hLike Reply,0
3 1,0
gg2b @ e q8gs Bgeg e e,0
- 5. 5 -5 H,0
. HGR Ph f,0
Phe,0
Faraz Moin added a new photo. 1hour ago Jai hind........ Hum Hindustani war se nahi darte Hum sirf iss baat ko lekar Tension main hai ki war ke baad hamare Desh ke baccho ko history ke subject meh ek extra chapter padhna hoga...... EK THA PAKISTAN,0
18 d phe,0
HG T 314 Te dof aee..!,0
f t  e . 3 #t  a,0
@jokisthan,0
"y  Ihb Sp qAq qR chTdT, pI2 h FW Hhch? q 4h ? wp % 06",0
hPe AUGHIN,0
e  qug R- yuy-Chocolate Day,0
MD Aftab Hussain is  feeling happy with AakaeBh Kehli and 49 40mins others.  Shashank Raj Pathak and 13 others 48.comments,0
datRaq ch,0
SWShp Smhmh,0
3y,0
. 10:11 AM,0
aa a  -,0
fa JokesWala,0
Majak Lite Pehthe B...,0
78210k Me-1.50 a,0
350 100 40 T41.. yh3,0
Rich Man: 3 qr 14 R 184  3 i2 Ihb Hh g2D Poor Man: qrrae eht Tdsataet...,0
Horala Ha! RIShonal SHARE,0
gAqT fA algcaa ch5dt  Nojoto,0
PUgE en  ie liBats Co,0
HappyFriendship Day e e yn att   t..,0
3 HindiTro,0
f,0
Facebook ya WhatsApp  gh 2686 Bittu,0
H3 P9hh,0
3ky23231 H3 InbKh eele P9hh,0
DEKH BHAYA 20f www.faxtock.cn.Fananstate,0
qfa aa : g? 3is< fa4 a iynE Eb Jhe :Ule IPh *++++hie,0
hh,0
HRI C 33 9hh e,0
enr -f se ne aa an i9 papppe indianFunnyPicture.cor,0
@1379224852  YouTuber  - Youtuber- eN Only happy y,0
Serialss -f Invertor f,0
eeq Hanay Mensnen,0
- Hn.di.in,0
aPhk 10 10 9 h1h,0
33,0
333-4 b46 Girlfriend,0
elnQ A6 h Ih9lb A9h lhg 00 3iR,0
yef 3Tch yG ch< t. $le Flt!t S1s le JlI  3 t d4 Thelmagestatus.in,0
- - k/majaaaktak - -,0
"Jokescoff.com ab a3 SANTA CLAUS -R Jh R Jop P yelc Cq 1 qqif, BJokeScoff JokeScoff Cq 3cd R ga wla a3 DRESS ?oanap pqA Jo3h",0
Posto Helo Lucknowi Gir Happy Winter And Good Morning Daily a #lucknowig f3 DAHCIO ogePay,0
Dad Superhit dialogue.. Facilities University Top . Good night!,0
h 1 idn Jokesll.com,0
yheh i i-aras ... Download Dailyhunt on Play Store,0
ine aajtak.in 192021320P5T 1/6,0
My Watch is half an hour fast. Put it on the table. Translateit At_Eigllsh Skill A1_English Ski,0
hhytfh.. sta JOKESKE USTAD,0
"2 11898 11312 h,14,70 1161 122 h",0
chldA,0
"2h ph 3 ""Wedding Anniversary Slas App q-3   33 2 f",0
hh cattfa,0
Babita Phogat  @BabitaPhogat 9,0
O ShareChat w3mirchic,0
Hoshang Govil 25 Oct 2017 at 12:11 am  So true,0
22546464372 as 33,0
as 101%,0
ofPatidarSir BOOMACADEMYIN elth he,0
Ha: y4r gt pa oisa iE Ple Jhe hlle  ait alf at elsa al Hindim $ lPue lh IgPe q1yr: ar selay ae..,0
Raushan76433199 Replying to @RlchaChadhad h f. . 7:03 PM - 8 May 2018,0
q at t   ft   r  . f,0
#Dialoguee #Reality   .,0
4 AC3 MOSHIN ALIO7,0
ihh %08hhmh 40% i n/jokes.hindi y40%3 3 .,0
9 It,0
It  9 $SmitCreation.com,0
bhh,0
"3TTGT l2 Feb""3dT "" f  s t a Happy Hug Day",0
"Dr. Avni Chaudhary BDrAvnii UPSC ih FAKE A 9:08 PM - 28 Aug 2020 5,037 Retweots15,782 Likos 4605.0K",0
33-4 qq 9thq Girlfriend,0
h H yR (Surf Excel),0
3R it R..... iiteh,0
Kes 2119 Jokes11.com,0
New Year ah Hbsat DKes  New Year  f fayra Jokes11.com,0
hey it?s I eE 2'l OKes 23 31 ftt! Jokes11.com,0
IP>4 yt hl mle H ch le,0
W6y wOy w8y w9x TeI4H$I?54 3cc i!p? b?cp LOLz HAPPY APRIL FOOL JokesWala,0
eswala,0
Ph 3,0
funny laughing status Jokes in Nepali ahcT Talent qfC aT calender HT y9 te Ihe. mreamtkar,0
Nepali jokes ...3a... 9 af 63-K HUR H 4J  th,0
"1Makeupa 6Makeup! disha. 19091990 Phone 6lm aml,6a6Face B90993999 109ID3809I9 aaMakeup a",0
New Year ch kes New Year f ch fayR,0
Suraj Mishra @SurajMi01960371  lF2 bd  P3 P'hIe IP?c EK Lc l^c] [ lc] I IP lF?L liIpp[lI hD'2Ip3I I p5J. k,0
- -3 206,0
ded qR eI 2I e q dIcli ai yg dsgi a panda dlci iell qpP HII6 II IIb qJ www.thoughtsguruji.com,0
"te"" hhle 6888888",0
"DabangStatus.com yareft!! yhtE i H. J$T R aT tR cdcll hT eRaT e, cahoT FHRt t Smartness at ii ? ye f DabangStatus. DabangStatus.",0
2h Posted On: @amesh0323 ShareChat Poppu p oagp hc e RUlesllele Hoppy Propose Day Oh!at f Poppu #rose day GETIT ON Google Play #rose day,0
occ folocder,0
Jokescoff.com aRat Lock6666Q6 e Phone 6 66Face     6 Makeup 3R aS 18510393919 a Makeup  00 yeh 1 909bD193 qof iats,0
c. 2  h 2le  e2hy  2cp I - qstrala aaf sit ax 319a q3RG a5 ene t2BR -,0
Aaj Ka Taaza Message: Smart Msg Pagal CONFUSED? 6swbE ihh April Fool?,0
33D 3lldld...,0
g   agene ae-and ph iar-ek,0
"Gudiya.../. 000 @Gudia_talk si. h 3 Translate-Tweet 5:29 PMDec 26,2020-Twitter for Android",0
Bittu,0
SONG.. PEPSI fDEWf fq-qfq-q f.f.,0
9159926836 3shache 3,0
haRsh 2-2q..,0
..,0
.  hh 9ee,0
"gRqT ch 3TT # 3544 hqT a yE t 3T5HG 33635 ""Toufeek Ahmed""",0
a 3   t a  . a3d  a,0
FB.COM/INDLIVES a  f - 3 iND,0
RCRSI Let go of my collar. You're still asleep. It's big deal for me. Are you intoxicated do early 10:03,0
Joke 4 Happy - Phehhe- /Joke4Happy,0
f 102,0
yeh Gt qull cht.. t a Ge 3iR ARTICLESBILDING.COM,0
ARTICLESBILDING.COM,0
d2phe HG- afay,0
Karan Sharma @IKaransharma27 2020 ee #quf_y,0
j ychs jokes superstar,0
-CEO - 6806 SSHOE PARADISE,0
hh,0
56aaai,0
m. cramge,0
fiot EXCLUSIVE MS Dhoni,0
2 5  Ohyaaro.com,0
maskaree.com,0
Hhtit9 HRRT ARTE,0
@2555140601 r O @1845342451 ShareChat,0
ffaSubscribe now Late Sujit Du,0
12024 41418 He Hlt tib 2e JSE 130 erafaarer,0
PPEPOIe 3iRa4Te aatitsrts Th32p9b,0
faatfaa fae,0
PM,0
fr gotera ra  ter 3PR ffaitaraaaasarafa,0
ebh atlet armalt?,0
easeThhgnlhh inkhabar,0
60MR DE -,0
60MR - DE,0
ffff,0
Hay 3 34T,0
y abfac AlIe,0
i 'anait!,0
alsl,0
56,0
fa3,0
T  3 34T,0
3 PIEI hlint,0
iip,0
e WhatsAppMobi.com,0
h . i,0
A HRA Rean,0
77,0
DEKHBHAI w3mirch.com,0
R   GWaGR   e  a e,0
006 f DELHT,0
eee  Pe paa,0
JU 95 Pe llen ft ar 3e,0
I?? e ? e,0
mackare,0
B!h $ &@P D!h r 33 i!p Jesn!c SP Ip inkhabar,0
e  e 52,0
cY PPL,0
MODI- MAMATA,0
w3mirchi.com PPre,0
WhatsAppMobi.com,0
i pl Ohyaaro.com,0
Ohyaaro.com,0
